Compiling 281 files with Solc 0.8.26
Solc 0.8.26 finished in 3226.82s
Compiler run successful with warnings:
Warning (5667): Unused function parameter. Remove or comment out the variable name to silence this warning.
   --> src/CurveHook.sol:508:41:
    |
508 |     function _handleBuy(address sender, PoolKey calldata key, SwapParams calldata params, uint256 mixETHInput,
    |                                         ^^^^^^^^^^^^^^^^^^^^

Warning (5667): Unused function parameter. Remove or comment out the variable name to silence this warning.
   --> src/CurveHook.sol:508:63:
    |
508 |     function _handleBuy(address sender, PoolKey calldata key, SwapParams calldata params, uint256 mixETHInput,
    |                                                               ^^^^^^^^^^^^^^^^^^^^^^^^^^

Warning (5667): Unused function parameter. Remove or comment out the variable name to silence this warning.
  --> src/ControllerDeployer.sol:46:9:
   |
46 |         PSPToken token,
   |         ^^^^^^^^^^^^^^

Warning (5667): Unused function parameter. Remove or comment out the variable name to silence this warning.
  --> src/ControllerDeployer.sol:47:9:
   |
47 |         IERC20 mixETH,
   |         ^^^^^^^^^^^^^

Warning (5667): Unused function parameter. Remove or comment out the variable name to silence this warning.
  --> src/ControllerDeployer.sol:48:9:
   |
48 |         CurveMath.CurveConfig calldata config,
   |         ^^^^^^^^^^^^^^^^^^^^^^^^^^^^^^^^^^^^^

Warning (5667): Unused function parameter. Remove or comment out the variable name to silence this warning.
  --> src/ControllerDeployer.sol:49:9:
   |
49 |         address ownerFactory,
   |         ^^^^^^^^^^^^^^^^^^^^

Warning (5667): Unused function parameter. Remove or comment out the variable name to silence this warning.
  --> src/ControllerDeployer.sol:50:9:
   |
50 |         address descriptor,
   |         ^^^^^^^^^^^^^^^^^^

Warning (5667): Unused function parameter. Remove or comment out the variable name to silence this warning.
  --> src/ControllerDeployer.sol:51:9:
   |
51 |         StakerDeployer stakerDeployer
   |         ^^^^^^^^^^^^^^^^^^^^^^^^^^^^^

Warning (2072): Unused local variable.
  --> script/DriveAnvil.s.sol:91:9:
   |
91 |         uint256 bobNft = staker.primaryOf(bob);
   |         ^^^^^^^^^^^^^^

Warning (2072): Unused local variable.
  --> test/integration/V4SwapRouter.sol:88:9:
   |
88 |         Currency outCurrency = zeroForOne
   |         ^^^^^^^^^^^^^^^^^^^^

Warning (2072): Unused local variable.
   --> test/unit/CurveMathAdversarial.t.sol:145:9:
    |
145 |         uint256 S_inf = 100_000_000e18;
    |         ^^^^^^^^^^^^^

Warning (2072): Unused local variable.
   --> test/wave2/auditorB/B5_Zaps.t.sol:185:9:
    |
185 |         uint256 ethOut = zapOut.zapOut(key, out - 1e15, 0, 0);
    |         ^^^^^^^^^^^^^^

Warning (2072): Unused local variable.
   --> test/wave2/auditorC/C1_HookSquatDoS.t.sol:158:13:
    |
158 |             bytes32 tokenSalt, // slot 3 — was misread as hookSalt (the C-1 miss)
    |             ^^^^^^^^^^^^^^^^^

Warning (2018): Function state mutability can be restricted to pure
  --> src/utils/HookMiner.sol:24:5:
   |
24 |     function find(address deployer, uint160 flags, bytes memory creationCode, bytes memory constructorArgs)
   |     ^ (Relevant source part starts here and spans across multiple lines).

Warning (2018): Function state mutability can be restricted to pure
   --> src/utils/HookMiner.sol:148:5:
    |
148 |     function nextCandidateCapped(
    |     ^ (Relevant source part starts here and spans across multiple lines).

Warning (2018): Function state mutability can be restricted to view
  --> src/names/PSPRemoteNameGate.sol:65:5:
   |
65 |     function renounceOwnership() public override onlyOwner { revert KeepRecoveryAdmin(); }
   |     ^^^^^^^^^^^^^^^^^^^^^^^^^^^^^^^^^^^^^^^^^^^^^^^^^^^^^^^^^^^^^^^^^^^^^^^^^^^^^^^^^^^^^^

Warning (2018): Function state mutability can be restricted to pure
   --> test/attack/NK24Math.t.sol:155:5:
    |
155 |     function test_NK_SplitBuysNeverBeatSingle(uint256 seed) public view {
    |     ^ (Relevant source part starts here and spans across multiple lines).

Warning (2018): Function state mutability can be restricted to pure
   --> test/attack/NK24Math.t.sol:205:5:
    |
205 |     function test_NK_SplitSellsAreNeutral(uint256 seed) public view {
    |     ^ (Relevant source part starts here and spans across multiple lines).

Warning (2018): Function state mutability can be restricted to pure
   --> test/attack/NK24Math.t.sol:232:5:
    |
232 |     function test_NK_NewtonConvergenceSoundness(uint256 seed) public view {
    |     ^ (Relevant source part starts here and spans across multiple lines).

Warning (2018): Function state mutability can be restricted to pure
  --> test/attack/NK24Repro.t.sol:85:5:
   |
85 |     function test_NK_WorstAllowedShape_ConservativeMint() public {
   |     ^ (Relevant source part starts here and spans across multiple lines).

Warning (2018): Function state mutability can be restricted to pure
  --> test/audit/ProbeM2.t.sol:31:5:
   |
31 |     function test_M2_A1_Repro() public {
   |     ^ (Relevant source part starts here and spans across multiple lines).

Warning (2018): Function state mutability can be restricted to pure
  --> test/audit/ProbeM2.t.sol:57:5:
   |
57 |     function test_M2_A4_Repro() public {
   |     ^ (Relevant source part starts here and spans across multiple lines).

Warning (2018): Function state mutability can be restricted to view
  --> test/dinosat/SineV3MathSymbolic.t.sol:53:5:
   |
53 |     function test_check_domain_rejects_above_max() public {
   |     ^ (Relevant source part starts here and spans across multiple lines).

Warning (2018): Function state mutability can be restricted to view
  --> test/dinosat/SineV3MathSymbolic.t.sol:63:5:
   |
63 |     function test_check_domain_admits_boundary() public {
   |     ^ (Relevant source part starts here and spans across multiple lines).

Warning (2018): Function state mutability can be restricted to view
  --> test/dinosat/SineV3MathSymbolic.t.sol:73:5:
   |
73 |     function test_check_domain_rejects_bad_pl() public {
   |     ^ (Relevant source part starts here and spans across multiple lines).

Warning (2018): Function state mutability can be restricted to view
   --> test/unit/ClockDetonation.t.sol:105:5:
    |
105 |     function _assertSeat(uint256 idx, address who, uint256 pspAmt, string memory errWho, string memory errAmt)
    |     ^ (Relevant source part starts here and spans across multiple lines).

Warning (2018): Function state mutability can be restricted to view
   --> test/unit/ClockDetonation.t.sol:615:5:
    |
615 |     function _assertSuccessorBorn() internal {
    |     ^ (Relevant source part starts here and spans across multiple lines).

Warning (2018): Function state mutability can be restricted to view
  --> test/unit/CurveMath.t.sol:58:5:
   |
58 |     function test_PriceMonotonicIncreasing() public {
   |     ^ (Relevant source part starts here and spans across multiple lines).

Warning (2018): Function state mutability can be restricted to view
  --> test/unit/CurveMath.t.sol:67:5:
   |
67 |     function test_PriceInflectionContinuous() public {
   |     ^ (Relevant source part starts here and spans across multiple lines).

Warning (2018): Function state mutability can be restricted to view
  --> test/unit/CurveMath.t.sol:81:5:
   |
81 |     function test_FirstBuy() public {
   |     ^ (Relevant source part starts here and spans across multiple lines).

Warning (2018): Function state mutability can be restricted to view
  --> test/unit/CurveMath.t.sol:89:5:
   |
89 |     function test_BuyZeroETH() public {
   |     ^ (Relevant source part starts here and spans across multiple lines).

Warning (2018): Function state mutability can be restricted to view
  --> test/unit/CurveMath.t.sol:93:5:
   |
93 |     function test_BuyIncreasesSupplyAndPrice() public {
   |     ^ (Relevant source part starts here and spans across multiple lines).

Warning (2018): Function state mutability can be restricted to view
   --> test/unit/CurveMath.t.sol:114:5:
    |
114 |     function test_SellZeroPSP() public {
    |     ^ (Relevant source part starts here and spans across multiple lines).

Warning (2018): Function state mutability can be restricted to view
   --> test/unit/CurveMath.t.sol:118:5:
    |
118 |     function test_SellMoreThanSupply() public {
    |     ^ (Relevant source part starts here and spans across multiple lines).

Warning (2018): Function state mutability can be restricted to view
   --> test/unit/CurveMath.t.sol:122:5:
    |
122 |     function test_SellDecreasesPrice() public {
    |     ^ (Relevant source part starts here and spans across multiple lines).

Warning (2018): Function state mutability can be restricted to view
   --> test/unit/CurveMath.t.sol:140:5:
    |
140 |     function test_BuyThenSellRoundTrip() public {
    |     ^ (Relevant source part starts here and spans across multiple lines).

Warning (2018): Function state mutability can be restricted to view
   --> test/unit/CurveMath.t.sol:153:5:
    |
153 |     function test_BuyThenSellAtHigherSupply() public {
    |     ^ (Relevant source part starts here and spans across multiple lines).

Warning (2018): Function state mutability can be restricted to view
   --> test/unit/CurveMath.t.sol:161:5:
    |
161 |     function test_SmallSwapLowSlippage() public {
    |     ^ (Relevant source part starts here and spans across multiple lines).

Warning (2018): Function state mutability can be restricted to view
   --> test/unit/CurveMath.t.sol:185:5:
    |
185 |     function test_MultiCurve_PriceMonotonic() public {
    |     ^ (Relevant source part starts here and spans across multiple lines).

Warning (2018): Function state mutability can be restricted to view
   --> test/unit/CurveMath.t.sol:205:5:
    |
205 |     function test_MultiCurve_BoundaryContinuity() public {
    |     ^ (Relevant source part starts here and spans across multiple lines).

Warning (2018): Function state mutability can be restricted to view
   --> test/unit/CurveMath.t.sol:219:5:
    |
219 |     function test_MultiCurve_ZonesHaveDifferentGrowthRates() public {
    |     ^ (Relevant source part starts here and spans across multiple lines).

Warning (2018): Function state mutability can be restricted to view
   --> test/unit/CurveMath.t.sol:231:5:
    |
231 |     function test_MultiCurve_SecondExpBurstFaster() public {
    |     ^ (Relevant source part starts here and spans across multiple lines).

Warning (2018): Function state mutability can be restricted to view
   --> test/unit/CurveMath.t.sol:242:5:
    |
242 |     function test_MultiCurve_RoundTrip() public {
    |     ^ (Relevant source part starts here and spans across multiple lines).

Warning (2018): Function state mutability can be restricted to view
   --> test/unit/CurveMath.t.sol:250:5:
    |
250 |     function test_MultiCurve_CrossBoundarySwap() public {
    |     ^ (Relevant source part starts here and spans across multiple lines).

Warning (2018): Function state mutability can be restricted to view
   --> test/unit/CurveMath.t.sol:289:5:
    |
289 |     function testFuzz_RoundTrip(uint256 ethInput) public {
    |     ^ (Relevant source part starts here and spans across multiple lines).

Warning (2018): Function state mutability can be restricted to view
   --> test/unit/CurveMath.t.sol:301:5:
    |
301 |     function testFuzz_MultiRoundTrip(uint256 ethInput) public {
    |     ^ (Relevant source part starts here and spans across multiple lines).

Warning (2018): Function state mutability can be restricted to view
   --> test/unit/CurveMath.t.sol:312:5:
    |
312 |     function testFuzz_BuyAtArbitrarySupply(uint256 ethInput, uint256 supply) public {
    |     ^ (Relevant source part starts here and spans across multiple lines).

Warning (2018): Function state mutability can be restricted to pure
   --> test/unit/CurveMath.t.sol:347:5:
    |
347 |     function test_TimingsPackRoundtrip() public {
    |     ^ (Relevant source part starts here and spans across multiple lines).

Warning (2018): Function state mutability can be restricted to pure
   --> test/unit/CurveMath.t.sol:359:5:
    |
359 |     function test_TimingsPackCappedRoundtrip() public {
    |     ^ (Relevant source part starts here and spans across multiple lines).

Warning (2018): Function state mutability can be restricted to pure
   --> test/unit/CurveMath.t.sol:376:5:
    |
376 |     function test_TimingsFullAxisRoundtrip() public {
    |     ^ (Relevant source part starts here and spans across multiple lines).

Warning (2018): Function state mutability can be restricted to view
  --> test/unit/CurveMathAdversarial.t.sol:77:5:
   |
77 |     function test_Atom_SellOneWei() public {
   |     ^ (Relevant source part starts here and spans across multiple lines).

Warning (2018): Function state mutability can be restricted to view
  --> test/unit/CurveMathAdversarial.t.sol:94:5:
   |
94 |     function test_Atom_MicroSwapAlternation() public {
   |     ^ (Relevant source part starts here and spans across multiple lines).

Warning (2018): Function state mutability can be restricted to view
   --> test/unit/CurveMathAdversarial.t.sol:127:5:
    |
127 |     function test_ZoneBoundary_PriceContinuityAtBoundary() public {
    |     ^ (Relevant source part starts here and spans across multiple lines).

Warning (2018): Function state mutability can be restricted to view
   --> test/unit/CurveMathAdversarial.t.sol:144:5:
    |
144 |     function test_ZoneBoundary_CrossAndReturnRoundTrip() public {
    |     ^ (Relevant source part starts here and spans across multiple lines).

Warning (2018): Function state mutability can be restricted to view
   --> test/unit/CurveMathAdversarial.t.sol:158:5:
    |
158 |     function test_ZoneBoundary_MultiCrossAllBoundaries() public {
    |     ^ (Relevant source part starts here and spans across multiple lines).

Warning (2018): Function state mutability can be restricted to view
   --> test/unit/CurveMathAdversarial.t.sol:180:5:
    |
180 |     function test_Sandwich_AttackerCannotExtractMoreThanSlippage() public {
    |     ^ (Relevant source part starts here and spans across multiple lines).

Warning (2018): Function state mutability can be restricted to view
   --> test/unit/CurveMathAdversarial.t.sol:223:5:
    |
223 |     function test_Sandwich_LargeFrontrunRoundTripsCorrectly() public {
    |     ^ (Relevant source part starts here and spans across multiple lines).

Warning (2018): Function state mutability can be restricted to view
   --> test/unit/CurveMathAdversarial.t.sol:246:5:
    |
246 |     function test_Drain_SellEntireSupply() public {
    |     ^ (Relevant source part starts here and spans across multiple lines).

Warning (2018): Function state mutability can be restricted to view
   --> test/unit/CurveMathAdversarial.t.sol:255:5:
    |
255 |     function test_Drain_SellMoreThanSupply() public {
    |     ^ (Relevant source part starts here and spans across multiple lines).

Warning (2018): Function state mutability can be restricted to view
   --> test/unit/CurveMathAdversarial.t.sol:262:5:
    |
262 |     function test_Drain_SellSupplyMinus1() public {
    |     ^ (Relevant source part starts here and spans across multiple lines).

Warning (2018): Function state mutability can be restricted to view
   --> test/unit/CurveMathAdversarial.t.sol:273:5:
    |
273 |     function test_Drain_RepeatedCyclesNoProfit() public {
    |     ^ (Relevant source part starts here and spans across multiple lines).

Warning (2018): Function state mutability can be restricted to view
   --> test/unit/CurveMathAdversarial.t.sol:305:5:
    |
305 |     function test_Convexity_DoubleBuyGetsWorseRate() public {
    |     ^ (Relevant source part starts here and spans across multiple lines).

Warning (2018): Function state mutability can be restricted to view
   --> test/unit/CurveMathAdversarial.t.sol:324:5:
    |
324 |     function test_Convexity_AveragePriceBounded() public {
    |     ^ (Relevant source part starts here and spans across multiple lines).

Warning (2018): Function state mutability can be restricted to view
   --> test/unit/CurveMathAdversarial.t.sol:339:5:
    |
339 |     function test_Convexity_LargerBuyHigherAvgPrice() public {
    |     ^ (Relevant source part starts here and spans across multiple lines).

Warning (2018): Function state mutability can be restricted to view
   --> test/unit/CurveMathAdversarial.t.sol:359:5:
    |
359 |     function test_MultiHop_ThreeRoundTripsMonotonicLoss() public {
    |     ^ (Relevant source part starts here and spans across multiple lines).

Warning (2018): Function state mutability can be restricted to view
   --> test/unit/CurveMathAdversarial.t.sol:382:5:
    |
382 |     function test_MultiHop_MultiCurveFiveRoundTrips() public {
    |     ^ (Relevant source part starts here and spans across multiple lines).

Warning (2018): Function state mutability can be restricted to view
   --> test/unit/CurveMathAdversarial.t.sol:408:5:
    |
408 |     function test_Extreme_SteepCurveRoundTrip() public {
    |     ^ (Relevant source part starts here and spans across multiple lines).

Warning (2018): Function state mutability can be restricted to view
   --> test/unit/CurveMathAdversarial.t.sol:417:5:
    |
417 |     function test_Extreme_FlatCurveConstantPrice() public {
    |     ^ (Relevant source part starts here and spans across multiple lines).

Warning (2018): Function state mutability can be restricted to view
   --> test/unit/CurveMathAdversarial.t.sol:429:5:
    |
429 |     function test_Extreme_FlatCurveExactMultiplication() public {
    |     ^ (Relevant source part starts here and spans across multiple lines).

Warning (2018): Function state mutability can be restricted to view
   --> test/unit/CurveMathAdversarial.t.sol:449:5:
    |
449 |     function test_Precision_SellOneWeiAtVariousSupply() public {
    |     ^ (Relevant source part starts here and spans across multiple lines).

Warning (2018): Function state mutability can be restricted to view
   --> test/unit/CurveMathAdversarial.t.sol:465:5:
    |
465 |     function test_Precision_ManyTinyBuysVsOneBig() public {
    |     ^ (Relevant source part starts here and spans across multiple lines).

Warning (2018): Function state mutability can be restricted to view
   --> test/unit/CurveMathAdversarial.t.sol:497:5:
    |
497 |     function testFuzz_RoundTripAtSupplyDeciles(uint256 ethIn) public {
    |     ^ (Relevant source part starts here and spans across multiple lines).

Warning (2018): Function state mutability can be restricted to view
   --> test/unit/CurveMathAdversarial.t.sol:517:5:
    |
517 |     function testFuzz_SellFractionScales(uint256 fraction) public {
    |     ^ (Relevant source part starts here and spans across multiple lines).

Warning (2018): Function state mutability can be restricted to view
   --> test/unit/CurveMathAdversarial.t.sol:538:5:
    |
538 |     function testFuzz_MultiCurveRoundTripPerZone(uint256 zoneIdx) public {
    |     ^ (Relevant source part starts here and spans across multiple lines).

Warning (2018): Function state mutability can be restricted to view
   --> test/unit/CurveMathAdversarial.t.sol:564:5:
    |
564 |     function test_Integral_ZeroLength() public {
    |     ^ (Relevant source part starts here and spans across multiple lines).

Warning (2018): Function state mutability can be restricted to view
   --> test/unit/CurveMathAdversarial.t.sol:569:5:
    |
569 |     function test_Integral_MonotonicInUpperBound() public {
    |     ^ (Relevant source part starts here and spans across multiple lines).

Warning (2018): Function state mutability can be restricted to view
   --> test/unit/CurveMathAdversarial.t.sol:580:5:
    |
580 |     function test_Integral_BuyOutputMatchesInput() public {
    |     ^ (Relevant source part starts here and spans across multiple lines).

Warning (2018): Function state mutability can be restricted to view
   --> test/unit/CurveMathAdversarial.t.sol:594:5:
    |
594 |     function test_Integral_SplitAtBoundaryCorrectness() public {
    |     ^ (Relevant source part starts here and spans across multiple lines).

Warning (2018): Function state mutability can be restricted to view
   --> test/unit/CurveMathAdversarial.t.sol:615:5:
    |
615 |     function test_GasBomb_LargeBuy() public {
    |     ^ (Relevant source part starts here and spans across multiple lines).

Warning (2018): Function state mutability can be restricted to view
   --> test/unit/CurveMathAdversarial.t.sol:622:5:
    |
622 |     function test_GasBomb_BuyNearMaxSupply() public {
    |     ^ (Relevant source part starts here and spans across multiple lines).

Warning (2018): Function state mutability can be restricted to pure
   --> test/unit/CurveMathAdversarial.t.sol:630:5:
    |
630 |     function test_GasBomb_TenZoneCurve() public {
    |     ^ (Relevant source part starts here and spans across multiple lines).

Warning (2018): Function state mutability can be restricted to pure
   --> test/unit/CurveMathAdversarial.t.sol:668:5:
    |
668 |     function externalMultiCurveMismatched(
    |     ^ (Relevant source part starts here and spans across multiple lines).

Warning (2018): Function state mutability can be restricted to pure
   --> test/unit/CurveMathAdversarial.t.sol:689:5:
    |
689 |     function externalMultiCurveBadBoundary(
    |     ^ (Relevant source part starts here and spans across multiple lines).

Warning (2018): Function state mutability can be restricted to pure
   --> test/unit/CurveMathAdversarial.t.sol:696:5:
    |
696 |     function test_MultiCurve_ConsecutiveZonesContinuous() public {
    |     ^ (Relevant source part starts here and spans across multiple lines).

Warning (2018): Function state mutability can be restricted to view
   --> test/unit/PlaytestFixes2.t.sol:160:5:
    |
160 |     function test_FactoryViews_Round1() public {
    |     ^ (Relevant source part starts here and spans across multiple lines).

Warning (2018): Function state mutability can be restricted to view
   --> test/unit/ZapPredeposit.t.sol:146:5:
    |
146 |     function test_EIP170_ZapsUnderLimit() public {
    |     ^ (Relevant source part starts here and spans across multiple lines).

Warning (2018): Function state mutability can be restricted to pure
   --> test/wave2/auditorB/B4_CurveMathFuzz.t.sol:105:5:
    |
105 |     function test_B4a2_dustSupplyOvershoot_pinned() public {
    |     ^ (Relevant source part starts here and spans across multiple lines).

Warning (2018): Function state mutability can be restricted to pure
   --> test/wave2/auditorB/B4_CurveMathFuzz.t.sol:172:5:
    |
172 |     function test_B4b_FIXED_subBpsRegimeNowConservative() public {
    |     ^ (Relevant source part starts here and spans across multiple lines).

Warning (2018): Function state mutability can be restricted to pure
   --> test/wave2/auditorB/B4_CurveMathFuzz.t.sol:193:5:
    |
193 |     function test_B4b_FIXED_overMintBeyondIntegral_deterministic() public {
    |     ^ (Relevant source part starts here and spans across multiple lines).

Warning (2018): Function state mutability can be restricted to pure
   --> test/wave2/auditorB/B4_CurveMathFuzz.t.sol:203:5:
    |
203 |     function test_B4b2_roundTripLoses_production_fuzz(uint128 input) public {
    |     ^ (Relevant source part starts here and spans across multiple lines).

Warning (2018): Function state mutability can be restricted to pure
   --> test/wave2/auditorB/B4_CurveMathFuzz.t.sol:214:5:
    |
214 |     function test_B4c_priceMonotone_fuzz(uint64 seed, uint128 supply) public {
    |     ^ (Relevant source part starts here and spans across multiple lines).

Warning (2018): Function state mutability can be restricted to pure
   --> test/wave2/auditorB/B4_CurveMathFuzz.t.sol:223:5:
    |
223 |     function test_B4d_noPanicAtScale_fuzz(uint64 seed) public view {
    |     ^ (Relevant source part starts here and spans across multiple lines).

Warning (2018): Function state mutability can be restricted to pure
   --> test/wave2/auditorB/B4_CurveMathFuzz.t.sol:251:5:
    |
251 |     function test_B4f_sellAboveMaxSupplyWrongSegment_library() public {
    |     ^ (Relevant source part starts here and spans across multiple lines).

Warning (2018): Function state mutability can be restricted to pure
   --> test/wave2/auditorB/B4_CurveMathFuzz.t.sol:277:5:
    |
277 |     function test_B4h_logRateExactlyOneNoPanic() public view {
    |     ^ (Relevant source part starts here and spans across multiple lines).

Warning (2018): Function state mutability can be restricted to pure
   --> test/wave2/auditorB/B4_CurveMathFuzz.t.sol:285:5:
    |
285 |     function test_B4i_maxSteepnessNoPanic() public view {
    |     ^ (Relevant source part starts here and spans across multiple lines).

Warning (2018): Function state mutability can be restricted to pure
   --> test/wave2/auditorB/B4_CurveMathFuzz.t.sol:297:5:
    |
297 |     function test_B4j_multiOscillationRoundTrip(uint64 seed) public {
    |     ^ (Relevant source part starts here and spans across multiple lines).

Warning (2018): Function state mutability can be restricted to pure
   --> test/wave2/auditorB/B4_CurveMathFuzz.t.sol:333:5:
    |
333 |     function test_B4j_FIXED_segmentationTelescopesExactly() public {
    |     ^ (Relevant source part starts here and spans across multiple lines).

Warning (2018): Function state mutability can be restricted to pure
   --> test/wave2/auditorB/B4_CurveMathFuzz.t.sol:373:5:
    |
373 |     function test_B4j_FIXED_chopBuyBulkSellLosesFees() public {
    |     ^ (Relevant source part starts here and spans across multiple lines).

note[mixed-case-variable]: mutable variables should use mixedCase
  --> test/unit/Vesting.t.sol:34:16
   |
34 |     MockMixETH mixETH;
   |                ^^^^^^ help: consider using: `mixEth`
   |
   = help: https://book.getfoundry.sh/reference/forge/forge-lint#mixed-case-variable

note[mixed-case-variable]: mutable variables should use mixedCase
  --> src/PSPReferralRegistry.sol:95:22
   |
95 |     uint24[5] public TIER_BPS = [8000, 1200, 500, 200, 100];
   |                      ^^^^^^^^ help: consider using: `tierBps`
   |
   = help: https://book.getfoundry.sh/reference/forge/forge-lint#mixed-case-variable

note[screaming-snake-case-immutable]: immutables should use SCREAMING_SNAKE_CASE
   --> src/PSPReferralRegistry.sol:101:33
    |
101 |     IPSPStaker public immutable staker; // this round's staker (min-stake oracle)
    |                                 ^^^^^^ help: consider using: `STAKER`
    |
    = help: https://book.getfoundry.sh/reference/forge/forge-lint#screaming-snake-case-immutable

note[mixed-case-variable]: mutable variables should use mixedCase
   --> src/PSPReferralRegistry.sol:120:42
    |
120 |     constructor(address _staker, uint256 _minStakePSP) {
    |                                          ^^^^^^^^^^^^ help: consider using: `_minStakePsp`
    |
    = help: https://book.getfoundry.sh/reference/forge/forge-lint#mixed-case-variable

note[screaming-snake-case-immutable]: immutables should use SCREAMING_SNAKE_CASE
   --> test/FableBreakAttempts.t.sol:551:35
    |
551 |     IPoolManager public immutable pm;
    |                                   ^^ help: consider using: `PM`
    |
    = help: https://book.getfoundry.sh/reference/forge/forge-lint#screaming-snake-case-immutable

note[screaming-snake-case-immutable]: immutables should use SCREAMING_SNAKE_CASE
   --> test/FableBreakAttempts.t.sol:552:29
    |
552 |     IERC20 public immutable mix;
    |                             ^^^ help: consider using: `MIX`
    |
    = help: https://book.getfoundry.sh/reference/forge/forge-lint#screaming-snake-case-immutable

note[screaming-snake-case-immutable]: immutables should use SCREAMING_SNAKE_CASE
  --> src/names/PSPStakeNameGate.sol:23:39
   |
23 |     INameGateFactory public immutable factory;
   |                                       ^^^^^^^ help: consider using: `FACTORY`
   |
   = help: https://book.getfoundry.sh/reference/forge/forge-lint#screaming-snake-case-immutable

note[mixed-case-function]: function names should use mixedCase
  --> test/ReinvestAllocation.t.sol:28:14
   |
28 |     function MIN_BUY_INPUT() external pure returns (uint256) {
   |              ^^^^^^^^^^^^^ help: consider using: `minBuyInput`
   |
   = help: https://book.getfoundry.sh/reference/forge/forge-lint#mixed-case-function

note[screaming-snake-case-immutable]: immutables should use SCREAMING_SNAKE_CASE
  --> test/ReinvestAllocation.t.sol:34:40
   |
34 |     AllocationToken internal immutable mix;
   |                                        ^^^ help: consider using: `MIX`
   |
   = help: https://book.getfoundry.sh/reference/forge/forge-lint#screaming-snake-case-immutable

note[screaming-snake-case-immutable]: immutables should use SCREAMING_SNAKE_CASE
  --> test/ReinvestAllocation.t.sol:35:40
   |
35 |     AllocationToken internal immutable psp;
   |                                        ^^^ help: consider using: `PSP`
   |
   = help: https://book.getfoundry.sh/reference/forge/forge-lint#screaming-snake-case-immutable

note[screaming-snake-case-immutable]: immutables should use SCREAMING_SNAKE_CASE
  --> test/ReinvestAllocation.t.sol:36:39
   |
36 |     IRoundController public immutable controller;
   |                                       ^^^^^^^^^^ help: consider using: `CONTROLLER`
   |
   = help: https://book.getfoundry.sh/reference/forge/forge-lint#screaming-snake-case-immutable

note[screaming-snake-case-immutable]: immutables should use SCREAMING_SNAKE_CASE
  --> test/ReinvestAllocation.t.sol:37:30
   |
37 |     address public immutable owner;
   |                              ^^^^^ help: consider using: `OWNER`
   |
   = help: https://book.getfoundry.sh/reference/forge/forge-lint#screaming-snake-case-immutable

note[named-struct-fields]: prefer initializing structs with named fields
   --> src/PSPReferralRegistry.sol:219:40
    |
219 |         bytes memory data = abi.encode(Purchase(key, mixIn, minPspOut, msg.sender, mixIsZero, maxTicketPrice));
    |                                        ^^^^^^^^^^^^^^^^^^^^^^^^^^^^^^^^^^^^^^^^^^^^^^^^^^^^^^^^^^^^^^^^^^^^^^ help: consider using named fields: `Purchase({ key: key, mixIn: mixIn, minPspOut: minPspOut, buyer: msg.sender, mixIsZero: mixIsZero, maxTicketPrice: maxTicketPrice })`
    |
    = help: https://book.getfoundry.sh/reference/forge/forge-lint#named-struct-fields

warning[unsafe-typecast]: typecasts that can truncate values should be checked
   --> src/PSPReferralRegistry.sol:244:28
    |
244 |         if (output <= 0 || uint256(output) < p.minPspOut) revert InsufficientOutput();
    |                            ^^^^^^^^^^^^^^^
    |
    = note: consider disabling this lint if you're certain the cast is safe
            
            // casting to 'uint256' is safe because [explain why]
            // forge-lint: disable-next-line(unsafe-typecast)
            
            
    = help: https://book.getfoundry.sh/reference/forge/forge-lint#unsafe-typecast

note[mixed-case-function]: function names should use mixedCase
   --> src/PepeDescriptor.sol:151:14
    |
151 |     function renderSVG(uint256 dna) public pure returns (string memory) {
    |              ^^^^^^^^^ help: consider using: `renderSvg`
    |
    = help: https://book.getfoundry.sh/reference/forge/forge-lint#mixed-case-function

note[mixed-case-variable]: mutable variables should use mixedCase
  --> src/PSPStaker.sol:79:78
   |
79 |     event FeesDeferred(address indexed user, uint256 indexed pepeId, uint256 mixETHAmount);
   |                                                                              ^^^^^^^^^^^^ help: consider using: `mixEthAmount`
   |
   = help: https://book.getfoundry.sh/reference/forge/forge-lint#mixed-case-variable

note[mixed-case-variable]: mutable variables should use mixedCase
   --> src/PSPStaker.sol:130:20
    |
130 |     uint256 public pendingFeesMixETH; // orphaned (zero-weight) fees + rolling remainder
    |                    ^^^^^^^^^^^^^^^^^ help: consider using: `pendingFeesMixEth`
    |
    = help: https://book.getfoundry.sh/reference/forge/forge-lint#mixed-case-variable

note[screaming-snake-case-immutable]: immutables should use SCREAMING_SNAKE_CASE
   --> src/PSPStaker.sol:151:29
    |
151 |     IERC20 public immutable psp;
    |                             ^^^ help: consider using: `PSP`
    |
    = help: https://book.getfoundry.sh/reference/forge/forge-lint#screaming-snake-case-immutable

note[screaming-snake-case-immutable]: immutables should use SCREAMING_SNAKE_CASE
   --> src/PSPStaker.sol:152:39
    |
152 |     IRoundController public immutable controller;
    |                                       ^^^^^^^^^^ help: consider using: `CONTROLLER`
    |
    = help: https://book.getfoundry.sh/reference/forge/forge-lint#screaming-snake-case-immutable

note[screaming-snake-case-const]: constants should use SCREAMING_SNAKE_CASE
   --> src/PSPStaker.sol:163:28
    |
163 |     string public constant name = "Positive Sum Pepe Position";
    |                            ^^^^ help: consider using: `NAME`
    |
    = help: https://book.getfoundry.sh/reference/forge/forge-lint#screaming-snake-case-const

note[screaming-snake-case-const]: constants should use SCREAMING_SNAKE_CASE
   --> src/PSPStaker.sol:164:28
    |
164 |     string public constant symbol = "PSPP";
    |                            ^^^^^^ help: consider using: `SYMBOL`
    |
    = help: https://book.getfoundry.sh/reference/forge/forge-lint#screaming-snake-case-const

note[mixed-case-function]: function names should use mixedCase
  --> src/interfaces/IRoundController.sol:10:14
   |
10 |     function getPSP() external view returns (address);
   |              ^^^^^^ help: consider using: `getPsp`
   |
   = help: https://book.getfoundry.sh/reference/forge/forge-lint#mixed-case-function

note[mixed-case-function]: function names should use mixedCase
  --> src/interfaces/IRoundController.sol:11:14
   |
11 |     function getMixETH() external view returns (Currency);
   |              ^^^^^^^^^ help: consider using: `getMixEth`
   |
   = help: https://book.getfoundry.sh/reference/forge/forge-lint#mixed-case-function

note[mixed-case-function]: function names should use mixedCase
  --> src/interfaces/IRoundController.sol:14:14
   |
14 |     function mixETHToETH(uint256 mixETHAmount) external view returns (uint256);
   |              ^^^^^^^^^^^ help: consider using: `mixEthToEth`
   |
   = help: https://book.getfoundry.sh/reference/forge/forge-lint#mixed-case-function

note[screaming-snake-case-immutable]: immutables should use SCREAMING_SNAKE_CASE
  --> test/ReinvestAllocation.t.sol:93:40
   |
93 |     AllocationToken internal immutable mix;
   |                                        ^^^ help: consider using: `MIX`
   |
   = help: https://book.getfoundry.sh/reference/forge/forge-lint#screaming-snake-case-immutable

note[screaming-snake-case-immutable]: immutables should use SCREAMING_SNAKE_CASE
  --> test/ReinvestAllocation.t.sol:94:40
   |
94 |     AllocationToken internal immutable psp;
   |                                        ^^^ help: consider using: `PSP`
   |
   = help: https://book.getfoundry.sh/reference/forge/forge-lint#screaming-snake-case-immutable

note[screaming-snake-case-immutable]: immutables should use SCREAMING_SNAKE_CASE
   --> src/PSPStaker.sol:184:30
    |
184 |     address public immutable descriptor;
    |                              ^^^^^^^^^^ help: consider using: `DESCRIPTOR`
    |
    = help: https://book.getfoundry.sh/reference/forge/forge-lint#screaming-snake-case-immutable

note[screaming-snake-case-immutable]: immutables should use SCREAMING_SNAKE_CASE
   --> src/PSPStaker.sol:196:31
    |
196 |     uint256 private immutable _artCombinations;
    |                               ^^^^^^^^^^^^^^^^ help: consider using: `_ART_COMBINATIONS`
    |
    = help: https://book.getfoundry.sh/reference/forge/forge-lint#screaming-snake-case-immutable

warning[unsafe-typecast]: typecasts that can truncate values should be checked
   --> src/PSPReferralRegistry.sol:245:80
    |
245 |         manager.take(p.mixIsZero ? p.key.currency1 : p.key.currency0, p.buyer, uint256(output));
    |                                                                                ^^^^^^^^^^^^^^^
    |
    = note: consider disabling this lint if you're certain the cast is safe
            
            // casting to 'uint256' is safe because [explain why]
            // forge-lint: disable-next-line(unsafe-typecast)
            
            
    = help: https://book.getfoundry.sh/reference/forge/forge-lint#unsafe-typecast

warning[unsafe-typecast]: typecasts that can truncate values should be checked
   --> src/PSPReferralRegistry.sol:246:27
    |
246 |         return abi.encode(uint256(output));
    |                           ^^^^^^^^^^^^^^^
    |
    = note: consider disabling this lint if you're certain the cast is safe
            
            // casting to 'uint256' is safe because [explain why]
            // forge-lint: disable-next-line(unsafe-typecast)
            
            
    = help: https://book.getfoundry.sh/reference/forge/forge-lint#unsafe-typecast

note[unsafe-cheatcode]: usage of unsafe cheatcodes that can perform dangerous operations
  --> test/dinosat/HookRulesSymbolic.t.sol:91:12
   |
91 |         vm.writeFile("out/hook-rules-runtime.hex", vm.toString(address(actual).code));
   |            ^^^^^^^^^
   |
   = help: https://book.getfoundry.sh/reference/forge/forge-lint#unsafe-cheatcode

note[mixed-case-function]: function names should use mixedCase
   --> test/dinosat/HookRulesSymbolic.t.sol:103:14
    |
103 |     function check_ticket_interval(uint256 pot, uint256 unrelatedGenesisPot) public {
    |              ^^^^^^^^^^^^^^^^^^^^^ help: consider using: `checkTicketInterval`
    |
    = help: https://book.getfoundry.sh/reference/forge/forge-lint#mixed-case-function

note[screaming-snake-case-immutable]: immutables should use SCREAMING_SNAKE_CASE
   --> src/PSPStaker.sol:200:31
    |
200 |     bytes32 private immutable _genesisArtSeed;
    |                               ^^^^^^^^^^^^^^^ help: consider using: `_GENESIS_ART_SEED`
    |
    = help: https://book.getfoundry.sh/reference/forge/forge-lint#screaming-snake-case-immutable

note[mixed-case-variable]: mutable variables should use mixedCase
  --> src/interfaces/IRoundController.sol:14:34
   |
14 |     function mixETHToETH(uint256 mixETHAmount) external view returns (uint256);
   |                                  ^^^^^^^^^^^^ help: consider using: `mixEthAmount`
   |
   = help: https://book.getfoundry.sh/reference/forge/forge-lint#mixed-case-variable

note[mixed-case-function]: function names should use mixedCase
  --> src/interfaces/IRoundController.sol:17:14
   |
17 |     function mintPSPForSwap(uint256 amount) external;
   |              ^^^^^^^^^^^^^^ help: consider using: `mintPspForSwap`
   |
   = help: https://book.getfoundry.sh/reference/forge/forge-lint#mixed-case-function

note[mixed-case-function]: function names should use mixedCase
   --> test/dinosat/HookRulesSymbolic.t.sol:126:14
    |
126 |     function check_active_minimum_positive(uint256 pot) public {
    |              ^^^^^^^^^^^^^^^^^^^^^^^^^^^^^ help: consider using: `checkActiveMinimumPositive`
    |
    = help: https://book.getfoundry.sh/reference/forge/forge-lint#mixed-case-function

note[mixed-case-variable]: mutable variables should use mixedCase
   --> src/libraries/SineMath.sol:238:17
    |
238 |         uint256 Rn = reserveAt(c, qNow - pspIn);
    |                 ^^ help: consider using: `rn`
    |
    = help: https://book.getfoundry.sh/reference/forge/forge-lint#mixed-case-variable

note[mixed-case-function]: function names should use mixedCase
   --> test/dinosat/HookRulesSymbolic.t.sol:134:14
    |
134 |     function check_ticket_genesis_independent(uint256 pot, uint256 genesisA, uint256 genesisB) public {
    |              ^^^^^^^^^^^^^^^^^^^^^^^^^^^^^^^^ help: consider using: `checkTicketGenesisIndependent`
    |
    = help: https://book.getfoundry.sh/reference/forge/forge-lint#mixed-case-function

note[mixed-case-function]: function names should use mixedCase
   --> test/dinosat/HookRulesSymbolic.t.sol:147:14
    |
147 |     function check_ticket_adjacent(uint256 pot) public {
    |              ^^^^^^^^^^^^^^^^^^^^^ help: consider using: `checkTicketAdjacent`
    |
    = help: https://book.getfoundry.sh/reference/forge/forge-lint#mixed-case-function

note[mixed-case-function]: function names should use mixedCase
  --> src/interfaces/IRoundController.sol:18:14
   |
18 |     function burnPSPForSwap(uint256 amount) external;
   |              ^^^^^^^^^^^^^^ help: consider using: `burnPspForSwap`
   |
   = help: https://book.getfoundry.sh/reference/forge/forge-lint#mixed-case-function

note[mixed-case-variable]: mutable variables should use mixedCase
  --> src/interfaces/IRoundController.sol:19:30
   |
19 |     function addFees(uint256 mixETHAmount) external;
   |                              ^^^^^^^^^^^^ help: consider using: `mixEthAmount`
   |
   = help: https://book.getfoundry.sh/reference/forge/forge-lint#mixed-case-variable

note[mixed-case-variable]: mutable variables should use mixedCase
   --> src/PepeDescriptor.sol:267:17
    |
267 |         bytes16 HEX = "0123456789ABCDEF";
    |                 ^^^ help: consider using: `hex`
    |
    = help: https://book.getfoundry.sh/reference/forge/forge-lint#mixed-case-variable

warning[erc20-unchecked-transfer]: ERC20 'transfer' and 'transferFrom' calls should check the return value
  --> test/FableBreakAttempts.t.sol:47:27
   |
47 |             if (a != bob) mixETH.transfer(a, 3_000e18);
   |                           ^^^^^^^^^^^^^^^^^^^^^^^^^^^^
   |
   = help: https://book.getfoundry.sh/reference/forge/forge-lint#erc20-unchecked-transfer

note[mixed-case-function]: function names should use mixedCase
   --> test/dinosat/HookRulesSymbolic.t.sol:159:14
    |
159 |     function check_prelaunch_minimum(bool configured) public {
    |              ^^^^^^^^^^^^^^^^^^^^^^^ help: consider using: `checkPrelaunchMinimum`
    |
    = help: https://book.getfoundry.sh/reference/forge/forge-lint#mixed-case-function

note[mixed-case-function]: function names should use mixedCase
   --> test/dinosat/HookRulesSymbolic.t.sol:167:14
    |
167 |     function check_legacy_minimum(uint256 pot, bool initialized) public {
    |              ^^^^^^^^^^^^^^^^^^^^ help: consider using: `checkLegacyMinimum`
    |
    = help: https://book.getfoundry.sh/reference/forge/forge-lint#mixed-case-function

warning[unsafe-typecast]: typecasts that can truncate values should be checked
   --> src/libraries/SineMath.sol:108:67
    |
108 |         uint256 bootPrice = FPML.mulWad(p.p0, uint256(FPML.expWad(int256(preGrowth))));
    |                                                                   ^^^^^^^^^^^^^^^^^
    |
    = note: consider disabling this lint if you're certain the cast is safe
            
            // casting to 'int256' is safe because [explain why]
            // forge-lint: disable-next-line(unsafe-typecast)
            
            
    = help: https://book.getfoundry.sh/reference/forge/forge-lint#unsafe-typecast

warning[erc20-unchecked-transfer]: ERC20 'transfer' and 'transferFrom' calls should check the return value
  --> test/ReinvestAllocation.t.sol:82:9
   |
82 |         mix.transfer(to, total);
   |         ^^^^^^^^^^^^^^^^^^^^^^^
   |
   = help: https://book.getfoundry.sh/reference/forge/forge-lint#erc20-unchecked-transfer

warning[erc20-unchecked-transfer]: ERC20 'transfer' and 'transferFrom' calls should check the return value
  --> test/ReinvestAllocation.t.sol:87:9
   |
87 |         psp.transferFrom(msg.sender, address(this), increment);
   |         ^^^^^^^^^^^^^^^^^^^^^^^^^^^^^^^^^^^^^^^^^^^^^^^^^^^^^^
   |
   = help: https://book.getfoundry.sh/reference/forge/forge-lint#erc20-unchecked-transfer

warning[erc20-unchecked-transfer]: ERC20 'transfer' and 'transferFrom' calls should check the return value
   --> test/ReinvestAllocation.t.sol:112:9
    |
112 |         mix.transferFrom(msg.sender, address(this), mixIn);
    |         ^^^^^^^^^^^^^^^^^^^^^^^^^^^^^^^^^^^^^^^^^^^^^^^^^^
    |
    = help: https://book.getfoundry.sh/reference/forge/forge-lint#erc20-unchecked-transfer

note[mixed-case-function]: function names should use mixedCase
  --> src/testnet/SepoliaMixETH.sol:40:14
   |
40 |     function depositETH() external payable returns (uint256 shares) {
   |              ^^^^^^^^^^ help: consider using: `depositEth`
   |
   = help: https://book.getfoundry.sh/reference/forge/forge-lint#mixed-case-function

note[mixed-case-function]: function names should use mixedCase
  --> src/testnet/SepoliaMixETH.sol:50:14
   |
50 |     function redeemETH(uint256 shareAmount) external returns (uint256 ethOut) {
   |              ^^^^^^^^^ help: consider using: `redeemEth`
   |
   = help: https://book.getfoundry.sh/reference/forge/forge-lint#mixed-case-function

note[mixed-case-variable]: mutable variables should use mixedCase
  --> src/interfaces/ICurveHook.sol:11:43
   |
11 |     function sendFees(address to, uint256 mixETHAmount) external;
   |                                           ^^^^^^^^^^^^ help: consider using: `mixEthAmount`
   |
   = help: https://book.getfoundry.sh/reference/forge/forge-lint#mixed-case-variable

note[mixed-case-function]: function names should use mixedCase
   --> test/dinosat/HookRulesSymbolic.t.sol:174:14
    |
174 |     function check_setMode_unauthorized(address caller, uint8 initialMode, uint8 targetMode) public {
    |              ^^^^^^^^^^^^^^^^^^^^^^^^^^ help: consider using: `checkSetModeUnauthorized`
    |
    = help: https://book.getfoundry.sh/reference/forge/forge-lint#mixed-case-function

warning[erc20-unchecked-transfer]: ERC20 'transfer' and 'transferFrom' calls should check the return value
  --> test/unit/Vesting.t.sol:77:9
   |
77 |         mixETH.transfer(address(hook), 500e18);
   |         ^^^^^^^^^^^^^^^^^^^^^^^^^^^^^^^^^^^^^^
   |
   = help: https://book.getfoundry.sh/reference/forge/forge-lint#erc20-unchecked-transfer

note[mixed-case-variable]: mutable variables should use mixedCase
   --> src/PSPStaker.sol:900:30
    |
900 |     function addFees(uint256 mixETHAmount) external nonReentrant {
    |                              ^^^^^^^^^^^^ help: consider using: `mixEthAmount`
    |
    = help: https://book.getfoundry.sh/reference/forge/forge-lint#mixed-case-variable

note[screaming-snake-case-immutable]: immutables should use SCREAMING_SNAKE_CASE
  --> src/testnet/MixETHFaucet.sol:24:35
   |
24 |     IMintableMix public immutable mixETH;
   |                                   ^^^^^^ help: consider using: `MIX_ETH`
   |
   = help: https://book.getfoundry.sh/reference/forge/forge-lint#screaming-snake-case-immutable

note[mixed-case-variable]: mutable variables should use mixedCase
  --> src/testnet/MixETHFaucet.sol:30:24
   |
30 |     constructor(IERC20 _mixETH) {
   |                        ^^^^^^^ help: consider using: `_mixEth`
   |
   = help: https://book.getfoundry.sh/reference/forge/forge-lint#mixed-case-variable

warning[unsafe-typecast]: typecasts that can truncate values should be checked
   --> src/libraries/SineMath.sol:126:42
    |
126 |         c.waveTrend = uint256(FPML.lnWad(int256(lnArg))) / WAVES;
    |                                          ^^^^^^^^^^^^^
    |
    = note: consider disabling this lint if you're certain the cast is safe
            
            // casting to 'int256' is safe because [explain why]
            // forge-lint: disable-next-line(unsafe-typecast)
            
            
    = help: https://book.getfoundry.sh/reference/forge/forge-lint#unsafe-typecast

note[mixed-case-variable]: mutable variables should use mixedCase
  --> test/unit/PredepositWindow.t.sol:28:16
   |
28 |     MockMixETH mixETH;
   |                ^^^^^^ help: consider using: `mixEth`
   |
   = help: https://book.getfoundry.sh/reference/forge/forge-lint#mixed-case-variable

warning[unsafe-typecast]: typecasts that can truncate values should be checked
   --> test/dinosat/HookRulesSymbolic.t.sol:184:16
    |
184 |         assert(bytes4(reason) == CurveHook.NotController.selector);
    |                ^^^^^^^^^^^^^^
    |
    = note: consider disabling this lint if you're certain the cast is safe
            
            // casting to 'bytes4' is safe because [explain why]
            // forge-lint: disable-next-line(unsafe-typecast)
            
            
    = help: https://book.getfoundry.sh/reference/forge/forge-lint#unsafe-typecast

warning[unsafe-typecast]: typecasts that can truncate values should be checked
   --> src/libraries/SineMath.sol:188:53
    |
188 |         uint256 x = FPML.divWad(uint256(-FPML.lnWad(int256(gNegX))), uint256(FPML.lnWad(int256(c.g))));
    |                                                     ^^^^^^^^^^^^^
    |
    = note: consider disabling this lint if you're certain the cast is safe
            
            // casting to 'int256' is safe because [explain why]
            // forge-lint: disable-next-line(unsafe-typecast)
            
            
    = help: https://book.getfoundry.sh/reference/forge/forge-lint#unsafe-typecast

warning[unsafe-typecast]: typecasts that can truncate values should be checked
  --> test/SineScaling.t.sol:83:47
   |
83 |         uint256 argument = uint256(FPML.lnWad(int256(1e36 / step)));
   |                                               ^^^^^^^^^^^^^^^^^^^
   |
   = note: consider disabling this lint if you're certain the cast is safe
           
           // casting to 'int256' is safe because [explain why]
           // forge-lint: disable-next-line(unsafe-typecast)
           
           
   = help: https://book.getfoundry.sh/reference/forge/forge-lint#unsafe-typecast

warning[unsafe-typecast]: typecasts that can truncate values should be checked
   --> test/FableBreakAttempts.t.sol:200:34
    |
200 |                         assertEq(bytes4(err), PSPReferralRegistry.WouldCreateCycle.selector, "only cycle refusals");
    |                                  ^^^^^^^^^^^
    |
    = note: consider disabling this lint if you're certain the cast is safe
            
            // casting to 'bytes4' is safe because [explain why]
            // forge-lint: disable-next-line(unsafe-typecast)
            
            
    = help: https://book.getfoundry.sh/reference/forge/forge-lint#unsafe-typecast

warning[unsafe-typecast]: typecasts that can truncate values should be checked
   --> src/libraries/SineMath.sol:259:58
    |
259 |             uint256 preReciprocal = uint256(FPML.expWad(-int256(preArg)));
    |                                                          ^^^^^^^^^^^^^^
    |
    = note: consider disabling this lint if you're certain the cast is safe
            
            // casting to 'int256' is safe because [explain why]
            // forge-lint: disable-next-line(unsafe-typecast)
            
            
    = help: https://book.getfoundry.sh/reference/forge/forge-lint#unsafe-typecast

warning[unsafe-typecast]: typecasts that can truncate values should be checked
   --> src/SineV3Math.sol:114:37
    |
114 |         return FPML.fullMulDiv(lam, uint256(fR - f0), pL * WAD);
    |                                     ^^^^^^^^^^^^^^^^
    |
    = note: consider disabling this lint if you're certain the cast is safe
            
            // casting to 'uint256' is safe because [explain why]
            // forge-lint: disable-next-line(unsafe-typecast)
            
            
    = help: https://book.getfoundry.sh/reference/forge/forge-lint#unsafe-typecast

note[mixed-case-variable]: mutable variables should use mixedCase
  --> src/ReferralRegistryInitCode.sol:10:55
   |
10 |     function registryInitCode(address staker, uint256 minStakePSP) external pure returns (bytes memory) {
   |                                                       ^^^^^^^^^^^ help: consider using: `minStakePsp`
   |
   = help: https://book.getfoundry.sh/reference/forge/forge-lint#mixed-case-variable

warning[erc20-unchecked-transfer]: ERC20 'transfer' and 'transferFrom' calls should check the return value
   --> test/FableBreakAttempts.t.sol:363:9
    |
363 |         mixETH.transfer(alice, 2_500_000e18);
    |         ^^^^^^^^^^^^^^^^^^^^^^^^^^^^^^^^^^^^
    |
    = help: https://book.getfoundry.sh/reference/forge/forge-lint#erc20-unchecked-transfer

note[named-struct-fields]: prefer initializing structs with named fields
   --> src/PSPStaker.sol:923:28
    |
923 |             feeEpochs.push(FeeEpoch(epoch, creditPerWeight));
    |                            ^^^^^^^^^^^^^^^^^^^^^^^^^^^^^^^^ help: consider using named fields: `FeeEpoch({ epoch: epoch, creditBefore: creditPerWeight })`
    |
    = help: https://book.getfoundry.sh/reference/forge/forge-lint#named-struct-fields

note[unused-import]: unused imports should be removed
 --> test/unit/PredepositWindow.t.sol:4:15
  |
4 | import {Test, console} from "forge-std/Test.sol";
  |               ^^^^^^^
  |
  = help: https://book.getfoundry.sh/reference/forge/forge-lint#unused-import

note[screaming-snake-case-immutable]: immutables should use SCREAMING_SNAKE_CASE
  --> src/PepeExpandedDescriptor.sol:15:30
   |
15 |     address public immutable artData;
   |                              ^^^^^^^ help: consider using: `ART_DATA`
   |
   = help: https://book.getfoundry.sh/reference/forge/forge-lint#screaming-snake-case-immutable

warning[erc20-unchecked-transfer]: ERC20 'transfer' and 'transferFrom' calls should check the return value
   --> test/FableBreakAttempts.t.sol:555:9
    |
555 |         mix.transferFrom(msg.sender, address(this), mixIn);
    |         ^^^^^^^^^^^^^^^^^^^^^^^^^^^^^^^^^^^^^^^^^^^^^^^^^^
    |
    = help: https://book.getfoundry.sh/reference/forge/forge-lint#erc20-unchecked-transfer

note[mixed-case-variable]: mutable variables should use mixedCase
  --> src/RoundController.sol:55:73
   |
55 |     event Predeposited(address indexed user, uint256 ethAmount, uint256 mixETHAmount);
   |                                                                         ^^^^^^^^^^^^ help: consider using: `mixEthAmount`
   |
   = help: https://book.getfoundry.sh/reference/forge/forge-lint#mixed-case-variable

note[named-struct-fields]: prefer initializing structs with named fields
   --> test/SineV3BootstrapCapacity.t.sol:244:30
    |
244 |         PoolKey memory key = PoolKey(c0, c1, 0x800000, 60, round.hook);
    |                              ^^^^^^^^^^^^^^^^^^^^^^^^^^^^^^^^^^^^^^^^^ help: consider using named fields: `PoolKey({ currency0: c0, currency1: c1, fee: 0x800000, tickSpacing: 60, hooks: round.hook })`
    |
    = help: https://book.getfoundry.sh/reference/forge/forge-lint#named-struct-fields

note[mixed-case-function]: function names should use mixedCase
   --> src/PepeExpandedDescriptor.sol:139:14
    |
139 |     function renderSVG(uint256 dna) public view returns (string memory) {
    |              ^^^^^^^^^ help: consider using: `renderSvg`
    |
    = help: https://book.getfoundry.sh/reference/forge/forge-lint#mixed-case-function

note[unsafe-cheatcode]: usage of unsafe cheatcodes that can perform dangerous operations
  --> test/local/PixelDump.t.sol:25:12
   |
25 |         vm.writeFile('out/art-dump/pix_classic.svg', d.renderSVG(DNA_CLASSIC));
   |            ^^^^^^^^^
   |
   = help: https://book.getfoundry.sh/reference/forge/forge-lint#unsafe-cheatcode

note[unsafe-cheatcode]: usage of unsafe cheatcodes that can perform dangerous operations
  --> test/local/PixelDump.t.sol:26:12
   |
26 |         vm.writeFile('out/art-dump/pix_gold.svg', d.renderSVG(DNA_GOLD));
   |            ^^^^^^^^^
   |
   = help: https://book.getfoundry.sh/reference/forge/forge-lint#unsafe-cheatcode

note[unsafe-cheatcode]: usage of unsafe cheatcodes that can perform dangerous operations
  --> test/local/PixelDump.t.sol:27:12
   |
27 |         vm.writeFile('out/art-dump/pix_zombie.svg', d.renderSVG(DNA_ZOMBIE));
   |            ^^^^^^^^^
   |
   = help: https://book.getfoundry.sh/reference/forge/forge-lint#unsafe-cheatcode

note[unsafe-cheatcode]: usage of unsafe cheatcodes that can perform dangerous operations
  --> test/local/PixelDump.t.sol:28:12
   |
28 |         vm.writeFile('out/art-dump/pix_diamond.svg', d.renderSVG(DNA_DIAMOND));
   |            ^^^^^^^^^
   |
   = help: https://book.getfoundry.sh/reference/forge/forge-lint#unsafe-cheatcode

warning[unsafe-typecast]: typecasts that can truncate values should be checked
   --> src/libraries/SineMath.sol:277:42
    |
277 |             ? -int256(FPML.mulWad(c.amp, uint256(-sinv)))
    |                                          ^^^^^^^^^^^^^^
    |
    = note: consider disabling this lint if you're certain the cast is safe
            
            // casting to 'uint256' is safe because [explain why]
            // forge-lint: disable-next-line(unsafe-typecast)
            
            
    = help: https://book.getfoundry.sh/reference/forge/forge-lint#unsafe-typecast

warning[unsafe-typecast]: typecasts that can truncate values should be checked
   --> src/libraries/SineMath.sol:278:41
    |
278 |             : int256(FPML.mulWad(c.amp, uint256(sinv)));
    |                                         ^^^^^^^^^^^^^
    |
    = note: consider disabling this lint if you're certain the cast is safe
            
            // casting to 'uint256' is safe because [explain why]
            // forge-lint: disable-next-line(unsafe-typecast)
            
            
    = help: https://book.getfoundry.sh/reference/forge/forge-lint#unsafe-typecast

warning[unsafe-typecast]: typecasts that can truncate values should be checked
   --> src/libraries/SineMath.sol:280:24
    |
280 |         if (trendArg > uint256(MAX_EXP_ARG) + c.amp) revert ExpPriceArg();
    |                        ^^^^^^^^^^^^^^^^^^^^
    |
    = note: consider disabling this lint if you're certain the cast is safe
            
            // casting to 'uint256' is safe because [explain why]
            // forge-lint: disable-next-line(unsafe-typecast)
            
            
    = help: https://book.getfoundry.sh/reference/forge/forge-lint#unsafe-typecast

note[unsafe-cheatcode]: usage of unsafe cheatcodes that can perform dangerous operations
  --> test/local/PixelDump.t.sol:29:12
   |
29 |         vm.writeFile('out/art-dump/pix_acc.svg', d.renderSVG(DNA_ACC));
   |            ^^^^^^^^^
   |
   = help: https://book.getfoundry.sh/reference/forge/forge-lint#unsafe-cheatcode

note[unsafe-cheatcode]: usage of unsafe cheatcodes that can perform dangerous operations
  --> test/local/PixelDump.t.sol:30:12
   |
30 |         vm.writeFile('out/art-dump/pix_wizard.svg', d.renderSVG(DNA_WIZARD));
   |            ^^^^^^^^^
   |
   = help: https://book.getfoundry.sh/reference/forge/forge-lint#unsafe-cheatcode

note[unsafe-cheatcode]: usage of unsafe cheatcodes that can perform dangerous operations
  --> test/local/PixelDump.t.sol:31:12
   |
31 |         vm.writeFile('out/art-dump/pix_homer.svg', d.renderSVG(DNA_HOMER));
   |            ^^^^^^^^^
   |
   = help: https://book.getfoundry.sh/reference/forge/forge-lint#unsafe-cheatcode

warning[erc20-unchecked-transfer]: ERC20 'transfer' and 'transferFrom' calls should check the return value
   --> test/FableBreakAttempts.t.sol:565:26
    |
565 |         pm.sync(mixCur); mix.transfer(address(pm), amt); pm.settle();
    |                          ^^^^^^^^^^^^^^^^^^^^^^^^^^^^^^
    |
    = help: https://book.getfoundry.sh/reference/forge/forge-lint#erc20-unchecked-transfer

warning[unsafe-typecast]: typecasts that can truncate values should be checked
   --> test/FableBreakAttempts.t.sol:567:31
    |
567 |             amountSpecified: -int256(amt),
    |                               ^^^^^^^^^^^
    |
    = note: consider disabling this lint if you're certain the cast is safe
            
            // casting to 'int256' is safe because [explain why]
            // forge-lint: disable-next-line(unsafe-typecast)
            
            
    = help: https://book.getfoundry.sh/reference/forge/forge-lint#unsafe-typecast

warning[unsafe-typecast]: typecasts that can truncate values should be checked
   --> test/FableBreakAttempts.t.sol:572:23
    |
572 |         uint256 out = uint256(int256(pd));
    |                       ^^^^^^^^^^^^^^^^^^^
    |
    = note: consider disabling this lint if you're certain the cast is safe
            
            // casting to 'uint256' is safe because [explain why]
            // forge-lint: disable-next-line(unsafe-typecast)
            
            
    = help: https://book.getfoundry.sh/reference/forge/forge-lint#unsafe-typecast

note[mixed-case-variable]: mutable variables should use mixedCase
  --> src/RoundController.sol:56:31
   |
56 |     event CarrySeeded(uint256 mixETHAmount);
   |                               ^^^^^^^^^^^^ help: consider using: `mixEthAmount`
   |
   = help: https://book.getfoundry.sh/reference/forge/forge-lint#mixed-case-variable

note[mixed-case-variable]: mutable variables should use mixedCase
  --> src/RoundController.sol:57:28
   |
57 |     event Launched(uint256 totalMixETH, uint256 totalPSP);
   |                            ^^^^^^^^^^^ help: consider using: `totalMixEth`
   |
   = help: https://book.getfoundry.sh/reference/forge/forge-lint#mixed-case-variable

note[mixed-case-variable]: mutable variables should use mixedCase
  --> src/RoundController.sol:57:49
   |
57 |     event Launched(uint256 totalMixETH, uint256 totalPSP);
   |                                                 ^^^^^^^^ help: consider using: `totalPsp`
   |
   = help: https://book.getfoundry.sh/reference/forge/forge-lint#mixed-case-variable

note[mixed-case-variable]: mutable variables should use mixedCase
  --> src/RoundController.sol:66:29
   |
66 |     event FeesAdded(uint256 mixETHAmount);
   |                             ^^^^^^^^^^^^ help: consider using: `mixEthAmount`
   |
   = help: https://book.getfoundry.sh/reference/forge/forge-lint#mixed-case-variable

note[screaming-snake-case-immutable]: immutables should use SCREAMING_SNAKE_CASE
  --> src/RoundController.sol:69:31
   |
69 |     PSPToken public immutable pspToken;
   |                               ^^^^^^^^ help: consider using: `PSP_TOKEN`
   |
   = help: https://book.getfoundry.sh/reference/forge/forge-lint#screaming-snake-case-immutable

note[screaming-snake-case-immutable]: immutables should use SCREAMING_SNAKE_CASE
  --> src/RoundController.sol:70:29
   |
70 |     IERC20 public immutable mixETH;
   |                             ^^^^^^ help: consider using: `MIX_ETH`
   |
   = help: https://book.getfoundry.sh/reference/forge/forge-lint#screaming-snake-case-immutable

note[screaming-snake-case-immutable]: immutables should use SCREAMING_SNAKE_CASE
  --> src/RoundController.sol:72:30
   |
72 |     address public immutable factory;
   |                              ^^^^^^^ help: consider using: `FACTORY`
   |
   = help: https://book.getfoundry.sh/reference/forge/forge-lint#screaming-snake-case-immutable

note[screaming-snake-case-immutable]: immutables should use SCREAMING_SNAKE_CASE
  --> src/RoundController.sol:79:32
   |
79 |     PSPStaker public immutable staker;
   |                                ^^^^^^ help: consider using: `STAKER`
   |
   = help: https://book.getfoundry.sh/reference/forge/forge-lint#screaming-snake-case-immutable

note[mixed-case-variable]: mutable variables should use mixedCase
  --> src/RoundController.sol:86:17
   |
86 |         uint256 mixETHAmount;
   |                 ^^^^^^^^^^^^ help: consider using: `mixEthAmount`
   |
   = help: https://book.getfoundry.sh/reference/forge/forge-lint#mixed-case-variable

note[mixed-case-variable]: mutable variables should use mixedCase
  --> src/RoundController.sol:90:20
   |
90 |     uint256 public totalPredepositMixETH;
   |                    ^^^^^^^^^^^^^^^^^^^^^ help: consider using: `totalPredepositMixEth`
   |
   = help: https://book.getfoundry.sh/reference/forge/forge-lint#mixed-case-variable

note[mixed-case-variable]: mutable variables should use mixedCase
  --> src/RoundController.sol:92:20
   |
92 |     uint256 public totalInitialPSP; // snapshot of PSP minted at launch
   |                    ^^^^^^^^^^^^^^^ help: consider using: `totalInitialPsp`
   |
   = help: https://book.getfoundry.sh/reference/forge/forge-lint#mixed-case-variable

note[unsafe-cheatcode]: usage of unsafe cheatcodes that can perform dangerous operations
  --> test/local/CompareDump.t.sol:25:12
   |
25 |         vm.writeFile('out/art-dump/8bit_classic.svg', d8.renderSVG(DNA_CLASSIC));
   |            ^^^^^^^^^
   |
   = help: https://book.getfoundry.sh/reference/forge/forge-lint#unsafe-cheatcode

note[unsafe-cheatcode]: usage of unsafe cheatcodes that can perform dangerous operations
  --> test/local/CompareDump.t.sol:26:12
   |
26 |         vm.writeFile('out/art-dump/8bit_gold.svg', d8.renderSVG(DNA_GOLD));
   |            ^^^^^^^^^
   |
   = help: https://book.getfoundry.sh/reference/forge/forge-lint#unsafe-cheatcode

note[unsafe-cheatcode]: usage of unsafe cheatcodes that can perform dangerous operations
  --> test/local/CompareDump.t.sol:27:12
   |
27 |         vm.writeFile('out/art-dump/8bit_zombie.svg', d8.renderSVG(DNA_ZOMBIE));
   |            ^^^^^^^^^
   |
   = help: https://book.getfoundry.sh/reference/forge/forge-lint#unsafe-cheatcode

note[mixed-case-function]: function names should use mixedCase
  --> test/dinosat/SineV3PriceSymbolic.t.sol:25:14
   |
25 |     function check_phaseat_monotone_pos_q1(uint88 frac) public pure {
   |              ^^^^^^^^^^^^^^^^^^^^^^^^^^^^^ help: consider using: `checkPhaseatMonotonePosQ1`
   |
   = help: https://book.getfoundry.sh/reference/forge/forge-lint#mixed-case-function

warning[erc20-unchecked-transfer]: ERC20 'transfer' and 'transferFrom' calls should check the return value
  --> test/unit/PredepositWindow.t.sol:61:9
   |
61 |         mixETH.transfer(who, amount);
   |         ^^^^^^^^^^^^^^^^^^^^^^^^^^^^
   |
   = help: https://book.getfoundry.sh/reference/forge/forge-lint#erc20-unchecked-transfer

note[mixed-case-variable]: mutable variables should use mixedCase
   --> src/RoundController.sol:136:20
    |
136 |     uint256 public genesisPSPSnapshot;
    |                    ^^^^^^^^^^^^^^^^^^ help: consider using: `genesisPspSnapshot`
    |
    = help: https://book.getfoundry.sh/reference/forge/forge-lint#mixed-case-variable

note[unsafe-cheatcode]: usage of unsafe cheatcodes that can perform dangerous operations
  --> test/local/CompareDump.t.sol:28:12
   |
28 |         vm.writeFile('out/art-dump/8bit_diamond.svg', d8.renderSVG(DNA_DIAMOND));
   |            ^^^^^^^^^
   |
   = help: https://book.getfoundry.sh/reference/forge/forge-lint#unsafe-cheatcode

note[mixed-case-function]: function names should use mixedCase
  --> test/dinosat/SineV3PriceSymbolic.t.sol:34:14
   |
34 |     function check_phaseat_monotone_pos_q2(uint88 frac) public pure {
   |              ^^^^^^^^^^^^^^^^^^^^^^^^^^^^^ help: consider using: `checkPhaseatMonotonePosQ2`
   |
   = help: https://book.getfoundry.sh/reference/forge/forge-lint#mixed-case-function

note[mixed-case-function]: function names should use mixedCase
  --> test/dinosat/SineV3PriceSymbolic.t.sol:41:14
   |
41 |     function check_phaseat_monotone_pos_q3(uint88 frac) public pure {
   |              ^^^^^^^^^^^^^^^^^^^^^^^^^^^^^ help: consider using: `checkPhaseatMonotonePosQ3`
   |
   = help: https://book.getfoundry.sh/reference/forge/forge-lint#mixed-case-function

note[mixed-case-variable]: mutable variables should use mixedCase
   --> src/RoundController.sol:160:16
    |
160 |         IERC20 _mixETH,
    |                ^^^^^^^ help: consider using: `_mixEth`
    |
    = help: https://book.getfoundry.sh/reference/forge/forge-lint#mixed-case-variable

note[mixed-case-function]: function names should use mixedCase
   --> src/RoundController.sol:242:14
    |
242 |     function getPSP() external view returns (address) { return address(pspToken); }
    |              ^^^^^^ help: consider using: `getPsp`
    |
    = help: https://book.getfoundry.sh/reference/forge/forge-lint#mixed-case-function

note[unsafe-cheatcode]: usage of unsafe cheatcodes that can perform dangerous operations
  --> test/local/CompareDump.t.sol:29:12
   |
29 |         vm.writeFile('out/art-dump/8bit_acc.svg', d8.renderSVG(DNA_ACC));
   |            ^^^^^^^^^
   |
   = help: https://book.getfoundry.sh/reference/forge/forge-lint#unsafe-cheatcode

warning[erc20-unchecked-transfer]: ERC20 'transfer' and 'transferFrom' calls should check the return value
   --> test/unit/PredepositWindow.t.sol:103:9
    |
103 |         mixETH.transfer(bob, 2);
    |         ^^^^^^^^^^^^^^^^^^^^^^^
    |
    = help: https://book.getfoundry.sh/reference/forge/forge-lint#erc20-unchecked-transfer

warning[unsafe-typecast]: typecasts that can truncate values should be checked
   --> src/libraries/SineMath.sol:281:16
    |
281 |         return int256(trendArg) + ampTerm;
    |                ^^^^^^^^^^^^^^^^
    |
    = note: consider disabling this lint if you're certain the cast is safe
            
            // casting to 'int256' is safe because [explain why]
            // forge-lint: disable-next-line(unsafe-typecast)
            
            
    = help: https://book.getfoundry.sh/reference/forge/forge-lint#unsafe-typecast

warning[unsafe-typecast]: typecasts that can truncate values should be checked
   --> src/libraries/SineMath.sol:288:47
    |
288 |         uint256 expNeg = uint256(FPML.expWad(-int256(arg)));
    |                                               ^^^^^^^^^^^
    |
    = note: consider disabling this lint if you're certain the cast is safe
            
            // casting to 'int256' is safe because [explain why]
            // forge-lint: disable-next-line(unsafe-typecast)
            
            
    = help: https://book.getfoundry.sh/reference/forge/forge-lint#unsafe-typecast

note[mixed-case-variable]: mutable variables should use mixedCase
  --> test/integration/ZapSwaps.t.sol:34:16
   |
34 |     MockMixETH mixETH;
   |                ^^^^^^ help: consider using: `mixEth`
   |
   = help: https://book.getfoundry.sh/reference/forge/forge-lint#mixed-case-variable

note[mixed-case-function]: function names should use mixedCase
  --> test/dinosat/SineV3PriceSymbolic.t.sol:48:14
   |
48 |     function check_phaseat_monotone_pos_q4(uint88 frac) public pure {
   |              ^^^^^^^^^^^^^^^^^^^^^^^^^^^^^ help: consider using: `checkPhaseatMonotonePosQ4`
   |
   = help: https://book.getfoundry.sh/reference/forge/forge-lint#mixed-case-function

note[mixed-case-function]: function names should use mixedCase
  --> test/dinosat/SineV3PriceSymbolic.t.sol:55:14
   |
55 |     function check_phaseat_monotone_neg(uint88 frac) public pure {
   |              ^^^^^^^^^^^^^^^^^^^^^^^^^^ help: consider using: `checkPhaseatMonotoneNeg`
   |
   = help: https://book.getfoundry.sh/reference/forge/forge-lint#mixed-case-function

note[screaming-snake-case-immutable]: immutables should use SCREAMING_SNAKE_CASE
  --> test/mocks/MockHook.sol:10:29
   |
10 |     IERC20 public immutable mixETH;
   |                             ^^^^^^ help: consider using: `MIX_ETH`
   |
   = help: https://book.getfoundry.sh/reference/forge/forge-lint#screaming-snake-case-immutable

note[mixed-case-variable]: mutable variables should use mixedCase
  --> test/mocks/MockHook.sol:11:20
   |
11 |     uint256 public reserveMixETH;
   |                    ^^^^^^^^^^^^^ help: consider using: `reserveMixEth`
   |
   = help: https://book.getfoundry.sh/reference/forge/forge-lint#mixed-case-variable

note[mixed-case-variable]: mutable variables should use mixedCase
  --> test/mocks/MockHook.sol:12:20
   |
12 |     uint256 public totalSupplyPSP;
   |                    ^^^^^^^^^^^^^^ help: consider using: `totalSupplyPsp`
   |
   = help: https://book.getfoundry.sh/reference/forge/forge-lint#mixed-case-variable

note[mixed-case-variable]: mutable variables should use mixedCase
  --> test/mocks/MockHook.sol:19:25
   |
19 |     constructor(address _mixETH) {
   |                         ^^^^^^^ help: consider using: `_mixEth`
   |
   = help: https://book.getfoundry.sh/reference/forge/forge-lint#mixed-case-variable

note[unused-import]: unused imports should be removed
 --> test/integration/ZapSwaps.t.sol:4:15
  |
4 | import {Test, console} from "forge-std/Test.sol";
  |               ^^^^^^^
  |
  = help: https://book.getfoundry.sh/reference/forge/forge-lint#unused-import

warning[erc20-unchecked-transfer]: ERC20 'transfer' and 'transferFrom' calls should check the return value
   --> test/unit/PredepositWindow.t.sol:198:9
    |
198 |         mixETH.transfer(address(factory), 25_000e18);
    |         ^^^^^^^^^^^^^^^^^^^^^^^^^^^^^^^^^^^^^^^^^^^^
    |
    = help: https://book.getfoundry.sh/reference/forge/forge-lint#erc20-unchecked-transfer

warning[erc20-unchecked-transfer]: ERC20 'transfer' and 'transferFrom' calls should check the return value
   --> test/unit/PredepositWindow.t.sol:215:9
    |
215 |         mixETH.transfer(address(factory), 5000e18);
    |         ^^^^^^^^^^^^^^^^^^^^^^^^^^^^^^^^^^^^^^^^^^
    |
    = help: https://book.getfoundry.sh/reference/forge/forge-lint#erc20-unchecked-transfer

note[unsafe-cheatcode]: usage of unsafe cheatcodes that can perform dangerous operations
  --> test/local/CompareDump.t.sol:30:12
   |
30 |         vm.writeFile('out/art-dump/8bit_wizard.svg', d8.renderSVG(DNA_WIZARD));
   |            ^^^^^^^^^
   |
   = help: https://book.getfoundry.sh/reference/forge/forge-lint#unsafe-cheatcode

note[unsafe-cheatcode]: usage of unsafe cheatcodes that can perform dangerous operations
  --> test/local/CompareDump.t.sol:31:12
   |
31 |         vm.writeFile('out/art-dump/8bit_homer.svg', d8.renderSVG(DNA_HOMER));
   |            ^^^^^^^^^
   |
   = help: https://book.getfoundry.sh/reference/forge/forge-lint#unsafe-cheatcode

warning[erc20-unchecked-transfer]: ERC20 'transfer' and 'transferFrom' calls should check the return value
  --> test/integration/ZapSwaps.t.sol:86:9
   |
86 |         mixETH.transfer(bob, 100e18);
   |         ^^^^^^^^^^^^^^^^^^^^^^^^^^^^
   |
   = help: https://book.getfoundry.sh/reference/forge/forge-lint#erc20-unchecked-transfer

note[mixed-case-variable]: mutable variables should use mixedCase
  --> test/mocks/MockHook.sol:25:43
   |
25 |     function sendFees(address to, uint256 mixETHAmount) external {
   |                                           ^^^^^^^^^^^^ help: consider using: `mixEthAmount`
   |
   = help: https://book.getfoundry.sh/reference/forge/forge-lint#mixed-case-variable

note[mixed-case-function]: function names should use mixedCase
  --> test/dinosat/SineV3PriceSymbolic.t.sol:94:14
   |
94 |     function check_phaseat_odd(uint88 x) public pure {
   |              ^^^^^^^^^^^^^^^^^ help: consider using: `checkPhaseatOdd`
   |
   = help: https://book.getfoundry.sh/reference/forge/forge-lint#mixed-case-function

warning[erc20-unchecked-transfer]: ERC20 'transfer' and 'transferFrom' calls should check the return value
   --> test/integration/ZapSwaps.t.sol:204:9
    |
204 |         mixETH.transfer(bob, 10e18);
    |         ^^^^^^^^^^^^^^^^^^^^^^^^^^^
    |
    = help: https://book.getfoundry.sh/reference/forge/forge-lint#erc20-unchecked-transfer

warning[erc20-unchecked-transfer]: ERC20 'transfer' and 'transferFrom' calls should check the return value
   --> test/integration/ZapSwaps.t.sol:231:9
    |
231 |         mixETH.transfer(bob, 10e18);
    |         ^^^^^^^^^^^^^^^^^^^^^^^^^^^
    |
    = help: https://book.getfoundry.sh/reference/forge/forge-lint#erc20-unchecked-transfer

note[mixed-case-function]: function names should use mixedCase
  --> test/mocks/MockHook.sol:49:14
   |
49 |     function totalReserveETH() external view returns (uint256) {
   |              ^^^^^^^^^^^^^^^ help: consider using: `totalReserveEth`
   |
   = help: https://book.getfoundry.sh/reference/forge/forge-lint#mixed-case-function

note[mixed-case-variable]: mutable variables should use mixedCase
  --> test/mocks/MockHook.sol:53:38
   |
53 |     function initializeCurve(uint256 _reserveMixETH, uint256 _initialSupply) external {
   |                                      ^^^^^^^^^^^^^^ help: consider using: `_reserveMixEth`
   |
   = help: https://book.getfoundry.sh/reference/forge/forge-lint#mixed-case-variable

note[mixed-case-function]: function names should use mixedCase
  --> test/unit/DeploymentScripts.t.sol:25:14
   |
25 |     function sinePL() external view returns (uint128) { return _sinePL(); }
   |              ^^^^^^ help: consider using: `sinePl`
   |
   = help: https://book.getfoundry.sh/reference/forge/forge-lint#mixed-case-function

note[mixed-case-variable]: mutable variables should use mixedCase
   --> src/PepeExpandedDescriptor.sol:255:17
    |
255 |         bytes16 HEX = "0123456789ABCDEF";
    |                 ^^^ help: consider using: `hex`
    |
    = help: https://book.getfoundry.sh/reference/forge/forge-lint#mixed-case-variable

note[named-struct-fields]: prefer initializing structs with named fields
  --> test/integration/ReinvestRepair.t.sol:50:30
   |
50 |         PoolKey memory key = PoolKey(c0, c1, 0x800000, 60, r.hook);
   |                              ^^^^^^^^^^^^^^^^^^^^^^^^^^^^^^^^^^^^^ help: consider using named fields: `PoolKey({ currency0: c0, currency1: c1, fee: 0x800000, tickSpacing: 60, hooks: r.hook })`
   |
   = help: https://book.getfoundry.sh/reference/forge/forge-lint#named-struct-fields

note[mixed-case-function]: function names should use mixedCase
   --> test/dinosat/SineV3PriceSymbolic.t.sol:112:14
    |
112 |     function check_phaseat_displacement_pos(uint88 x) public pure {
    |              ^^^^^^^^^^^^^^^^^^^^^^^^^^^^^^ help: consider using: `checkPhaseatDisplacementPos`
    |
    = help: https://book.getfoundry.sh/reference/forge/forge-lint#mixed-case-function

note[mixed-case-function]: function names should use mixedCase
   --> test/dinosat/SineV3PriceSymbolic.t.sol:120:14
    |
120 |     function check_phaseat_displacement_neg(uint88 x) public pure {
    |              ^^^^^^^^^^^^^^^^^^^^^^^^^^^^^^ help: consider using: `checkPhaseatDisplacementNeg`
    |
    = help: https://book.getfoundry.sh/reference/forge/forge-lint#mixed-case-function

note[mixed-case-function]: function names should use mixedCase
   --> test/dinosat/SineV3PriceSymbolic.t.sol:137:14
    |
137 |     function check_scaledexp_monotone(int72 e) public pure {
    |              ^^^^^^^^^^^^^^^^^^^^^^^^ help: consider using: `checkScaledexpMonotone`
    |
    = help: https://book.getfoundry.sh/reference/forge/forge-lint#mixed-case-function

note[mixed-case-function]: function names should use mixedCase
   --> test/dinosat/SineV3PriceSymbolic.t.sol:145:14
    |
145 |     function check_scaledexp_reverts_huge_scale(uint256 scale) public {
    |              ^^^^^^^^^^^^^^^^^^^^^^^^^^^^^^^^^^ help: consider using: `checkScaledexpRevertsHugeScale`
    |
    = help: https://book.getfoundry.sh/reference/forge/forge-lint#mixed-case-function

note[screaming-snake-case-immutable]: immutables should use SCREAMING_SNAKE_CASE
  --> test/unit/DeploymentScripts.t.sol:36:30
   |
36 |     IMixETH public immutable mixETH;
   |                              ^^^^^^ help: consider using: `MIX_ETH`
   |
   = help: https://book.getfoundry.sh/reference/forge/forge-lint#screaming-snake-case-immutable

note[screaming-snake-case-immutable]: immutables should use SCREAMING_SNAKE_CASE
  --> test/unit/DeploymentScripts.t.sol:37:35
   |
37 |     IPoolManager public immutable poolManager;
   |                                   ^^^^^^^^^^^ help: consider using: `POOL_MANAGER`
   |
   = help: https://book.getfoundry.sh/reference/forge/forge-lint#screaming-snake-case-immutable

note[mixed-case-variable]: mutable variables should use mixedCase
  --> src/libraries/CurveMath.sol:33:17
   |
33 |         uint256 P0;           // starting price at supply=0 (1e18 ETH)
   |                 ^^ help: consider using: `p0`
   |
   = help: https://book.getfoundry.sh/reference/forge/forge-lint#mixed-case-variable

note[screaming-snake-case-immutable]: immutables should use SCREAMING_SNAKE_CASE
  --> test/integration/V4SwapRouter.sol:21:35
   |
21 |     IPoolManager public immutable poolManager;
   |                                   ^^^^^^^^^^^ help: consider using: `POOL_MANAGER`
   |
   = help: https://book.getfoundry.sh/reference/forge/forge-lint#screaming-snake-case-immutable

note[mixed-case-variable]: mutable variables should use mixedCase
   --> src/libraries/CurveMath.sol:271:36
    |
271 |     function curveIntegral(uint256 S1, uint256 S2, CurveConfig memory cc)
    |                                    ^^ help: consider using: `s1`
    |
    = help: https://book.getfoundry.sh/reference/forge/forge-lint#mixed-case-variable

note[mixed-case-variable]: mutable variables should use mixedCase
   --> src/libraries/CurveMath.sol:271:48
    |
271 |     function curveIntegral(uint256 S1, uint256 S2, CurveConfig memory cc)
    |                                                ^^ help: consider using: `s2`
    |
    = help: https://book.getfoundry.sh/reference/forge/forge-lint#mixed-case-variable

note[unsafe-cheatcode]: usage of unsafe cheatcodes that can perform dangerous operations
  --> test/local/VectorDump.t.sol:26:12
   |
26 |         vm.writeFile('out/art-dump/vec_classic.svg', d.renderSVG(DNA_CLASSIC));
   |            ^^^^^^^^^
   |
   = help: https://book.getfoundry.sh/reference/forge/forge-lint#unsafe-cheatcode

note[unsafe-cheatcode]: usage of unsafe cheatcodes that can perform dangerous operations
  --> test/local/VectorDump.t.sol:27:12
   |
27 |         vm.writeFile('out/art-dump/vec_gold.svg', d.renderSVG(DNA_GOLD));
   |            ^^^^^^^^^
   |
   = help: https://book.getfoundry.sh/reference/forge/forge-lint#unsafe-cheatcode

note[unsafe-cheatcode]: usage of unsafe cheatcodes that can perform dangerous operations
  --> test/local/VectorDump.t.sol:28:12
   |
28 |         vm.writeFile('out/art-dump/vec_zombie.svg', d.renderSVG(DNA_ZOMBIE));
   |            ^^^^^^^^^
   |
   = help: https://book.getfoundry.sh/reference/forge/forge-lint#unsafe-cheatcode

note[unsafe-cheatcode]: usage of unsafe cheatcodes that can perform dangerous operations
  --> test/local/VectorDump.t.sol:29:12
   |
29 |         vm.writeFile('out/art-dump/vec_diamond.svg', d.renderSVG(DNA_DIAMOND));
   |            ^^^^^^^^^
   |
   = help: https://book.getfoundry.sh/reference/forge/forge-lint#unsafe-cheatcode

note[unsafe-cheatcode]: usage of unsafe cheatcodes that can perform dangerous operations
  --> test/local/VectorDump.t.sol:30:12
   |
30 |         vm.writeFile('out/art-dump/vec_acc.svg', d.renderSVG(DNA_ACC));
   |            ^^^^^^^^^
   |
   = help: https://book.getfoundry.sh/reference/forge/forge-lint#unsafe-cheatcode

note[unsafe-cheatcode]: usage of unsafe cheatcodes that can perform dangerous operations
  --> test/local/VectorDump.t.sol:31:12
   |
31 |         vm.writeFile('out/art-dump/vec_wizard.svg', d.renderSVG(DNA_WIZARD));
   |            ^^^^^^^^^
   |
   = help: https://book.getfoundry.sh/reference/forge/forge-lint#unsafe-cheatcode

note[unsafe-cheatcode]: usage of unsafe cheatcodes that can perform dangerous operations
  --> test/local/VectorDump.t.sol:32:12
   |
32 |         vm.writeFile('out/art-dump/vec_homer.svg', d.renderSVG(DNA_HOMER));
   |            ^^^^^^^^^
   |
   = help: https://book.getfoundry.sh/reference/forge/forge-lint#unsafe-cheatcode

note[mixed-case-function]: function names should use mixedCase
   --> src/RoundController.sol:243:14
    |
243 |     function getMixETH() external view returns (Currency) { return Currency.wrap(address(mixETH)); }
    |              ^^^^^^^^^ help: consider using: `getMixEth`
    |
    = help: https://book.getfoundry.sh/reference/forge/forge-lint#mixed-case-function

note[mixed-case-variable]: mutable variables should use mixedCase
   --> src/libraries/CurveMath.sol:395:16
    |
395 |         int256 F_end = int256(FPML.mulWad(segEnd, WAD - k))
    |                ^^^^^ help: consider using: `fEnd`
    |
    = help: https://book.getfoundry.sh/reference/forge/forge-lint#mixed-case-variable

warning[erc20-unchecked-transfer]: ERC20 'transfer' and 'transferFrom' calls should check the return value
  --> test/mocks/MockHook.sol:29:9
   |
29 |         mixETH.transfer(to, mixETHAmount);
   |         ^^^^^^^^^^^^^^^^^^^^^^^^^^^^^^^^^
   |
   = help: https://book.getfoundry.sh/reference/forge/forge-lint#erc20-unchecked-transfer

warning[erc20-unchecked-transfer]: ERC20 'transfer' and 'transferFrom' calls should check the return value
  --> test/mocks/MockHook.sol:34:22
   |
34 |         if (bal > 0) mixETH.transfer(to, bal);
   |                      ^^^^^^^^^^^^^^^^^^^^^^^^
   |
   = help: https://book.getfoundry.sh/reference/forge/forge-lint#erc20-unchecked-transfer

note[mixed-case-function]: function names should use mixedCase
   --> src/RoundController.sol:250:14
    |
250 |     function mixETHToETH(uint256 mixETHAmount) public view returns (uint256) {
    |              ^^^^^^^^^^^ help: consider using: `mixEthToEth`
    |
    = help: https://book.getfoundry.sh/reference/forge/forge-lint#mixed-case-function

warning[unsafe-typecast]: typecasts that can truncate values should be checked
   --> test/integration/V4SwapRouter.sol:110:73
    |
110 |             poolManager.take(decoded.poolKey.currency0, decoded.sender, uint256(amt0));
    |                                                                         ^^^^^^^^^^^^^
    |
    = note: consider disabling this lint if you're certain the cast is safe
            
            // casting to 'uint256' is safe because [explain why]
            // forge-lint: disable-next-line(unsafe-typecast)
            
            
    = help: https://book.getfoundry.sh/reference/forge/forge-lint#unsafe-typecast

warning[unsafe-typecast]: typecasts that can truncate values should be checked
   --> test/integration/V4SwapRouter.sol:113:73
    |
113 |             poolManager.take(decoded.poolKey.currency1, decoded.sender, uint256(amt1));
    |                                                                         ^^^^^^^^^^^^^
    |
    = note: consider disabling this lint if you're certain the cast is safe
            
            // casting to 'uint256' is safe because [explain why]
            // forge-lint: disable-next-line(unsafe-typecast)
            
            
    = help: https://book.getfoundry.sh/reference/forge/forge-lint#unsafe-typecast

warning[unsafe-typecast]: typecasts that can truncate values should be checked
   --> test/integration/V4SwapRouter.sol:118:49
    |
118 |             uint256 outputAmount = zeroForOne ? uint256(amt1) : uint256(amt0);
    |                                                 ^^^^^^^^^^^^^
    |
    = note: consider disabling this lint if you're certain the cast is safe
            
            // casting to 'uint256' is safe because [explain why]
            // forge-lint: disable-next-line(unsafe-typecast)
            
            
    = help: https://book.getfoundry.sh/reference/forge/forge-lint#unsafe-typecast

warning[unsafe-typecast]: typecasts that can truncate values should be checked
   --> test/integration/V4SwapRouter.sol:118:65
    |
118 |             uint256 outputAmount = zeroForOne ? uint256(amt1) : uint256(amt0);
    |                                                                 ^^^^^^^^^^^^^
    |
    = note: consider disabling this lint if you're certain the cast is safe
            
            // casting to 'uint256' is safe because [explain why]
            // forge-lint: disable-next-line(unsafe-typecast)
            
            
    = help: https://book.getfoundry.sh/reference/forge/forge-lint#unsafe-typecast

note[mixed-case-variable]: mutable variables should use mixedCase
   --> src/RoundController.sol:250:34
    |
250 |     function mixETHToETH(uint256 mixETHAmount) public view returns (uint256) {
    |                                  ^^^^^^^^^^^^ help: consider using: `mixEthAmount`
    |
    = help: https://book.getfoundry.sh/reference/forge/forge-lint#mixed-case-variable

note[mixed-case-function]: function names should use mixedCase
   --> src/RoundController.sol:272:14
    |
272 |     function mintPSPForSwap(uint256 amount) external onlyHook {
    |              ^^^^^^^^^^^^^^ help: consider using: `mintPspForSwap`
    |
    = help: https://book.getfoundry.sh/reference/forge/forge-lint#mixed-case-function

warning[unsafe-typecast]: typecasts that can truncate values should be checked
  --> test/dinosat/SineV3PriceSymbolic.t.sol:29:36
   |
29 |         assert(SineV3Price.phaseAt(int256(x)) <= SineV3Price.phaseAt(int256(x + 1)));
   |                                    ^^^^^^^^^
   |
   = note: consider disabling this lint if you're certain the cast is safe
           
           // casting to 'int256' is safe because [explain why]
           // forge-lint: disable-next-line(unsafe-typecast)
           
           
   = help: https://book.getfoundry.sh/reference/forge/forge-lint#unsafe-typecast

warning[unsafe-typecast]: typecasts that can truncate values should be checked
  --> test/dinosat/SineV3PriceSymbolic.t.sol:29:70
   |
29 |         assert(SineV3Price.phaseAt(int256(x)) <= SineV3Price.phaseAt(int256(x + 1)));
   |                                                                      ^^^^^^^^^^^^^
   |
   = note: consider disabling this lint if you're certain the cast is safe
           
           // casting to 'int256' is safe because [explain why]
           // forge-lint: disable-next-line(unsafe-typecast)
           
           
   = help: https://book.getfoundry.sh/reference/forge/forge-lint#unsafe-typecast

note[mixed-case-variable]: mutable variables should use mixedCase
   --> src/libraries/CurveMath.sol:397:16
    |
397 |         int256 F_start = int256(FPML.mulWad(segStart, WAD - k))
    |                ^^^^^^^ help: consider using: `fStart`
    |
    = help: https://book.getfoundry.sh/reference/forge/forge-lint#mixed-case-variable

note[mixed-case-variable]: mutable variables should use mixedCase
   --> src/libraries/CurveMath.sol:412:17
    |
412 |         uint256 P0,
    |                 ^^ help: consider using: `p0`
    |
    = help: https://book.getfoundry.sh/reference/forge/forge-lint#mixed-case-variable

note[mixed-case-variable]: mutable variables should use mixedCase
   --> src/libraries/CurveMath.sol:413:17
    |
413 |         uint256 S_inf,
    |                 ^^^^^ help: consider using: `sInf`
    |
    = help: https://book.getfoundry.sh/reference/forge/forge-lint#mixed-case-variable

note[mixed-case-variable]: mutable variables should use mixedCase
   --> src/libraries/CurveMath.sol:438:17
    |
438 |         uint256 P0,
    |                 ^^ help: consider using: `p0`
    |
    = help: https://book.getfoundry.sh/reference/forge/forge-lint#mixed-case-variable

note[mixed-case-function]: function names should use mixedCase
   --> test/mocks/MockPoolManager.sol:138:14
    |
138 |     function updateDynamicLPFee(PoolKey memory, uint24) external pure { revert NotSupported(); }
    |              ^^^^^^^^^^^^^^^^^^ help: consider using: `updateDynamicLpFee`
    |
    = help: https://book.getfoundry.sh/reference/forge/forge-lint#mixed-case-function

note[unused-import]: unused imports should be removed
  --> test/mocks/MockPoolManager.sol:12:9
   |
12 | import {PoolId, PoolIdLibrary} from "@uniswap/v4-core/src/types/PoolId.sol";
   |         ^^^^^^
   |
   = help: https://book.getfoundry.sh/reference/forge/forge-lint#unused-import

warning[unsafe-typecast]: typecasts that can truncate values should be checked
  --> test/mocks/MockPoolManager.sol:89:30
   |
89 |             ? toBalanceDelta(int128(specified), int128(unspecified))
   |                              ^^^^^^^^^^^^^^^^^
   |
   = note: consider disabling this lint if you're certain the cast is safe
           
           // casting to 'int128' is safe because [explain why]
           // forge-lint: disable-next-line(unsafe-typecast)
           
           
   = help: https://book.getfoundry.sh/reference/forge/forge-lint#unsafe-typecast

note[screaming-snake-case-immutable]: immutables should use SCREAMING_SNAKE_CASE
  --> src/CurveHook.sol:66:39
   |
66 |     IRoundController public immutable controller;
   |                                       ^^^^^^^^^^ help: consider using: `CONTROLLER`
   |
   = help: https://book.getfoundry.sh/reference/forge/forge-lint#screaming-snake-case-immutable

note[screaming-snake-case-immutable]: immutables should use SCREAMING_SNAKE_CASE
  --> src/CurveHook.sol:69:42
   |
69 |     PSPReferralRegistry public immutable referralRegistry;
   |                                          ^^^^^^^^^^^^^^^^ help: consider using: `REFERRAL_REGISTRY`
   |
   = help: https://book.getfoundry.sh/reference/forge/forge-lint#screaming-snake-case-immutable

note[mixed-case-function]: function names should use mixedCase
   --> src/RoundController.sol:276:14
    |
276 |     function burnPSPForSwap(uint256 amount) external onlyHook {
    |              ^^^^^^^^^^^^^^ help: consider using: `burnPspForSwap`
    |
    = help: https://book.getfoundry.sh/reference/forge/forge-lint#mixed-case-function

warning[incorrect-shift]: the order of args in a shift operation is incorrect
   --> src/libraries/CurveMath.sol:543:47
    |
543 |     uint256 internal constant TIMINGS_MASK = (1 << TIMINGS_WIDTH) - 1;
    |                                               ^^^^^^^^^^^^^^^^^^
    |
    = help: https://book.getfoundry.sh/reference/forge/forge-lint#incorrect-shift

note[unsafe-cheatcode]: usage of unsafe cheatcodes that can perform dangerous operations
  --> test/unit/DeploymentScripts.t.sol:75:12
   |
75 |         vm.setEnv("PSP_SINE_PTARGET", "60000000000000000");
   |            ^^^^^^
   |
   = help: https://book.getfoundry.sh/reference/forge/forge-lint#unsafe-cheatcode

note[unsafe-cheatcode]: usage of unsafe cheatcodes that can perform dangerous operations
  --> test/unit/DeploymentScripts.t.sol:78:12
   |
78 |         vm.setEnv("PSP_SINE_PTARGET", "");
   |            ^^^^^^
   |
   = help: https://book.getfoundry.sh/reference/forge/forge-lint#unsafe-cheatcode

note[unsafe-cheatcode]: usage of unsafe cheatcodes that can perform dangerous operations
  --> test/unit/DeploymentScripts.t.sol:79:12
   |
79 |         vm.setEnv("PSP_SINE_PL", "1");
   |            ^^^^^^
   |
   = help: https://book.getfoundry.sh/reference/forge/forge-lint#unsafe-cheatcode

note[unsafe-cheatcode]: usage of unsafe cheatcodes that can perform dangerous operations
  --> test/unit/DeploymentScripts.t.sol:82:12
   |
82 |         vm.setEnv("PSP_SINE_PL", "75000000000000");
   |            ^^^^^^
   |
   = help: https://book.getfoundry.sh/reference/forge/forge-lint#unsafe-cheatcode

note[unsafe-cheatcode]: usage of unsafe cheatcodes that can perform dangerous operations
  --> test/unit/DeploymentScripts.t.sol:87:12
   |
87 |         vm.setEnv("PSP_PREDEPOSIT_SEC", "600");
   |            ^^^^^^
   |
   = help: https://book.getfoundry.sh/reference/forge/forge-lint#unsafe-cheatcode

note[unsafe-cheatcode]: usage of unsafe cheatcodes that can perform dangerous operations
  --> test/local/HeroDump.t.sol:11:12
   |
11 |         vm.writeFile("out/art-dump/hero.svg", d.renderSVG(dna));
   |            ^^^^^^^^^
   |
   = help: https://book.getfoundry.sh/reference/forge/forge-lint#unsafe-cheatcode

note[unsafe-cheatcode]: usage of unsafe cheatcodes that can perform dangerous operations
  --> test/local/HeroDump.t.sol:14:12
   |
14 |         vm.writeFile("out/art-dump/hero2.svg", d.renderSVG(dna2));
   |            ^^^^^^^^^
   |
   = help: https://book.getfoundry.sh/reference/forge/forge-lint#unsafe-cheatcode

note[screaming-snake-case-immutable]: immutables should use SCREAMING_SNAKE_CASE
   --> src/CurveHook.sol:126:30
    |
126 |     uint256 public immutable detWindow;
    |                              ^^^^^^^^^ help: consider using: `DET_WINDOW`
    |
    = help: https://book.getfoundry.sh/reference/forge/forge-lint#screaming-snake-case-immutable

note[mixed-case-variable]: mutable variables should use mixedCase
   --> src/CurveHook.sol:141:20
    |
141 |     uint256 public reserveMixETH;   // mixETH backing circulating PSP (excludes fees)
    |                    ^^^^^^^^^^^^^ help: consider using: `reserveMixEth`
    |
    = help: https://book.getfoundry.sh/reference/forge/forge-lint#mixed-case-variable

note[mixed-case-variable]: mutable variables should use mixedCase
   --> src/CurveHook.sol:142:20
    |
142 |     uint256 public totalSupplyPSP;  // total PSP minted by curve
    |                    ^^^^^^^^^^^^^^ help: consider using: `totalSupplyPsp`
    |
    = help: https://book.getfoundry.sh/reference/forge/forge-lint#mixed-case-variable

note[mixed-case-variable]: mutable variables should use mixedCase
   --> src/CurveHook.sol:157:20
    |
157 |     uint128 public sinePL;
    |                    ^^^^^^ help: consider using: `sinePl`
    |
    = help: https://book.getfoundry.sh/reference/forge/forge-lint#mixed-case-variable

note[unused-import]: unused imports should be removed
 --> test/audit/ProbeM2.t.sol:4:9
  |
4 | import {Test, console2} from "forge-std/Test.sol";
  |         ^^^^
  |
  = help: https://book.getfoundry.sh/reference/forge/forge-lint#unused-import

note[unsafe-cheatcode]: usage of unsafe cheatcodes that can perform dangerous operations
  --> test/unit/DeploymentScripts.t.sol:88:12
   |
88 |         vm.setEnv("PSP_VEST_SEC", "1200");
   |            ^^^^^^
   |
   = help: https://book.getfoundry.sh/reference/forge/forge-lint#unsafe-cheatcode

note[unsafe-cheatcode]: usage of unsafe cheatcodes that can perform dangerous operations
  --> test/unit/DeploymentScripts.t.sol:89:12
   |
89 |         vm.setEnv("PSP_DET_SEC", "1800");
   |            ^^^^^^
   |
   = help: https://book.getfoundry.sh/reference/forge/forge-lint#unsafe-cheatcode

note[unsafe-cheatcode]: usage of unsafe cheatcodes that can perform dangerous operations
  --> test/unit/DeploymentScripts.t.sol:90:12
   |
90 |         vm.setEnv("PSP_WALLET_CAP_MIX", "25");
   |            ^^^^^^
   |
   = help: https://book.getfoundry.sh/reference/forge/forge-lint#unsafe-cheatcode

note[unsafe-cheatcode]: usage of unsafe cheatcodes that can perform dangerous operations
  --> test/unit/DeploymentScripts.t.sol:92:12
   |
92 |         vm.setEnv("PSP_VEST_SEC", "1201");
   |            ^^^^^^
   |
   = help: https://book.getfoundry.sh/reference/forge/forge-lint#unsafe-cheatcode

note[unused-import]: unused imports should be removed
 --> test/audit/AdjudicateB7b.t.sol:6:9
  |
6 | import {CurveHook} from "../../src/CurveHook.sol";
  |         ^^^^^^^^^
  |
  = help: https://book.getfoundry.sh/reference/forge/forge-lint#unused-import

note[unused-import]: unused imports should be removed
  --> test/audit/AdjudicateB7b.t.sol:10:9
   |
10 | import {IHooks} from "@uniswap/v4-core/src/interfaces/IHooks.sol";
   |         ^^^^^^
   |
   = help: https://book.getfoundry.sh/reference/forge/forge-lint#unused-import

warning[incorrect-shift]: the order of args in a shift operation is incorrect
   --> src/libraries/CurveMath.sol:550:54
    |
550 |     uint256 internal constant TIMINGS_LAYOUT_GUARD = 1 << (TIMINGS_COUNT * TIMINGS_WIDTH - 1);
    |                                                      ^^^^^^^^^^^^^^^^^^^^^^^^^^^^^^^^^^^^^^^^
    |
    = help: https://book.getfoundry.sh/reference/forge/forge-lint#incorrect-shift

warning[unsafe-typecast]: typecasts that can truncate values should be checked
  --> test/dinosat/SineV3PriceSymbolic.t.sol:66:36
   |
66 |         assert(SineV3Price.phaseAt(int256(WAD - 1)) <= SineV3Price.phaseAt(int256(WAD)));
   |                                    ^^^^^^^^^^^^^^^
   |
   = note: consider disabling this lint if you're certain the cast is safe
           
           // casting to 'int256' is safe because [explain why]
           // forge-lint: disable-next-line(unsafe-typecast)
           
           
   = help: https://book.getfoundry.sh/reference/forge/forge-lint#unsafe-typecast

warning[unsafe-typecast]: typecasts that can truncate values should be checked
  --> test/dinosat/SineV3PriceSymbolic.t.sol:66:76
   |
66 |         assert(SineV3Price.phaseAt(int256(WAD - 1)) <= SineV3Price.phaseAt(int256(WAD)));
   |                                                                            ^^^^^^^^^^^
   |
   = note: consider disabling this lint if you're certain the cast is safe
           
           // casting to 'int256' is safe because [explain why]
           // forge-lint: disable-next-line(unsafe-typecast)
           
           
   = help: https://book.getfoundry.sh/reference/forge/forge-lint#unsafe-typecast

warning[unsafe-typecast]: typecasts that can truncate values should be checked
  --> test/dinosat/SineV3PriceSymbolic.t.sol:72:36
   |
72 |         assert(SineV3Price.phaseAt(int256(WAD / 4 - 1)) <= SineV3Price.phaseAt(int256(WAD / 4)));
   |                                    ^^^^^^^^^^^^^^^^^^^
   |
   = note: consider disabling this lint if you're certain the cast is safe
           
           // casting to 'int256' is safe because [explain why]
           // forge-lint: disable-next-line(unsafe-typecast)
           
           
   = help: https://book.getfoundry.sh/reference/forge/forge-lint#unsafe-typecast

warning[unsafe-typecast]: typecasts that can truncate values should be checked
  --> test/dinosat/SineV3PriceSymbolic.t.sol:72:80
   |
72 |         assert(SineV3Price.phaseAt(int256(WAD / 4 - 1)) <= SineV3Price.phaseAt(int256(WAD / 4)));
   |                                                                                ^^^^^^^^^^^^^^^
   |
   = note: consider disabling this lint if you're certain the cast is safe
           
           // casting to 'int256' is safe because [explain why]
           // forge-lint: disable-next-line(unsafe-typecast)
           
           
   = help: https://book.getfoundry.sh/reference/forge/forge-lint#unsafe-typecast

warning[unsafe-typecast]: typecasts that can truncate values should be checked
  --> test/dinosat/SineV3PriceSymbolic.t.sol:73:36
   |
73 |         assert(SineV3Price.phaseAt(int256(WAD / 2 - 1)) <= SineV3Price.phaseAt(int256(WAD / 2)));
   |                                    ^^^^^^^^^^^^^^^^^^^
   |
   = note: consider disabling this lint if you're certain the cast is safe
           
           // casting to 'int256' is safe because [explain why]
           // forge-lint: disable-next-line(unsafe-typecast)
           
           
   = help: https://book.getfoundry.sh/reference/forge/forge-lint#unsafe-typecast

warning[unsafe-typecast]: typecasts that can truncate values should be checked
  --> test/dinosat/SineV3PriceSymbolic.t.sol:73:80
   |
73 |         assert(SineV3Price.phaseAt(int256(WAD / 2 - 1)) <= SineV3Price.phaseAt(int256(WAD / 2)));
   |                                                                                ^^^^^^^^^^^^^^^
   |
   = note: consider disabling this lint if you're certain the cast is safe
           
           // casting to 'int256' is safe because [explain why]
           // forge-lint: disable-next-line(unsafe-typecast)
           
           
   = help: https://book.getfoundry.sh/reference/forge/forge-lint#unsafe-typecast

warning[unsafe-typecast]: typecasts that can truncate values should be checked
  --> test/dinosat/SineV3PriceSymbolic.t.sol:74:36
   |
74 |         assert(SineV3Price.phaseAt(int256(3 * WAD / 4 - 1)) <= SineV3Price.phaseAt(int256(3 * WAD / 4)));
   |                                    ^^^^^^^^^^^^^^^^^^^^^^^
   |
   = note: consider disabling this lint if you're certain the cast is safe
           
           // casting to 'int256' is safe because [explain why]
           // forge-lint: disable-next-line(unsafe-typecast)
           
           
   = help: https://book.getfoundry.sh/reference/forge/forge-lint#unsafe-typecast

warning[unsafe-typecast]: typecasts that can truncate values should be checked
  --> test/dinosat/SineV3PriceSymbolic.t.sol:74:84
   |
74 |         assert(SineV3Price.phaseAt(int256(3 * WAD / 4 - 1)) <= SineV3Price.phaseAt(int256(3 * WAD / 4)));
   |                                                                                    ^^^^^^^^^^^^^^^^^^^
   |
   = note: consider disabling this lint if you're certain the cast is safe
           
           // casting to 'int256' is safe because [explain why]
           // forge-lint: disable-next-line(unsafe-typecast)
           
           
   = help: https://book.getfoundry.sh/reference/forge/forge-lint#unsafe-typecast

note[unused-import]: unused imports should be removed
 --> test/integration/WeiNames.t.sol:6:9
  |
6 | import {PSPNameCustody} from "../../src/names/PSPNameCustody.sol";
  |         ^^^^^^^^^^^^^^
  |
  = help: https://book.getfoundry.sh/reference/forge/forge-lint#unused-import

note[mixed-case-function]: function names should use mixedCase
   --> src/CurveHook.sol:212:14
    |
212 |     function MIN_BUY_INPUT() public view returns (uint256) {
    |              ^^^^^^^^^^^^^ help: consider using: `minBuyInput`
    |
    = help: https://book.getfoundry.sh/reference/forge/forge-lint#mixed-case-function

warning[divide-before-multiply]: multiplication should occur before division to avoid loss of precision
   --> src/CurveHook.sol:234:36
    |
234 |         return GameRules.MIN_BUY + (growth / 1_000_000) * 21 + (growth % 1_000_000) * 21 / 1_000_000;
    |                                    ^^^^^^^^^^^^^^^^^^^^^^^^^
    |
    = help: https://book.getfoundry.sh/reference/forge/forge-lint#divide-before-multiply

note[screaming-snake-case-immutable]: immutables should use SCREAMING_SNAKE_CASE
   --> src/CurveHook.sol:240:30
    |
240 |     address public immutable deployerCutTo;
    |                              ^^^^^^^^^^^^^ help: consider using: `DEPLOYER_CUT_TO`
    |
    = help: https://book.getfoundry.sh/reference/forge/forge-lint#screaming-snake-case-immutable

warning[incorrect-shift]: the order of args in a shift operation is incorrect
   --> src/libraries/CurveMath.sol:560:28
    |
560 |         if (predeposit >= (1 << TIMINGS_WIDTH) || vest >= (1 << TIMINGS_WIDTH)) {
    |                            ^^^^^^^^^^^^^^^^^^
    |
    = help: https://book.getfoundry.sh/reference/forge/forge-lint#incorrect-shift

note[screaming-snake-case-immutable]: immutables should use SCREAMING_SNAKE_CASE
  --> test/audit/testnet-final/SineCustodyInvariants.t.sol:38:35
   |
38 |     IPoolManager public immutable pm;
   |                                   ^^ help: consider using: `PM`
   |
   = help: https://book.getfoundry.sh/reference/forge/forge-lint#screaming-snake-case-immutable

note[screaming-snake-case-immutable]: immutables should use SCREAMING_SNAKE_CASE
  --> test/audit/testnet-final/SineCustodyInvariants.t.sol:39:29
   |
39 |     IERC20 public immutable mix;
   |                             ^^^ help: consider using: `MIX`
   |
   = help: https://book.getfoundry.sh/reference/forge/forge-lint#screaming-snake-case-immutable

note[mixed-case-variable]: mutable variables should use mixedCase
   --> src/RoundController.sol:283:30
    |
283 |     function addFees(uint256 mixETHAmount) external onlyHook {
    |                              ^^^^^^^^^^^^ help: consider using: `mixEthAmount`
    |
    = help: https://book.getfoundry.sh/reference/forge/forge-lint#mixed-case-variable

warning[incorrect-shift]: the order of args in a shift operation is incorrect
   --> src/libraries/CurveMath.sol:560:60
    |
560 |         if (predeposit >= (1 << TIMINGS_WIDTH) || vest >= (1 << TIMINGS_WIDTH)) {
    |                                                            ^^^^^^^^^^^^^^^^^^
    |
    = help: https://book.getfoundry.sh/reference/forge/forge-lint#incorrect-shift

note[mixed-case-variable]: mutable variables should use mixedCase
   --> src/CurveHook.sol:263:46
    |
263 |     event Buy(address indexed buyer, uint256 mixETHIn, uint256 pspOut, uint256 newSupply, uint256 newReserveMixETH);
    |                                              ^^^^^^^^ help: consider using: `mixEthIn`
    |
    = help: https://book.getfoundry.sh/reference/forge/forge-lint#mixed-case-variable

note[mixed-case-variable]: mutable variables should use mixedCase
   --> src/CurveHook.sol:263:99
    |
263 |     event Buy(address indexed buyer, uint256 mixETHIn, uint256 pspOut, uint256 newSupply, uint256 newReserveMixETH);
    |                                                                                                   ^^^^^^^^^^^^^^^^ help: consider using: `newReserveMixEth`
    |
    = help: https://book.getfoundry.sh/reference/forge/forge-lint#mixed-case-variable

note[mixed-case-variable]: mutable variables should use mixedCase
   --> src/CurveHook.sol:264:63
    |
264 |     event Sell(address indexed seller, uint256 pspIn, uint256 mixETHOut, uint256 newSupply, uint256 newReserveMixETH);
    |                                                               ^^^^^^^^^ help: consider using: `mixEthOut`
    |
    = help: https://book.getfoundry.sh/reference/forge/forge-lint#mixed-case-variable

warning[incorrect-shift]: the order of args in a shift operation is incorrect
   --> src/libraries/CurveMath.sol:578:34
    |
578 |         if (detWindowSeconds >= (1 << TIMINGS_WIDTH)) revert TimingsOverflow();
    |                                  ^^^^^^^^^^^^^^^^^^
    |
    = help: https://book.getfoundry.sh/reference/forge/forge-lint#incorrect-shift

warning[incorrect-shift]: the order of args in a shift operation is incorrect
   --> src/libraries/CurveMath.sol:579:30
    |
579 |         if (walletCapMix >= (1 << TIMINGS_WIDTH)) revert TimingsOverflow();
    |                              ^^^^^^^^^^^^^^^^^^
    |
    = help: https://book.getfoundry.sh/reference/forge/forge-lint#incorrect-shift

note[mixed-case-variable]: mutable variables should use mixedCase
   --> src/CurveHook.sol:264:101
    |
264 |     event Sell(address indexed seller, uint256 pspIn, uint256 mixETHOut, uint256 newSupply, uint256 newReserveMixETH);
    |                                                                                                     ^^^^^^^^^^^^^^^^ help: consider using: `newReserveMixEth`
    |
    = help: https://book.getfoundry.sh/reference/forge/forge-lint#mixed-case-variable

note[mixed-case-variable]: mutable variables should use mixedCase
   --> src/CurveHook.sol:267:48
    |
267 |     event FeesSent(address indexed to, uint256 mixETHAmount);
    |                                                ^^^^^^^^^^^^ help: consider using: `mixEthAmount`
    |
    = help: https://book.getfoundry.sh/reference/forge/forge-lint#mixed-case-variable

note[mixed-case-variable]: mutable variables should use mixedCase
   --> src/CurveHook.sol:269:51
    |
269 |     event PotClaimed(address indexed who, uint256 mixETHAmount);
    |                                                   ^^^^^^^^^^^^ help: consider using: `mixEthAmount`
    |
    = help: https://book.getfoundry.sh/reference/forge/forge-lint#mixed-case-variable

note[mixed-case-variable]: mutable variables should use mixedCase
   --> src/CurveHook.sol:270:62
    |
270 |     event DeployerCreditClaimed(address indexed who, uint256 mixETHAmount);
    |                                                              ^^^^^^^^^^^^ help: consider using: `mixEthAmount`
    |
    = help: https://book.getfoundry.sh/reference/forge/forge-lint#mixed-case-variable

warning[unsafe-typecast]: typecasts that can truncate values should be checked
  --> src/libraries/CurveMath.sol:84:35
   |
84 |         int256 ePow = FPML.expWad(int256(expInput));
   |                                   ^^^^^^^^^^^^^^^^
   |
   = note: consider disabling this lint if you're certain the cast is safe
           
           // casting to 'int256' is safe because [explain why]
           // forge-lint: disable-next-line(unsafe-typecast)
           
           
   = help: https://book.getfoundry.sh/reference/forge/forge-lint#unsafe-typecast

warning[unsafe-typecast]: typecasts that can truncate values should be checked
  --> src/libraries/CurveMath.sol:85:36
   |
85 |         return FPML.mulWad(pStart, uint256(ePow));
   |                                    ^^^^^^^^^^^^^
   |
   = note: consider disabling this lint if you're certain the cast is safe
           
           // casting to 'uint256' is safe because [explain why]
           // forge-lint: disable-next-line(unsafe-typecast)
           
           
   = help: https://book.getfoundry.sh/reference/forge/forge-lint#unsafe-typecast

note[mixed-case-function]: function names should use mixedCase
   --> src/CurveHook.sol:311:14
    |
311 |     function totalReserveETH() public view returns (uint256) {
    |              ^^^^^^^^^^^^^^^ help: consider using: `totalReserveEth`
    |
    = help: https://book.getfoundry.sh/reference/forge/forge-lint#mixed-case-function

note[mixed-case-variable]: mutable variables should use mixedCase
   --> src/CurveHook.sol:353:18
    |
353 |         Currency mixETH = controller.getMixETH();
    |                  ^^^^^^ help: consider using: `mixEth`
    |
    = help: https://book.getfoundry.sh/reference/forge/forge-lint#mixed-case-variable

note[mixed-case-variable]: mutable variables should use mixedCase
   --> src/RoundController.sol:298:41
    |
298 |     function predepositWithPepe(uint256 mixETHAmount, uint256 pepeId) external nonReentrant {
    |                                         ^^^^^^^^^^^^ help: consider using: `mixEthAmount`
    |
    = help: https://book.getfoundry.sh/reference/forge/forge-lint#mixed-case-variable

note[named-struct-fields]: prefer initializing structs with named fields
   --> test/integration/BaseSepoliaRelease.t.sol:279:16
    |
279 |         return PoolKey(c0, c1, 0x800000, 60, r.hook);
    |                ^^^^^^^^^^^^^^^^^^^^^^^^^^^^^^^^^^^^^ help: consider using named fields: `PoolKey({ currency0: c0, currency1: c1, fee: 0x800000, tickSpacing: 60, hooks: r.hook })`
    |
    = help: https://book.getfoundry.sh/reference/forge/forge-lint#named-struct-fields

note[named-struct-fields]: prefer initializing structs with named fields
   --> test/integration/BaseSepoliaRelease.t.sol:315:30
    |
315 |         PoolKey memory key = PoolKey(c0,c1,0x800000,60,r.hook);
    |                              ^^^^^^^^^^^^^^^^^^^^^^^^^^^^^^^^^ help: consider using named fields: `PoolKey({ currency0: c0, currency1: c1, fee: 0x800000, tickSpacing: 60, hooks: r.hook })`
    |
    = help: https://book.getfoundry.sh/reference/forge/forge-lint#named-struct-fields

warning[unsafe-typecast]: typecasts that can truncate values should be checked
   --> src/libraries/CurveMath.sol:100:39
    |
100 |         uint256 lnAbs = lnRatio > 0 ? uint256(lnRatio) : uint256(0);
    |                                       ^^^^^^^^^^^^^^^^
    |
    = note: consider disabling this lint if you're certain the cast is safe
            
            // casting to 'uint256' is safe because [explain why]
            // forge-lint: disable-next-line(unsafe-typecast)
            
            
    = help: https://book.getfoundry.sh/reference/forge/forge-lint#unsafe-typecast

warning[unsafe-typecast]: typecasts that can truncate values should be checked
  --> test/dinosat/SineV3PriceSymbolic.t.sol:83:39
   |
83 |         check_phaseat_monotone_pos_q1(uint88(WAD / 4 - 1));
   |                                       ^^^^^^^^^^^^^^^^^^^
   |
   = note: consider disabling this lint if you're certain the cast is safe
           
           // casting to 'uint88' is safe because [explain why]
           // forge-lint: disable-next-line(unsafe-typecast)
           
           
   = help: https://book.getfoundry.sh/reference/forge/forge-lint#unsafe-typecast

warning[unsafe-typecast]: typecasts that can truncate values should be checked
  --> test/dinosat/SineV3PriceSymbolic.t.sol:84:39
   |
84 |         check_phaseat_monotone_pos_q2(uint88(WAD / 4));
   |                                       ^^^^^^^^^^^^^^^
   |
   = note: consider disabling this lint if you're certain the cast is safe
           
           // casting to 'uint88' is safe because [explain why]
           // forge-lint: disable-next-line(unsafe-typecast)
           
           
   = help: https://book.getfoundry.sh/reference/forge/forge-lint#unsafe-typecast

warning[unsafe-typecast]: typecasts that can truncate values should be checked
  --> test/dinosat/SineV3PriceSymbolic.t.sol:85:39
   |
85 |         check_phaseat_monotone_pos_q2(uint88(WAD / 2 - 1));
   |                                       ^^^^^^^^^^^^^^^^^^^
   |
   = note: consider disabling this lint if you're certain the cast is safe
           
           // casting to 'uint88' is safe because [explain why]
           // forge-lint: disable-next-line(unsafe-typecast)
           
           
   = help: https://book.getfoundry.sh/reference/forge/forge-lint#unsafe-typecast

warning[unsafe-typecast]: typecasts that can truncate values should be checked
  --> test/dinosat/SineV3PriceSymbolic.t.sol:86:39
   |
86 |         check_phaseat_monotone_pos_q3(uint88(WAD / 2));
   |                                       ^^^^^^^^^^^^^^^
   |
   = note: consider disabling this lint if you're certain the cast is safe
           
           // casting to 'uint88' is safe because [explain why]
           // forge-lint: disable-next-line(unsafe-typecast)
           
           
   = help: https://book.getfoundry.sh/reference/forge/forge-lint#unsafe-typecast

warning[unsafe-typecast]: typecasts that can truncate values should be checked
  --> test/dinosat/SineV3PriceSymbolic.t.sol:87:39
   |
87 |         check_phaseat_monotone_pos_q3(uint88(3 * WAD / 4 - 1));
   |                                       ^^^^^^^^^^^^^^^^^^^^^^^
   |
   = note: consider disabling this lint if you're certain the cast is safe
           
           // casting to 'uint88' is safe because [explain why]
           // forge-lint: disable-next-line(unsafe-typecast)
           
           
   = help: https://book.getfoundry.sh/reference/forge/forge-lint#unsafe-typecast

warning[unsafe-typecast]: typecasts that can truncate values should be checked
  --> test/dinosat/SineV3PriceSymbolic.t.sol:88:39
   |
88 |         check_phaseat_monotone_pos_q4(uint88(3 * WAD / 4));
   |                                       ^^^^^^^^^^^^^^^^^^^
   |
   = note: consider disabling this lint if you're certain the cast is safe
           
           // casting to 'uint88' is safe because [explain why]
           // forge-lint: disable-next-line(unsafe-typecast)
           
           
   = help: https://book.getfoundry.sh/reference/forge/forge-lint#unsafe-typecast

warning[unsafe-typecast]: typecasts that can truncate values should be checked
  --> test/dinosat/SineV3PriceSymbolic.t.sol:89:39
   |
89 |         check_phaseat_monotone_pos_q4(uint88(WAD - 1));
   |                                       ^^^^^^^^^^^^^^^
   |
   = note: consider disabling this lint if you're certain the cast is safe
           
           // casting to 'uint88' is safe because [explain why]
           // forge-lint: disable-next-line(unsafe-typecast)
           
           
   = help: https://book.getfoundry.sh/reference/forge/forge-lint#unsafe-typecast

note[screaming-snake-case-immutable]: immutables should use SCREAMING_SNAKE_CASE
   --> test/SineV3Economics.t.sol:188:35
    |
188 |     IPoolManager public immutable pm;
    |                                   ^^ help: consider using: `PM`
    |
    = help: https://book.getfoundry.sh/reference/forge/forge-lint#screaming-snake-case-immutable

note[screaming-snake-case-immutable]: immutables should use SCREAMING_SNAKE_CASE
   --> test/SineV3Economics.t.sol:189:29
    |
189 |     IERC20 public immutable mix;
    |                             ^^^ help: consider using: `MIX`
    |
    = help: https://book.getfoundry.sh/reference/forge/forge-lint#screaming-snake-case-immutable

warning[unsafe-typecast]: typecasts that can truncate values should be checked
   --> src/libraries/CurveMath.sol:368:64
    |
368 |         uint256 fEnd = FPML.mulWad(pOverK, uint256(FPML.expWad(int256(expEnd))));
    |                                                                ^^^^^^^^^^^^^^
    |
    = note: consider disabling this lint if you're certain the cast is safe
            
            // casting to 'int256' is safe because [explain why]
            // forge-lint: disable-next-line(unsafe-typecast)
            
            
    = help: https://book.getfoundry.sh/reference/forge/forge-lint#unsafe-typecast

warning[unsafe-typecast]: typecasts that can truncate values should be checked
   --> src/libraries/CurveMath.sol:369:66
    |
369 |         uint256 fStart = FPML.mulWad(pOverK, uint256(FPML.expWad(int256(expStart))));
    |                                                                  ^^^^^^^^^^^^^^^^
    |
    = note: consider disabling this lint if you're certain the cast is safe
            
            // casting to 'int256' is safe because [explain why]
            // forge-lint: disable-next-line(unsafe-typecast)
            
            
    = help: https://book.getfoundry.sh/reference/forge/forge-lint#unsafe-typecast

warning[unsafe-typecast]: typecasts that can truncate values should be checked
   --> src/libraries/CurveMath.sol:396:58
    |
396 |             + int256(FPML.mulWad(FPML.mulWad(k, segEnd), uint256(lnEnd)));
    |                                                          ^^^^^^^^^^^^^^
    |
    = note: consider disabling this lint if you're certain the cast is safe
            
            // casting to 'uint256' is safe because [explain why]
            // forge-lint: disable-next-line(unsafe-typecast)
            
            
    = help: https://book.getfoundry.sh/reference/forge/forge-lint#unsafe-typecast

note[unsafe-cheatcode]: usage of unsafe cheatcodes that can perform dangerous operations
   --> test/unit/DeploymentScripts.t.sol:110:12
    |
110 |         vm.setEnv("PSP_WALLET_CAP_MIX", "999");
    |            ^^^^^^
    |
    = help: https://book.getfoundry.sh/reference/forge/forge-lint#unsafe-cheatcode

note[unsafe-cheatcode]: usage of unsafe cheatcodes that can perform dangerous operations
   --> test/unit/DeploymentScripts.t.sol:131:12
    |
131 |         vm.setEnv("PSP_WALLET_CAP_MIX", "999");
    |            ^^^^^^
    |
    = help: https://book.getfoundry.sh/reference/forge/forge-lint#unsafe-cheatcode

note[mixed-case-variable]: mutable variables should use mixedCase
  --> test/audit/testnet-final/SineCustodyInvariants.t.sol:86:12
   |
86 |     IERC20 sinePSP;
   |            ^^^^^^^ help: consider using: `sinePsp`
   |
   = help: https://book.getfoundry.sh/reference/forge/forge-lint#mixed-case-variable

warning[unsafe-typecast]: typecasts that can truncate values should be checked
   --> src/libraries/CurveMath.sol:398:60
    |
398 |             + int256(FPML.mulWad(FPML.mulWad(k, segStart), uint256(lnStart)));
    |                                                            ^^^^^^^^^^^^^^^^
    |
    = note: consider disabling this lint if you're certain the cast is safe
            
            // casting to 'uint256' is safe because [explain why]
            // forge-lint: disable-next-line(unsafe-typecast)
            
            
    = help: https://book.getfoundry.sh/reference/forge/forge-lint#unsafe-typecast

warning[unsafe-typecast]: typecasts that can truncate values should be checked
   --> src/libraries/CurveMath.sol:401:24
    |
401 |         uint256 diff = uint256(F_end - F_start);
    |                        ^^^^^^^^^^^^^^^^^^^^^^^^
    |
    = note: consider disabling this lint if you're certain the cast is safe
            
            // casting to 'uint256' is safe because [explain why]
            // forge-lint: disable-next-line(unsafe-typecast)
            
            
    = help: https://book.getfoundry.sh/reference/forge/forge-lint#unsafe-typecast

note[unused-import]: unused imports should be removed
 --> test/SineV3Economics.t.sol:4:9
  |
4 | import {Test} from "forge-std/Test.sol";
  |         ^^^^
  |
  = help: https://book.getfoundry.sh/reference/forge/forge-lint#unused-import

note[unused-import]: unused imports should be removed
  --> test/SineV3Economics.t.sol:14:9
   |
14 | import {IHooks} from "@uniswap/v4-core/src/interfaces/IHooks.sol";
   |         ^^^^^^
   |
   = help: https://book.getfoundry.sh/reference/forge/forge-lint#unused-import

warning[erc20-unchecked-transfer]: ERC20 'transfer' and 'transferFrom' calls should check the return value
  --> test/SineV3Economics.t.sol:30:9
   |
30 |         mixETH.transfer(trader, 10_000_000e18);
   |         ^^^^^^^^^^^^^^^^^^^^^^^^^^^^^^^^^^^^^^
   |
   = help: https://book.getfoundry.sh/reference/forge/forge-lint#erc20-unchecked-transfer

warning[unsafe-typecast]: typecasts that can truncate values should be checked
  --> test/mocks/MockPoolManager.sol:89:49
   |
89 |             ? toBalanceDelta(int128(specified), int128(unspecified))
   |                                                 ^^^^^^^^^^^^^^^^^^^
   |
   = note: consider disabling this lint if you're certain the cast is safe
           
           // casting to 'int128' is safe because [explain why]
           // forge-lint: disable-next-line(unsafe-typecast)
           
           
   = help: https://book.getfoundry.sh/reference/forge/forge-lint#unsafe-typecast

warning[unsafe-typecast]: typecasts that can truncate values should be checked
  --> test/mocks/MockPoolManager.sol:90:30
   |
90 |             : toBalanceDelta(int128(unspecified), int128(specified));
   |                              ^^^^^^^^^^^^^^^^^^^
   |
   = note: consider disabling this lint if you're certain the cast is safe
           
           // casting to 'int128' is safe because [explain why]
           // forge-lint: disable-next-line(unsafe-typecast)
           
           
   = help: https://book.getfoundry.sh/reference/forge/forge-lint#unsafe-typecast

warning[unsafe-typecast]: typecasts that can truncate values should be checked
  --> test/mocks/MockPoolManager.sol:90:51
   |
90 |             : toBalanceDelta(int128(unspecified), int128(specified));
   |                                                   ^^^^^^^^^^^^^^^^^
   |
   = note: consider disabling this lint if you're certain the cast is safe
           
           // casting to 'int128' is safe because [explain why]
           // forge-lint: disable-next-line(unsafe-typecast)
           
           
   = help: https://book.getfoundry.sh/reference/forge/forge-lint#unsafe-typecast

warning[erc20-unchecked-transfer]: ERC20 'transfer' and 'transferFrom' calls should check the return value
   --> test/SineV3Economics.t.sol:172:9
    |
172 |         IERC20(address(pspToken)).transfer(address(this), bal);
    |         ^^^^^^^^^^^^^^^^^^^^^^^^^^^^^^^^^^^^^^^^^^^^^^^^^^^^^^
    |
    = help: https://book.getfoundry.sh/reference/forge/forge-lint#erc20-unchecked-transfer

warning[erc20-unchecked-transfer]: ERC20 'transfer' and 'transferFrom' calls should check the return value
   --> test/SineV3Economics.t.sol:197:9
    |
197 | /         IERC20(Currency.unwrap(key.currency1 == Currency.wrap(address(mix)) ? key.currency0 : key.currency1))
198 | |             .transferFrom(msg.sender, address(this), pspIn);
    | |___________________________________________________________^
    |
    = help: https://book.getfoundry.sh/reference/forge/forge-lint#erc20-unchecked-transfer

warning[erc20-unchecked-transfer]: ERC20 'transfer' and 'transferFrom' calls should check the return value
   --> test/SineV3Economics.t.sol:209:9
    |
209 |         IERC20(Currency.unwrap(pspCur)).transfer(address(pm), pspIn);
    |         ^^^^^^^^^^^^^^^^^^^^^^^^^^^^^^^^^^^^^^^^^^^^^^^^^^^^^^^^^^^^
    |
    = help: https://book.getfoundry.sh/reference/forge/forge-lint#erc20-unchecked-transfer

warning[unsafe-typecast]: typecasts that can truncate values should be checked
   --> test/SineV3Economics.t.sol:214:35
    |
214 |                 amountSpecified: -int256(pspIn),
    |                                   ^^^^^^^^^^^^^
    |
    = note: consider disabling this lint if you're certain the cast is safe
            
            // casting to 'int256' is safe because [explain why]
            // forge-lint: disable-next-line(unsafe-typecast)
            
            
    = help: https://book.getfoundry.sh/reference/forge/forge-lint#unsafe-typecast

warning[unsafe-typecast]: typecasts that can truncate values should be checked
   --> test/SineV3Economics.t.sol:222:23
    |
222 |         uint256 amt = uint256(int256(mixDelta));
    |                       ^^^^^^^^^^^^^^^^^^^^^^^^^
    |
    = note: consider disabling this lint if you're certain the cast is safe
            
            // casting to 'uint256' is safe because [explain why]
            // forge-lint: disable-next-line(unsafe-typecast)
            
            
    = help: https://book.getfoundry.sh/reference/forge/forge-lint#unsafe-typecast

note[mixed-case-variable]: mutable variables should use mixedCase
  --> test/unit/CurveMathAdversarial.t.sol:13:27
   |
13 |     CurveMath.CurveConfig multiCC;
   |                           ^^^^^^^ help: consider using: `multiCc`
   |
   = help: https://book.getfoundry.sh/reference/forge/forge-lint#mixed-case-variable

note[mixed-case-variable]: mutable variables should use mixedCase
   --> src/RoundController.sol:308:33
    |
308 |     function predeposit(uint256 mixETHAmount) external nonReentrant {
    |                                 ^^^^^^^^^^^^ help: consider using: `mixEthAmount`
    |
    = help: https://book.getfoundry.sh/reference/forge/forge-lint#mixed-case-variable

note[mixed-case-variable]: mutable variables should use mixedCase
   --> src/RoundController.sol:318:57
    |
318 |     function predepositFor(address beneficiary, uint256 mixETHAmount) external nonReentrant {
    |                                                         ^^^^^^^^^^^^ help: consider using: `mixEthAmount`
    |
    = help: https://book.getfoundry.sh/reference/forge/forge-lint#mixed-case-variable

note[mixed-case-variable]: mutable variables should use mixedCase
  --> test/invariant/CurveMathInvariant.t.sol:79:21
   |
79 |     uint256 private totalETHSpent_;
   |                     ^^^^^^^^^^^^^^ help: consider using: `totalEthSpent_`
   |
   = help: https://book.getfoundry.sh/reference/forge/forge-lint#mixed-case-variable

note[named-struct-fields]: prefer initializing structs with named fields
  --> test/SineV3Fixtures.sol:13:16
   |
13 |         r[0] = Row(450000000000000000000, 955000000000000000000, 450000000000000000000, 75000000000000, 7711482365186207164818799);
   |                ^^^^^^^^^^^^^^^^^^^^^^^^^^^^^^^^^^^^^^^^^^^^^^^^^^^^^^^^^^^^^^^^^^^^^^^^^^^^^^^^^^^^^^^^^^^^^^^^^^^^^^^^^^^^^^^^^^^ help: consider using named fields: `Row({ boot: 450000000000000000000, lam: 955000000000000000000, R: 450000000000000000000, price: 75000000000000, supply: 7711482365186207164818799 })`
   |
   = help: https://book.getfoundry.sh/reference/forge/forge-lint#named-struct-fields

note[mixed-case-variable]: mutable variables should use mixedCase
   --> src/CurveHook.sol:393:18
    |
393 |         Currency mixETH = controller.getMixETH();
    |                  ^^^^^^ help: consider using: `mixEth`
    |
    = help: https://book.getfoundry.sh/reference/forge/forge-lint#mixed-case-variable

note[mixed-case-variable]: mutable variables should use mixedCase
   --> src/RoundController.sol:322:58
    |
322 |     function _predepositFor(address beneficiary, uint256 mixETHAmount) internal {
    |                                                          ^^^^^^^^^^^^ help: consider using: `mixEthAmount`
    |
    = help: https://book.getfoundry.sh/reference/forge/forge-lint#mixed-case-variable

note[mixed-case-variable]: mutable variables should use mixedCase
   --> src/RoundController.sol:350:32
    |
350 |     function seedCarry(uint256 mixETHAmount) external nonReentrant {
    |                                ^^^^^^^^^^^^ help: consider using: `mixEthAmount`
    |
    = help: https://book.getfoundry.sh/reference/forge/forge-lint#mixed-case-variable

note[mixed-case-variable]: mutable variables should use mixedCase
   --> src/RoundController.sol:370:33
    |
370 |     function potDeposit(uint256 mixETHAmount) external nonReentrant {
    |                                 ^^^^^^^^^^^^ help: consider using: `mixEthAmount`
    |
    = help: https://book.getfoundry.sh/reference/forge/forge-lint#mixed-case-variable

note[mixed-case-variable]: mutable variables should use mixedCase
  --> test/invariant/CurveMathInvariant.t.sol:80:21
   |
80 |     uint256 private totalETHRecovered_;
   |                     ^^^^^^^^^^^^^^^^^^ help: consider using: `totalEthRecovered_`
   |
   = help: https://book.getfoundry.sh/reference/forge/forge-lint#mixed-case-variable

note[mixed-case-function]: function names should use mixedCase
   --> test/invariant/CurveMathInvariant.t.sol:114:14
    |
114 |     function totalETHSpent() external view returns (uint256) { return totalETHSpent_; }
    |              ^^^^^^^^^^^^^ help: consider using: `totalEthSpent`
    |
    = help: https://book.getfoundry.sh/reference/forge/forge-lint#mixed-case-function

note[mixed-case-function]: function names should use mixedCase
   --> test/invariant/CurveMathInvariant.t.sol:115:14
    |
115 |     function totalETHRecovered() external view returns (uint256) { return totalETHRecovered_; }
    |              ^^^^^^^^^^^^^^^^^ help: consider using: `totalEthRecovered`
    |
    = help: https://book.getfoundry.sh/reference/forge/forge-lint#mixed-case-function

note[unused-import]: unused imports should be removed
 --> test/audit/testnet-final/SineCustodyInvariants.t.sol:8:23
  |
8 | import {BalanceDelta, BalanceDeltaLibrary} from "@uniswap/v4-core/src/types/BalanceDelta.sol";
  |                       ^^^^^^^^^^^^^^^^^^^
  |
  = help: https://book.getfoundry.sh/reference/forge/forge-lint#unused-import

warning[erc20-unchecked-transfer]: ERC20 'transfer' and 'transferFrom' calls should check the return value
  --> test/audit/testnet-final/SineCustodyInvariants.t.sol:50:9
   |
50 |         IERC20(pspAddr).transferFrom(msg.sender, address(this), pspIn);
   |         ^^^^^^^^^^^^^^^^^^^^^^^^^^^^^^^^^^^^^^^^^^^^^^^^^^^^^^^^^^^^^^
   |
   = help: https://book.getfoundry.sh/reference/forge/forge-lint#erc20-unchecked-transfer

warning[erc20-unchecked-transfer]: ERC20 'transfer' and 'transferFrom' calls should check the return value
  --> test/audit/testnet-final/SineCustodyInvariants.t.sol:63:9
   |
63 |         IERC20(Currency.unwrap(pspCur)).transfer(address(pm), pspIn);
   |         ^^^^^^^^^^^^^^^^^^^^^^^^^^^^^^^^^^^^^^^^^^^^^^^^^^^^^^^^^^^^
   |
   = help: https://book.getfoundry.sh/reference/forge/forge-lint#erc20-unchecked-transfer

note[mixed-case-variable]: mutable variables should use mixedCase
  --> test/unit/CurveMathAdversarial.t.sol:14:27
   |
14 |     CurveMath.CurveConfig steepCC;
   |                           ^^^^^^^ help: consider using: `steepCc`
   |
   = help: https://book.getfoundry.sh/reference/forge/forge-lint#mixed-case-variable

note[mixed-case-variable]: mutable variables should use mixedCase
  --> test/unit/CurveMathAdversarial.t.sol:15:27
   |
15 |     CurveMath.CurveConfig flatCC;
   |                           ^^^^^^ help: consider using: `flatCc`
   |
   = help: https://book.getfoundry.sh/reference/forge/forge-lint#mixed-case-variable

note[mixed-case-variable]: mutable variables should use mixedCase
   --> src/CurveHook.sol:453:17
    |
453 |         uint256 legMixETH,
    |                 ^^^^^^^^^ help: consider using: `legMixEth`
    |
    = help: https://book.getfoundry.sh/reference/forge/forge-lint#mixed-case-variable

note[mixed-case-variable]: mutable variables should use mixedCase
   --> src/CurveHook.sol:454:18
    |
454 |         Currency mixETH
    |                  ^^^^^^ help: consider using: `mixEth`
    |
    = help: https://book.getfoundry.sh/reference/forge/forge-lint#mixed-case-variable

note[mixed-case-variable]: mutable variables should use mixedCase
  --> test/unit/CurveMathAdversarial.t.sol:96:17
   |
96 |         uint256 totalETHIn = 0;
   |                 ^^^^^^^^^^ help: consider using: `totalEthIn`
   |
   = help: https://book.getfoundry.sh/reference/forge/forge-lint#mixed-case-variable

note[mixed-case-variable]: mutable variables should use mixedCase
  --> test/unit/CurveMathAdversarial.t.sol:97:17
   |
97 |         uint256 totalETHOut = 0;
   |                 ^^^^^^^^^^^ help: consider using: `totalEthOut`
   |
   = help: https://book.getfoundry.sh/reference/forge/forge-lint#mixed-case-variable

note[mixed-case-variable]: mutable variables should use mixedCase
   --> test/unit/CurveMathAdversarial.t.sol:128:17
    |
128 |         uint256 S_inf = 100_000_000e18;
    |                 ^^^^^ help: consider using: `sInf`
    |
    = help: https://book.getfoundry.sh/reference/forge/forge-lint#mixed-case-variable

note[mixed-case-variable]: mutable variables should use mixedCase
   --> test/unit/CurveMathAdversarial.t.sol:145:17
    |
145 |         uint256 S_inf = 100_000_000e18;
    |                 ^^^^^ help: consider using: `sInf`
    |
    = help: https://book.getfoundry.sh/reference/forge/forge-lint#mixed-case-variable

note[asm-keccak256]: use of inefficient hashing mechanism; consider using inline assembly
  --> src/utils/HookMiner.sol:33:28
   |
33 |         bytes32 codeHash = keccak256(abi.encodePacked(creationCode, constructorArgs));
   |                            ^^^^^^^^^^^^^^^^^^^^^^^^^^^^^^^^^^^^^^^^^^^^^^^^^^^^^^^^^^
   |
   = help: https://book.getfoundry.sh/reference/forge/forge-lint#asm-keccak256

note[asm-keccak256]: use of inefficient hashing mechanism; consider using inline assembly
   --> src/utils/HookMiner.sol:162:28
    |
162 |         bytes32 codeHash = keccak256(abi.encodePacked(creationCode, constructorArgs));
    |                            ^^^^^^^^^^^^^^^^^^^^^^^^^^^^^^^^^^^^^^^^^^^^^^^^^^^^^^^^^^
    |
    = help: https://book.getfoundry.sh/reference/forge/forge-lint#asm-keccak256

note[mixed-case-variable]: mutable variables should use mixedCase
   --> src/RoundController.sol:386:20
    |
386 |     uint256 public carryBonusMixETH;
    |                    ^^^^^^^^^^^^^^^^ help: consider using: `carryBonusMixEth`
    |
    = help: https://book.getfoundry.sh/reference/forge/forge-lint#mixed-case-variable

note[mixed-case-variable]: mutable variables should use mixedCase
   --> src/CurveHook.sol:491:48
    |
491 |     function _splitFee(address trader, uint256 feeMixETH, Currency mixETH) internal returns (uint256 stakerLeg) {
    |                                                ^^^^^^^^^ help: consider using: `feeMixEth`
    |
    = help: https://book.getfoundry.sh/reference/forge/forge-lint#mixed-case-variable

note[mixed-case-variable]: mutable variables should use mixedCase
   --> src/CurveHook.sol:491:68
    |
491 |     function _splitFee(address trader, uint256 feeMixETH, Currency mixETH) internal returns (uint256 stakerLeg) {
    |                                                                    ^^^^^^ help: consider using: `mixEth`
    |
    = help: https://book.getfoundry.sh/reference/forge/forge-lint#mixed-case-variable

note[mixed-case-variable]: mutable variables should use mixedCase
   --> test/unit/CurveMathAdversarial.t.sol:189:17
    |
189 |         uint256 attackerPSP = CurveMath.computeBuyOutput(attackerBuy, supply, cc);
    |                 ^^^^^^^^^^^ help: consider using: `attackerPsp`
    |
    = help: https://book.getfoundry.sh/reference/forge/forge-lint#mixed-case-variable

note[mixed-case-variable]: mutable variables should use mixedCase
   --> test/unit/CurveMathAdversarial.t.sol:197:17
    |
197 |         uint256 attackerETH = CurveMath.computeSellOutput(attackerPSP - 1, supplyAfterVictim, cc);
    |                 ^^^^^^^^^^^ help: consider using: `attackerEth`
    |
    = help: https://book.getfoundry.sh/reference/forge/forge-lint#mixed-case-variable

note[mixed-case-variable]: mutable variables should use mixedCase
   --> test/unit/CurveMathAdversarial.t.sol:213:21
    |
213 |             uint256 profitInPSP = attackerProfit * 1e18 / priceAtSupply;
    |                     ^^^^^^^^^^^ help: consider using: `profitInPsp`
    |
    = help: https://book.getfoundry.sh/reference/forge/forge-lint#mixed-case-variable

note[mixed-case-variable]: mutable variables should use mixedCase
   --> test/unit/CurveMathAdversarial.t.sol:228:17
    |
228 |         uint256 attackerPSP = CurveMath.computeBuyOutput(attackerBuy, supply, cc);
    |                 ^^^^^^^^^^^ help: consider using: `attackerPsp`
    |
    = help: https://book.getfoundry.sh/reference/forge/forge-lint#mixed-case-variable

note[mixed-case-variable]: mutable variables should use mixedCase
   --> test/unit/CurveMathAdversarial.t.sol:276:17
    |
276 |         uint256 totalETHIn = ethReserve;
    |                 ^^^^^^^^^^ help: consider using: `totalEthIn`
    |
    = help: https://book.getfoundry.sh/reference/forge/forge-lint#mixed-case-variable

note[mixed-case-variable]: mutable variables should use mixedCase
   --> test/unit/CurveMathAdversarial.t.sol:277:17
    |
277 |         uint256 totalETHOut = 0;
    |                 ^^^^^^^^^^^ help: consider using: `totalEthOut`
    |
    = help: https://book.getfoundry.sh/reference/forge/forge-lint#mixed-case-variable

note[mixed-case-variable]: mutable variables should use mixedCase
  --> test/mocks/MockMixETH.sol:12:20
   |
12 |     uint256 public totalDepositedETH;
   |                    ^^^^^^^^^^^^^^^^^ help: consider using: `totalDepositedEth`
   |
   = help: https://book.getfoundry.sh/reference/forge/forge-lint#mixed-case-variable

note[mixed-case-function]: function names should use mixedCase
  --> test/mocks/MockMixETH.sol:20:14
   |
20 |     function depositETH() external payable returns (uint256 shares) {
   |              ^^^^^^^^^^ help: consider using: `depositEth`
   |
   = help: https://book.getfoundry.sh/reference/forge/forge-lint#mixed-case-function

note[mixed-case-variable]: mutable variables should use mixedCase
   --> src/CurveHook.sol:508:99
    |
508 |     function _handleBuy(address sender, PoolKey calldata key, SwapParams calldata params, uint256 mixETHInput,
    |                                                                                                   ^^^^^^^^^^^ help: consider using: `mixEthInput`
    |
    = help: https://book.getfoundry.sh/reference/forge/forge-lint#mixed-case-variable

note[mixed-case-variable]: mutable variables should use mixedCase
   --> src/CurveHook.sol:509:18
    |
509 |         Currency mixETH, Currency psp, address refTrader, uint256 maxTicketPrice)
    |                  ^^^^^^ help: consider using: `mixEth`
    |
    = help: https://book.getfoundry.sh/reference/forge/forge-lint#mixed-case-variable

note[mixed-case-variable]: mutable variables should use mixedCase
   --> src/CurveHook.sol:539:17
    |
539 |         uint256 feeMixETH = FPML.fullMulDiv(mixETHInput, swapFeeBps(), 10000);
    |                 ^^^^^^^^^ help: consider using: `feeMixEth`
    |
    = help: https://book.getfoundry.sh/reference/forge/forge-lint#mixed-case-variable

note[mixed-case-variable]: mutable variables should use mixedCase
   --> src/CurveHook.sol:540:17
    |
540 |         uint256 curveMixETH = mixETHInput - feeMixETH;
    |                 ^^^^^^^^^^^ help: consider using: `curveMixEth`
    |
    = help: https://book.getfoundry.sh/reference/forge/forge-lint#mixed-case-variable

note[named-struct-fields]: prefer initializing structs with named fields
  --> test/SineV3Fixtures.sol:14:16
   |
14 |         r[1] = Row(450000000000000000000, 955000000000000000000, 1405000000000000000000, 325186885619906, 14597080614208476529288658);
   |                ^^^^^^^^^^^^^^^^^^^^^^^^^^^^^^^^^^^^^^^^^^^^^^^^^^^^^^^^^^^^^^^^^^^^^^^^^^^^^^^^^^^^^^^^^^^^^^^^^^^^^^^^^^^^^^^^^^^^^^ help: consider using named fields: `Row({ boot: 450000000000000000000, lam: 955000000000000000000, R: 1405000000000000000000, price: 325186885619906, supply: 14597080614208476529288658 })`
   |
   = help: https://book.getfoundry.sh/reference/forge/forge-lint#named-struct-fields

note[named-struct-fields]: prefer initializing structs with named fields
  --> test/SineV3Fixtures.sol:15:16
   |
15 |         r[2] = Row(450000000000000000000, 955000000000000000000, 2360000000000000000000, 909963390601780, 16465295974916465792001981);
   |                ^^^^^^^^^^^^^^^^^^^^^^^^^^^^^^^^^^^^^^^^^^^^^^^^^^^^^^^^^^^^^^^^^^^^^^^^^^^^^^^^^^^^^^^^^^^^^^^^^^^^^^^^^^^^^^^^^^^^^^ help: consider using named fields: `Row({ boot: 450000000000000000000, lam: 955000000000000000000, R: 2360000000000000000000, price: 909963390601780, supply: 16465295974916465792001981 })`
   |
   = help: https://book.getfoundry.sh/reference/forge/forge-lint#named-struct-fields

note[named-struct-fields]: prefer initializing structs with named fields
  --> test/SineV3Fixtures.sol:16:16
   |
16 |         r[3] = Row(450000000000000000000, 955000000000000000000, 3315000000000000000000, 2064396635499299, 17190966117102665474486879);
   |                ^^^^^^^^^^^^^^^^^^^^^^^^^^^^^^^^^^^^^^^^^^^^^^^^^^^^^^^^^^^^^^^^^^^^^^^^^^^^^^^^^^^^^^^^^^^^^^^^^^^^^^^^^^^^^^^^^^^^^^^ help: consider using named fields: `Row({ boot: 450000000000000000000, lam: 955000000000000000000, R: 3315000000000000000000, price: 2064396635499299, supply: 17190966117102665474486879 })`
   |
   = help: https://book.getfoundry.sh/reference/forge/forge-lint#named-struct-fields

note[named-struct-fields]: prefer initializing structs with named fields
  --> test/SineV3Fixtures.sol:17:16
   |
17 |         r[4] = Row(450000000000000000000, 955000000000000000000, 4270000000000000000000, 4123126817954881, 17528112679739152797845084);
   |                ^^^^^^^^^^^^^^^^^^^^^^^^^^^^^^^^^^^^^^^^^^^^^^^^^^^^^^^^^^^^^^^^^^^^^^^^^^^^^^^^^^^^^^^^^^^^^^^^^^^^^^^^^^^^^^^^^^^^^^^ help: consider using named fields: `Row({ boot: 450000000000000000000, lam: 955000000000000000000, R: 4270000000000000000000, price: 4123126817954881, supply: 17528112679739152797845084 })`
   |
   = help: https://book.getfoundry.sh/reference/forge/forge-lint#named-struct-fields

note[named-struct-fields]: prefer initializing structs with named fields
  --> test/SineV3Fixtures.sol:18:16
   |
18 |         r[5] = Row(450000000000000000000, 955000000000000000000, 5225000000000000000000, 7548147729177654, 17703259467902003108553726);
   |                ^^^^^^^^^^^^^^^^^^^^^^^^^^^^^^^^^^^^^^^^^^^^^^^^^^^^^^^^^^^^^^^^^^^^^^^^^^^^^^^^^^^^^^^^^^^^^^^^^^^^^^^^^^^^^^^^^^^^^^^ help: consider using named fields: `Row({ boot: 450000000000000000000, lam: 955000000000000000000, R: 5225000000000000000000, price: 7548147729177654, supply: 17703259467902003108553726 })`
   |
   = help: https://book.getfoundry.sh/reference/forge/forge-lint#named-struct-fields

note[named-struct-fields]: prefer initializing structs with named fields
  --> test/SineV3Fixtures.sol:19:16
   |
19 | ... = Row(450000000000000000000, 955000000000000000000, 6180000000000000000000, 12962061822426420, 17801608380417930855364913);
   |       ^^^^^^^^^^^^^^^^^^^^^^^^^^^^^^^^^^^^^^^^^^^^^^^^^^^^^^^^^^^^^^^^^^^^^^^^^^^^^^^^^^^^^^^^^^^^^^^^^^^^^^^^^^^^^^^^^^^^^^^^ help: consider using named fields: `Row({ boot: 450000000000000000000, lam: 955000000000000000000, R: 6180000000000000000000, price: 12962061822426420, supply: 17801608380417930855364913 })`
   |
   = help: https://book.getfoundry.sh/reference/forge/forge-lint#named-struct-fields

note[named-struct-fields]: prefer initializing structs with named fields
  --> test/SineV3Fixtures.sol:20:16
   |
20 | ... = Row(450000000000000000000, 955000000000000000000, 7135000000000000000000, 21187588204820340, 17860128522482374088754796);
   |       ^^^^^^^^^^^^^^^^^^^^^^^^^^^^^^^^^^^^^^^^^^^^^^^^^^^^^^^^^^^^^^^^^^^^^^^^^^^^^^^^^^^^^^^^^^^^^^^^^^^^^^^^^^^^^^^^^^^^^^^^ help: consider using named fields: `Row({ boot: 450000000000000000000, lam: 955000000000000000000, R: 7135000000000000000000, price: 21187588204820340, supply: 17860128522482374088754796 })`
   |
   = help: https://book.getfoundry.sh/reference/forge/forge-lint#named-struct-fields

note[named-struct-fields]: prefer initializing structs with named fields
  --> test/SineV3Fixtures.sol:21:16
   |
21 | ... = Row(450000000000000000000, 955000000000000000000, 8090000000000000000000, 33294200943865312, 17896559167876180635643802);
   |       ^^^^^^^^^^^^^^^^^^^^^^^^^^^^^^^^^^^^^^^^^^^^^^^^^^^^^^^^^^^^^^^^^^^^^^^^^^^^^^^^^^^^^^^^^^^^^^^^^^^^^^^^^^^^^^^^^^^^^^^^ help: consider using named fields: `Row({ boot: 450000000000000000000, lam: 955000000000000000000, R: 8090000000000000000000, price: 33294200943865312, supply: 17896559167876180635643802 })`
   |
   = help: https://book.getfoundry.sh/reference/forge/forge-lint#named-struct-fields

note[named-struct-fields]: prefer initializing structs with named fields
  --> test/SineV3Fixtures.sol:22:16
   |
22 | ... = Row(450000000000000000000, 955000000000000000000, 9045000000000000000000, 50652872342428708, 17920079726738645801490662);
   |       ^^^^^^^^^^^^^^^^^^^^^^^^^^^^^^^^^^^^^^^^^^^^^^^^^^^^^^^^^^^^^^^^^^^^^^^^^^^^^^^^^^^^^^^^^^^^^^^^^^^^^^^^^^^^^^^^^^^^^^^^ help: consider using named fields: `Row({ boot: 450000000000000000000, lam: 955000000000000000000, R: 9045000000000000000000, price: 50652872342428708, supply: 17920079726738645801490662 })`
   |
   = help: https://book.getfoundry.sh/reference/forge/forge-lint#named-struct-fields

note[named-struct-fields]: prefer initializing structs with named fields
  --> test/SineV3Fixtures.sol:23:17
   |
23 | ... = Row(450000000000000000000, 955000000000000000000, 10000000000000000000000, 75000000000000000, 17935729396005407076334791);
   |       ^^^^^^^^^^^^^^^^^^^^^^^^^^^^^^^^^^^^^^^^^^^^^^^^^^^^^^^^^^^^^^^^^^^^^^^^^^^^^^^^^^^^^^^^^^^^^^^^^^^^^^^^^^^^^^^^^^^^^^^^^ help: consider using named fields: `Row({ boot: 450000000000000000000, lam: 955000000000000000000, R: 10000000000000000000000, price: 75000000000000000, supply: 17935729396005407076334791 })`
   |
   = help: https://book.getfoundry.sh/reference/forge/forge-lint#named-struct-fields

note[named-struct-fields]: prefer initializing structs with named fields
  --> test/SineV3Fixtures.sol:24:17
   |
24 |         r[11] = Row(450000000000000000000, 955000000000000000000, 0, 36028064035289, 0);
   |                 ^^^^^^^^^^^^^^^^^^^^^^^^^^^^^^^^^^^^^^^^^^^^^^^^^^^^^^^^^^^^^^^^^^^^^^^ help: consider using named fields: `Row({ boot: 450000000000000000000, lam: 955000000000000000000, R: 0, price: 36028064035289, supply: 0 })`
   |
   = help: https://book.getfoundry.sh/reference/forge/forge-lint#named-struct-fields

note[named-struct-fields]: prefer initializing structs with named fields
  --> test/SineV3Fixtures.sol:25:17
   |
25 |         r[12] = Row(450000000000000000000, 955000000000000000000, 688750000000000000000, 88540453159621, 10761900909379768779032003);
   |                 ^^^^^^^^^^^^^^^^^^^^^^^^^^^^^^^^^^^^^^^^^^^^^^^^^^^^^^^^^^^^^^^^^^^^^^^^^^^^^^^^^^^^^^^^^^^^^^^^^^^^^^^^^^^^^^^^^^^^ help: consider using named fields: `Row({ boot: 450000000000000000000, lam: 955000000000000000000, R: 688750000000000000000, price: 88540453159621, supply: 10761900909379768779032003 })`
   |
   = help: https://book.getfoundry.sh/reference/forge/forge-lint#named-struct-fields

note[mixed-case-variable]: mutable variables should use mixedCase
   --> src/CurveHook.sol:591:17
    |
591 |         uint256 stakerFeeMixETH = _splitFee(refTrader, feeMixETH, mixETH);
    |                 ^^^^^^^^^^^^^^^ help: consider using: `stakerFeeMixEth`
    |
    = help: https://book.getfoundry.sh/reference/forge/forge-lint#mixed-case-variable

note[mixed-case-variable]: mutable variables should use mixedCase
   --> src/CurveHook.sol:613:18
    |
613 |         Currency mixETH, Currency psp, address refTrader)
    |                  ^^^^^^ help: consider using: `mixEth`
    |
    = help: https://book.getfoundry.sh/reference/forge/forge-lint#mixed-case-variable

note[mixed-case-variable]: mutable variables should use mixedCase
   --> src/CurveHook.sol:630:17
    |
630 |         uint256 mixETHOut = sineActive
    |                 ^^^^^^^^^ help: consider using: `mixEthOut`
    |
    = help: https://book.getfoundry.sh/reference/forge/forge-lint#mixed-case-variable

note[screaming-snake-case-immutable]: immutables should use SCREAMING_SNAKE_CASE
  --> src/PSPZapIn.sol:26:30
   |
26 |     IMixETH public immutable mixETH;
   |                              ^^^^^^ help: consider using: `MIX_ETH`
   |
   = help: https://book.getfoundry.sh/reference/forge/forge-lint#screaming-snake-case-immutable

note[screaming-snake-case-immutable]: immutables should use SCREAMING_SNAKE_CASE
  --> src/PSPZapIn.sol:27:35
   |
27 |     IPoolManager public immutable poolManager;
   |                                   ^^^^^^^^^^^ help: consider using: `POOL_MANAGER`
   |
   = help: https://book.getfoundry.sh/reference/forge/forge-lint#screaming-snake-case-immutable

note[named-struct-fields]: prefer initializing structs with named fields
  --> test/SineV3Fixtures.sol:26:17
   |
26 |         r[13] = Row(450000000000000000000, 955000000000000000000, 688750000000000000001, 88540453159621, 10761900909379768779043298);
   |                 ^^^^^^^^^^^^^^^^^^^^^^^^^^^^^^^^^^^^^^^^^^^^^^^^^^^^^^^^^^^^^^^^^^^^^^^^^^^^^^^^^^^^^^^^^^^^^^^^^^^^^^^^^^^^^^^^^^^^ help: consider using named fields: `Row({ boot: 450000000000000000000, lam: 955000000000000000000, R: 688750000000000000001, price: 88540453159621, supply: 10761900909379768779043298 })`
   |
   = help: https://book.getfoundry.sh/reference/forge/forge-lint#named-struct-fields

note[named-struct-fields]: prefer initializing structs with named fields
  --> test/SineV3Fixtures.sol:27:17
   |
27 |         r[14] = Row(450000000000000000000, 955000000000000000000, 688749999999999999999, 88540453159621, 10761900909379768779020709);
   |                 ^^^^^^^^^^^^^^^^^^^^^^^^^^^^^^^^^^^^^^^^^^^^^^^^^^^^^^^^^^^^^^^^^^^^^^^^^^^^^^^^^^^^^^^^^^^^^^^^^^^^^^^^^^^^^^^^^^^^ help: consider using named fields: `Row({ boot: 450000000000000000000, lam: 955000000000000000000, R: 688749999999999999999, price: 88540453159621, supply: 10761900909379768779020709 })`
   |
   = help: https://book.getfoundry.sh/reference/forge/forge-lint#named-struct-fields

note[named-struct-fields]: prefer initializing structs with named fields
  --> test/SineV3Fixtures.sol:28:17
   |
28 | ... = Row(450000000000000000000, 955000000000000000000, 10000000000000000012345, 75000000000000000, 17935729396005407076499391);
   |       ^^^^^^^^^^^^^^^^^^^^^^^^^^^^^^^^^^^^^^^^^^^^^^^^^^^^^^^^^^^^^^^^^^^^^^^^^^^^^^^^^^^^^^^^^^^^^^^^^^^^^^^^^^^^^^^^^^^^^^^^^ help: consider using named fields: `Row({ boot: 450000000000000000000, lam: 955000000000000000000, R: 10000000000000000012345, price: 75000000000000000, supply: 17935729396005407076499391 })`
   |
   = help: https://book.getfoundry.sh/reference/forge/forge-lint#named-struct-fields

note[named-struct-fields]: prefer initializing structs with named fields
  --> test/SineV3Fixtures.sol:29:17
   |
29 |         r[16] = Row(1, 45019131735, 0, 74999999999999, 0);
   |                 ^^^^^^^^^^^^^^^^^^^^^^^^^^^^^^^^^^^^^^^^^ help: consider using named fields: `Row({ boot: 1, lam: 45019131735, R: 0, price: 74999999999999, supply: 0 })`
   |
   = help: https://book.getfoundry.sh/reference/forge/forge-lint#named-struct-fields

note[mixed-case-variable]: mutable variables should use mixedCase
   --> src/CurveHook.sol:639:17
    |
639 |         uint256 feeMixETH = FPML.fullMulDiv(mixETHOut, swapFeeBps(), 10000);
    |                 ^^^^^^^^^ help: consider using: `feeMixEth`
    |
    = help: https://book.getfoundry.sh/reference/forge/forge-lint#mixed-case-variable

note[mixed-case-variable]: mutable variables should use mixedCase
   --> src/CurveHook.sol:640:17
    |
640 |         uint256 mixETHToUser = mixETHOut - feeMixETH;
    |                 ^^^^^^^^^^^^ help: consider using: `mixEthToUser`
    |
    = help: https://book.getfoundry.sh/reference/forge/forge-lint#mixed-case-variable

note[mixed-case-variable]: mutable variables should use mixedCase
   --> src/CurveHook.sol:661:17
    |
661 |         uint256 stakerFeeMixETH = _splitFee(refTrader, feeMixETH, mixETH);
    |                 ^^^^^^^^^^^^^^^ help: consider using: `stakerFeeMixEth`
    |
    = help: https://book.getfoundry.sh/reference/forge/forge-lint#mixed-case-variable

note[named-struct-fields]: prefer initializing structs with named fields
  --> test/SineV3Fixtures.sol:30:17
   |
30 |         r[17] = Row(1, 45019131735, 1, 75000000000000, 13333);
   |                 ^^^^^^^^^^^^^^^^^^^^^^^^^^^^^^^^^^^^^^^^^^^^^ help: consider using named fields: `Row({ boot: 1, lam: 45019131735, R: 1, price: 75000000000000, supply: 13333 })`
   |
   = help: https://book.getfoundry.sh/reference/forge/forge-lint#named-struct-fields

note[named-struct-fields]: prefer initializing structs with named fields
  --> test/SineV3Fixtures.sol:31:17
   |
31 |         r[18] = Row(90000000000000000000, 427088983702459832014, 0, 67581304112907, 0);
   |                 ^^^^^^^^^^^^^^^^^^^^^^^^^^^^^^^^^^^^^^^^^^^^^^^^^^^^^^^^^^^^^^^^^^^^^^ help: consider using named fields: `Row({ boot: 90000000000000000000, lam: 427088983702459832014, R: 0, price: 67581304112907, supply: 0 })`
   |
   = help: https://book.getfoundry.sh/reference/forge/forge-lint#named-struct-fields

note[named-struct-fields]: prefer initializing structs with named fields
  --> test/SineV3Fixtures.sol:32:17
   |
32 |         r[19] = Row(90000000000000000000, 427088983702459832014, 90000000000000000000, 75000000000000, 1233435108442448645805994);
   |                 ^^^^^^^^^^^^^^^^^^^^^^^^^^^^^^^^^^^^^^^^^^^^^^^^^^^^^^^^^^^^^^^^^^^^^^^^^^^^^^^^^^^^^^^^^^^^^^^^^^^^^^^^^^^^^^^^^ help: consider using named fields: `Row({ boot: 90000000000000000000, lam: 427088983702459832014, R: 90000000000000000000, price: 75000000000000, supply: 1233435108442448645805994 })`
   |
   = help: https://book.getfoundry.sh/reference/forge/forge-lint#named-struct-fields

note[named-struct-fields]: prefer initializing structs with named fields
  --> test/SineV3Fixtures.sol:33:17
   |
33 |         r[20] = Row(90000000000000000000, 427088983702459832014, 1371266951107379496042, 2064396635499299, 5472789120620439268202556);
   |                 ^^^^^^^^^^^^^^^^^^^^^^^^^^^^^^^^^^^^^^^^^^^^^^^^^^^^^^^^^^^^^^^^^^^^^^^^^^^^^^^^^^^^^^^^^^^^^^^^^^^^^^^^^^^^^^^^^^^^^ help: consider using named fields: `Row({ boot: 90000000000000000000, lam: 427088983702459832014, R: 1371266951107379496042, price: 2064396635499299, supply: 5472789120620439268202556 })`
   |
   = help: https://book.getfoundry.sh/reference/forge/forge-lint#named-struct-fields

note[named-struct-fields]: prefer initializing structs with named fields
  --> test/SineV3Fixtures.sol:34:17
   |
34 | ... = Row(5000000000000000000000, 3183333333333333333333, 5000000000000000000000, 75000000000000, 240807753644914366675000720);
   |       ^^^^^^^^^^^^^^^^^^^^^^^^^^^^^^^^^^^^^^^^^^^^^^^^^^^^^^^^^^^^^^^^^^^^^^^^^^^^^^^^^^^^^^^^^^^^^^^^^^^^^^^^^^^^^^^^^^^^^^^^ help: consider using named fields: `Row({ boot: 5000000000000000000000, lam: 3183333333333333333333, R: 5000000000000000000000, price: 75000000000000, supply: 240807753644914366675000720 })`
   |
   = help: https://book.getfoundry.sh/reference/forge/forge-lint#named-struct-fields

note[mixed-case-variable]: mutable variables should use mixedCase
   --> src/RoundController.sol:400:59
    |
400 |         try hook.sineGenesisPSP(netBoot) returns (uint256 genesisPSP) {
    |                                                           ^^^^^^^^^^ help: consider using: `genesisPsp`
    |
    = help: https://book.getfoundry.sh/reference/forge/forge-lint#mixed-case-variable

note[mixed-case-function]: function names should use mixedCase
  --> test/mocks/MockMixETH.sol:40:14
   |
40 |     function redeemETH(uint256 shareAmount) external returns (uint256 ethOut) {
   |              ^^^^^^^^^ help: consider using: `redeemEth`
   |
   = help: https://book.getfoundry.sh/reference/forge/forge-lint#mixed-case-function

note[unused-import]: unused imports should be removed
 --> test/mocks/MockMixETH.sol:5:9
  |
5 | import {IERC20} from "@openzeppelin/contracts/token/ERC20/IERC20.sol";
  |         ^^^^^^
  |
  = help: https://book.getfoundry.sh/reference/forge/forge-lint#unused-import

note[named-struct-fields]: prefer initializing structs with named fields
  --> test/SineV3Fixtures.sol:35:17
   |
35 | ... = Row(100000000000000000000000, 14236299456748661067138, 100000000000000000000000, 75000000000000, 97622409703412061062922373388);
   |       ^^^^^^^^^^^^^^^^^^^^^^^^^^^^^^^^^^^^^^^^^^^^^^^^^^^^^^^^^^^^^^^^^^^^^^^^^^^^^^^^^^^^^^^^^^^^^^^^^^^^^^^^^^^^^^^^^^^^^^^^^^^^^^^ help: consider using named fields: `Row({ boot: 100000000000000000000000, lam: 14236299456748661067138, R: 100000000000000000000000, price: 75000000000000, supply: 97622409703412061062922373388 })`
   |
   = help: https://book.getfoundry.sh/reference/forge/forge-lint#named-struct-fields

note[mixed-case-variable]: mutable variables should use mixedCase
   --> test/unit/CurveMathAdversarial.t.sol:472:17
    |
472 |         uint256 totalPSPA = 0;
    |                 ^^^^^^^^^ help: consider using: `totalPspa`
    |
    = help: https://book.getfoundry.sh/reference/forge/forge-lint#mixed-case-variable

note[mixed-case-variable]: mutable variables should use mixedCase
   --> test/unit/CurveMathAdversarial.t.sol:480:17
    |
480 |         uint256 totalPSPB = CurveMath.computeBuyOutput(totalEth, 0, cc);
    |                 ^^^^^^^^^ help: consider using: `totalPspb`
    |
    = help: https://book.getfoundry.sh/reference/forge/forge-lint#mixed-case-variable

note[mixed-case-variable]: mutable variables should use mixedCase
   --> src/CurveHook.sol:682:18
    |
682 |         Currency mixETH, Currency psp)
    |                  ^^^^^^ help: consider using: `mixEth`
    |
    = help: https://book.getfoundry.sh/reference/forge/forge-lint#mixed-case-variable

warning[unsafe-typecast]: typecasts that can truncate values should be checked
  --> test/audit/testnet-final/SineCustodyInvariants.t.sol:69:35
   |
69 |                 amountSpecified: -int256(pspIn),
   |                                   ^^^^^^^^^^^^^
   |
   = note: consider disabling this lint if you're certain the cast is safe
           
           // casting to 'int256' is safe because [explain why]
           // forge-lint: disable-next-line(unsafe-typecast)
           
           
   = help: https://book.getfoundry.sh/reference/forge/forge-lint#unsafe-typecast

warning[unsafe-typecast]: typecasts that can truncate values should be checked
  --> test/audit/testnet-final/SineCustodyInvariants.t.sol:77:23
   |
77 |         uint256 out = uint256(int256(mixDelta));
   |                       ^^^^^^^^^^^^^^^^^^^^^^^^^
   |
   = note: consider disabling this lint if you're certain the cast is safe
           
           // casting to 'uint256' is safe because [explain why]
           // forge-lint: disable-next-line(unsafe-typecast)
           
           
   = help: https://book.getfoundry.sh/reference/forge/forge-lint#unsafe-typecast

note[mixed-case-variable]: mutable variables should use mixedCase
  --> test/mocks/MaliciousMixETH.sol:14:20
   |
14 |     uint256 public totalDepositedETH;
   |                    ^^^^^^^^^^^^^^^^^ help: consider using: `totalDepositedEth`
   |
   = help: https://book.getfoundry.sh/reference/forge/forge-lint#mixed-case-variable

note[mixed-case-variable]: mutable variables should use mixedCase
   --> src/CurveHook.sol:692:17
    |
692 |         uint256 totalMixETHOut = FPML.fullMulDiv(pspInputAmount, reserveMixETH, totalSupplyPSP);
    |                 ^^^^^^^^^^^^^^ help: consider using: `totalMixEthOut`
    |
    = help: https://book.getfoundry.sh/reference/forge/forge-lint#mixed-case-variable

note[mixed-case-variable]: mutable variables should use mixedCase
   --> src/CurveHook.sol:698:17
    |
698 |         uint256 mixETHToUser = totalMixETHOut;
    |                 ^^^^^^^^^^^^ help: consider using: `mixEthToUser`
    |
    = help: https://book.getfoundry.sh/reference/forge/forge-lint#mixed-case-variable

note[mixed-case-variable]: mutable variables should use mixedCase
   --> src/CurveHook.sol:730:43
    |
730 |     function sendFees(address to, uint256 mixETHAmount) external {
    |                                           ^^^^^^^^^^^^ help: consider using: `mixEthAmount`
    |
    = help: https://book.getfoundry.sh/reference/forge/forge-lint#mixed-case-variable

note[mixed-case-variable]: mutable variables should use mixedCase
   --> src/CurveHook.sol:736:17
    |
736 |         address mixETHAddr = Currency.unwrap(controller.getMixETH());
    |                 ^^^^^^^^^^ help: consider using: `mixEthAddr`
    |
    = help: https://book.getfoundry.sh/reference/forge/forge-lint#mixed-case-variable

note[mixed-case-variable]: mutable variables should use mixedCase
   --> src/CurveHook.sol:759:64
    |
759 |     event Redeemed(address indexed who, uint256 pspIn, uint256 mixETHOut);
    |                                                                ^^^^^^^^^ help: consider using: `mixEthOut`
    |
    = help: https://book.getfoundry.sh/reference/forge/forge-lint#mixed-case-variable

note[mixed-case-variable]: mutable variables should use mixedCase
   --> src/CurveHook.sol:769:73
    |
769 |     function redeemBacking(uint256 pspAmount) external returns (uint256 mixETHOut) {
    |                                                                         ^^^^^^^^^ help: consider using: `mixEthOut`
    |
    = help: https://book.getfoundry.sh/reference/forge/forge-lint#mixed-case-variable

note[named-struct-fields]: prefer initializing structs with named fields
  --> test/SineV3Fixtures.sol:36:17
   |
36 | ... = Row(100000000000000000000000, 14236299456748661067138, 199654096197240627469966, 21187588204820340, 97773696787994102746558229457);
   |       ^^^^^^^^^^^^^^^^^^^^^^^^^^^^^^^^^^^^^^^^^^^^^^^^^^^^^^^^^^^^^^^^^^^^^^^^^^^^^^^^^^^^^^^^^^^^^^^^^^^^^^^^^^^^^^^^^^^^^^^^^^^^^^^^^^ help: consider using named fields: `Row({ boot: 100000000000000000000000, lam: 14236299456748661067138, R: 199654096197240627469966, price: 21187588204820340, supply: 97773696787994102746558229457 })`
   |
   = help: https://book.getfoundry.sh/reference/forge/forge-lint#named-struct-fields

note[mixed-case-variable]: mutable variables should use mixedCase
   --> src/RoundController.sol:485:17
    |
485 |         uint256 initialPSP = hook.sineConfigured()
    |                 ^^^^^^^^^^ help: consider using: `initialPsp`
    |
    = help: https://book.getfoundry.sh/reference/forge/forge-lint#mixed-case-variable

note[mixed-case-function]: function names should use mixedCase
   --> src/RoundController.sol:519:14
    |
519 |     function _distributeInitialPSP(uint256 initialPSP) internal {
    |              ^^^^^^^^^^^^^^^^^^^^^ help: consider using: `_distributeInitialPsp`
    |
    = help: https://book.getfoundry.sh/reference/forge/forge-lint#mixed-case-function

note[mixed-case-variable]: mutable variables should use mixedCase
   --> test/unit/CurveMathAdversarial.t.sol:524:17
    |
524 |         uint256 halfPSP = supply * fraction / 1e18;
    |                 ^^^^^^^ help: consider using: `halfPsp`
    |
    = help: https://book.getfoundry.sh/reference/forge/forge-lint#mixed-case-variable

note[mixed-case-variable]: mutable variables should use mixedCase
   --> test/unit/CurveMathAdversarial.t.sol:525:17
    |
525 |         uint256 halfETH = CurveMath.computeSellOutput(halfPSP, supply, cc);
    |                 ^^^^^^^ help: consider using: `halfEth`
    |
    = help: https://book.getfoundry.sh/reference/forge/forge-lint#mixed-case-variable

note[mixed-case-variable]: mutable variables should use mixedCase
   --> test/unit/CurveMathAdversarial.t.sol:530:17
    |
530 |         uint256 remainingETH = CurveMath.computeSellOutput(remaining, supply - halfPSP, cc);
    |                 ^^^^^^^^^^^^ help: consider using: `remainingEth`
    |
    = help: https://book.getfoundry.sh/reference/forge/forge-lint#mixed-case-variable

warning[erc20-unchecked-transfer]: ERC20 'transfer' and 'transferFrom' calls should check the return value
   --> test/audit/testnet-final/SineCustodyInvariants.t.sol:116:9
    |
116 |         mix.transfer(trader1, 400e18);
    |         ^^^^^^^^^^^^^^^^^^^^^^^^^^^^^
    |
    = help: https://book.getfoundry.sh/reference/forge/forge-lint#erc20-unchecked-transfer

note[mixed-case-function]: function names should use mixedCase
  --> test/mocks/MaliciousMixETH.sol:23:14
   |
23 |     function depositETH() external payable returns (uint256 shares) {
   |              ^^^^^^^^^^ help: consider using: `depositEth`
   |
   = help: https://book.getfoundry.sh/reference/forge/forge-lint#mixed-case-function

note[mixed-case-function]: function names should use mixedCase
  --> test/mocks/MaliciousMixETH.sol:79:14
   |
79 |     function donateETH() external payable {
   |              ^^^^^^^^^ help: consider using: `donateEth`
   |
   = help: https://book.getfoundry.sh/reference/forge/forge-lint#mixed-case-function

note[mixed-case-variable]: mutable variables should use mixedCase
   --> test/unit/CurveMathAdversarial.t.sol:570:17
    |
570 |         uint256 S1 = 10_000e18;
    |                 ^^ help: consider using: `s1`
    |
    = help: https://book.getfoundry.sh/reference/forge/forge-lint#mixed-case-variable

note[mixed-case-variable]: mutable variables should use mixedCase
  --> test/SineMath.t.sol:78:17
   |
78 |         uint256 Rn = SineMath.reserveAt(c, q - pspIn);
   |                 ^^ help: consider using: `rn`
   |
   = help: https://book.getfoundry.sh/reference/forge/forge-lint#mixed-case-variable

note[mixed-case-variable]: mutable variables should use mixedCase
  --> test/SineMath.t.sol:94:21
   |
94 |             uint256 Rn = SineMath.reserveAt(c, q);
   |                     ^^ help: consider using: `rn`
   |
   = help: https://book.getfoundry.sh/reference/forge/forge-lint#mixed-case-variable

note[mixed-case-variable]: mutable variables should use mixedCase
  --> src/PSPZapIn.sol:46:25
   |
46 |     constructor(IMixETH _mixETH, IPoolManager _poolManager) {
   |                         ^^^^^^^ help: consider using: `_mixEth`
   |
   = help: https://book.getfoundry.sh/reference/forge/forge-lint#mixed-case-variable

note[unused-import]: unused imports should be removed
 --> test/invariant/CurveMathInvariant.t.sol:4:15
  |
4 | import {Test, console} from "forge-std/Test.sol";
  |               ^^^^^^^
  |
  = help: https://book.getfoundry.sh/reference/forge/forge-lint#unused-import

note[mixed-case-variable]: mutable variables should use mixedCase
   --> test/unit/CurveMathAdversarial.t.sol:595:17
    |
595 |         uint256 S_inf = 100_000_000e18;
    |                 ^^^^^ help: consider using: `sInf`
    |
    = help: https://book.getfoundry.sh/reference/forge/forge-lint#mixed-case-variable

note[mixed-case-variable]: mutable variables should use mixedCase
   --> src/CurveHook.sol:944:38
    |
944 |     function initializeCurve(uint256 _reserveMixETH, uint256 _initialSupply, uint256 _genesisPotFee) external {
    |                                      ^^^^^^^^^^^^^^ help: consider using: `_reserveMixEth`
    |
    = help: https://book.getfoundry.sh/reference/forge/forge-lint#mixed-case-variable

note[mixed-case-variable]: mutable variables should use mixedCase
   --> src/RoundController.sol:519:44
    |
519 |     function _distributeInitialPSP(uint256 initialPSP) internal {
    |                                            ^^^^^^^^^^ help: consider using: `initialPsp`
    |
    = help: https://book.getfoundry.sh/reference/forge/forge-lint#mixed-case-variable

note[mixed-case-function]: function names should use mixedCase
   --> src/RoundController.sol:532:14
    |
532 |     function claimPredepositPSP() external nonReentrant {
    |              ^^^^^^^^^^^^^^^^^^ help: consider using: `claimPredepositPsp`
    |
    = help: https://book.getfoundry.sh/reference/forge/forge-lint#mixed-case-function

note[mixed-case-function]: function names should use mixedCase
   --> src/RoundController.sol:542:14
    |
542 |     function claimPredepositPSPWithPepe(uint256 pepeId) external nonReentrant {
    |              ^^^^^^^^^^^^^^^^^^^^^^^^^^ help: consider using: `claimPredepositPspWithPepe`
    |
    = help: https://book.getfoundry.sh/reference/forge/forge-lint#mixed-case-function

note[mixed-case-function]: function names should use mixedCase
   --> src/CurveHook.sol:988:14
    |
988 |     function sineGenesisPSP(uint256 bootActual) external view returns (uint256) {
    |              ^^^^^^^^^^^^^^ help: consider using: `sineGenesisPsp`
    |
    = help: https://book.getfoundry.sh/reference/forge/forge-lint#mixed-case-function

note[unused-import]: unused imports should be removed
 --> test/SineMath.t.sol:4:15
  |
4 | import {Test, console} from "forge-std/Test.sol";
  |               ^^^^^^^
  |
  = help: https://book.getfoundry.sh/reference/forge/forge-lint#unused-import

note[screaming-snake-case-immutable]: immutables should use SCREAMING_SNAKE_CASE
  --> test/attack/NK24Repro.t.sol:30:38
   |
30 |     ValidateCaller private immutable _caller = new ValidateCaller();
   |                                      ^^^^^^^ help: consider using: `_CALLER`
   |
   = help: https://book.getfoundry.sh/reference/forge/forge-lint#screaming-snake-case-immutable

note[screaming-snake-case-immutable]: immutables should use SCREAMING_SNAKE_CASE
   --> test/FableAuditPoC.t.sol:266:35
    |
266 |     IPoolManager public immutable pm;
    |                                   ^^ help: consider using: `PM`
    |
    = help: https://book.getfoundry.sh/reference/forge/forge-lint#screaming-snake-case-immutable

note[screaming-snake-case-immutable]: immutables should use SCREAMING_SNAKE_CASE
   --> test/FableAuditPoC.t.sol:267:29
    |
267 |     IERC20 public immutable mix;
    |                             ^^^ help: consider using: `MIX`
    |
    = help: https://book.getfoundry.sh/reference/forge/forge-lint#screaming-snake-case-immutable

note[mixed-case-function]: function names should use mixedCase
   --> src/RoundController.sol:546:14
    |
546 |     function _claimPredepositPSP(uint256 pepeId, bool chosen) private {
    |              ^^^^^^^^^^^^^^^^^^^ help: consider using: `_claimPredepositPsp`
    |
    = help: https://book.getfoundry.sh/reference/forge/forge-lint#mixed-case-function

warning[unsafe-typecast]: typecasts that can truncate values should be checked
   --> src/PSPZapIn.sol:228:26
    |
228 |         uint256 pspOut = uint256(int256(pspDelta));
    |                          ^^^^^^^^^^^^^^^^^^^^^^^^^
    |
    = note: consider disabling this lint if you're certain the cast is safe
            
            // casting to 'uint256' is safe because [explain why]
            // forge-lint: disable-next-line(unsafe-typecast)
            
            
    = help: https://book.getfoundry.sh/reference/forge/forge-lint#unsafe-typecast

note[mixed-case-variable]: mutable variables should use mixedCase
    --> src/CurveHook.sol:1015:35
     |
1015 |     function getBuyOutput(uint256 mixETHInput) external view returns (uint256) {
     |                                   ^^^^^^^^^^^ help: consider using: `mixEthInput`
     |
     = help: https://book.getfoundry.sh/reference/forge/forge-lint#mixed-case-variable

warning[erc20-unchecked-transfer]: ERC20 'transfer' and 'transferFrom' calls should check the return value
   --> test/audit/testnet-final/SineCustodyInvariants.t.sol:117:9
    |
117 |         mix.transfer(trader2, 100e18);
    |         ^^^^^^^^^^^^^^^^^^^^^^^^^^^^^
    |
    = help: https://book.getfoundry.sh/reference/forge/forge-lint#erc20-unchecked-transfer

warning[erc20-unchecked-transfer]: ERC20 'transfer' and 'transferFrom' calls should check the return value
   --> test/audit/testnet-final/SineCustodyInvariants.t.sol:132:9
    |
132 |         mix.transfer(trader1, 500e18);
    |         ^^^^^^^^^^^^^^^^^^^^^^^^^^^^^
    |
    = help: https://book.getfoundry.sh/reference/forge/forge-lint#erc20-unchecked-transfer

warning[erc20-unchecked-transfer]: ERC20 'transfer' and 'transferFrom' calls should check the return value
   --> test/audit/testnet-final/SineCustodyInvariants.t.sol:133:9
    |
133 |         mix.transfer(trader2, 500e18);
    |         ^^^^^^^^^^^^^^^^^^^^^^^^^^^^^
    |
    = help: https://book.getfoundry.sh/reference/forge/forge-lint#erc20-unchecked-transfer

note[unwrapped-modifier-logic]: wrap modifier logic to reduce code size
   --> src/RoundController.sol:223:5
    |
223 | /     modifier onlyHook() {
224 | |         if (msg.sender != address(hook)) revert NotHook();
225 | |         _;
226 | |     }
    | |_____^
    |
help: wrap modifier logic to reduce code size
    |
223 ~     modifier onlyHook() {
224 +         _onlyHook();
225 +         _;
226 +     }
227 + 
228 +     function _onlyHook() internal {
229 +         if (msg.sender != address(hook)) revert NotHook();
230 +     }
    |
    = help: https://book.getfoundry.sh/reference/forge/forge-lint#unwrapped-modifier-logic

note[mixed-case-variable]: mutable variables should use mixedCase
  --> test/unit/ZapPredeposit.t.sol:30:16
   |
30 |     MockMixETH mixETH;
   |                ^^^^^^ help: consider using: `mixEth`
   |
   = help: https://book.getfoundry.sh/reference/forge/forge-lint#mixed-case-variable

warning[unsafe-typecast]: typecasts that can truncate values should be checked
   --> test/SineV3MonotonePrice.t.sol:125:20
    |
125 |         int256 x = int256(raw % 11000e18) - 1000e18;
    |                    ^^^^^^^^^^^^^^^^^^^^^^
    |
    = note: consider disabling this lint if you're certain the cast is safe
            
            // casting to 'int256' is safe because [explain why]
            // forge-lint: disable-next-line(unsafe-typecast)
            
            
    = help: https://book.getfoundry.sh/reference/forge/forge-lint#unsafe-typecast

warning[unsafe-typecast]: typecasts that can truncate values should be checked
   --> test/SineV3MonotonePrice.t.sol:133:20
    |
133 |         int256 a = int256(aRaw % 11000e18) - 1000e18;
    |                    ^^^^^^^^^^^^^^^^^^^^^^^
    |
    = note: consider disabling this lint if you're certain the cast is safe
            
            // casting to 'int256' is safe because [explain why]
            // forge-lint: disable-next-line(unsafe-typecast)
            
            
    = help: https://book.getfoundry.sh/reference/forge/forge-lint#unsafe-typecast

warning[unsafe-typecast]: typecasts that can truncate values should be checked
   --> test/SineV3MonotonePrice.t.sol:134:20
    |
134 |         int256 b = int256(bRaw % 11000e18) - 1000e18;
    |                    ^^^^^^^^^^^^^^^^^^^^^^^
    |
    = note: consider disabling this lint if you're certain the cast is safe
            
            // casting to 'int256' is safe because [explain why]
            // forge-lint: disable-next-line(unsafe-typecast)
            
            
    = help: https://book.getfoundry.sh/reference/forge/forge-lint#unsafe-typecast

note[mixed-case-variable]: mutable variables should use mixedCase
  --> src/PSPFactory.sol:41:82
   |
41 |     event ETHCarried(uint256 indexed fromRound, uint256 indexed toRound, uint256 mixETHAmount);
   |                                                                                  ^^^^^^^^^^^^ help: consider using: `mixEthAmount`
   |
   = help: https://book.getfoundry.sh/reference/forge/forge-lint#mixed-case-variable

note[screaming-snake-case-immutable]: immutables should use SCREAMING_SNAKE_CASE
  --> src/PSPFactory.sol:59:35
   |
59 |     IPoolManager public immutable poolManager;
   |                                   ^^^^^^^^^^^ help: consider using: `POOL_MANAGER`
   |
   = help: https://book.getfoundry.sh/reference/forge/forge-lint#screaming-snake-case-immutable

note[screaming-snake-case-immutable]: immutables should use SCREAMING_SNAKE_CASE
  --> src/PSPFactory.sol:60:29
   |
60 |     IERC20 public immutable mixETH;
   |                             ^^^^^^ help: consider using: `MIX_ETH`
   |
   = help: https://book.getfoundry.sh/reference/forge/forge-lint#screaming-snake-case-immutable

note[screaming-snake-case-immutable]: immutables should use SCREAMING_SNAKE_CASE
  --> src/PSPFactory.sol:63:35
   |
63 |     HookDeployer public immutable hookDeployer;
   |                                   ^^^^^^^^^^^^ help: consider using: `HOOK_DEPLOYER`
   |
   = help: https://book.getfoundry.sh/reference/forge/forge-lint#screaming-snake-case-immutable

note[screaming-snake-case-immutable]: immutables should use SCREAMING_SNAKE_CASE
  --> src/PSPFactory.sol:65:41
   |
65 |     ControllerDeployer public immutable controllerDeployer;
   |                                         ^^^^^^^^^^^^^^^^^^ help: consider using: `CONTROLLER_DEPLOYER`
   |
   = help: https://book.getfoundry.sh/reference/forge/forge-lint#screaming-snake-case-immutable

note[screaming-snake-case-immutable]: immutables should use SCREAMING_SNAKE_CASE
  --> src/PSPFactory.sol:70:37
   |
70 |     StakerDeployer public immutable stakerDeployer;
   |                                     ^^^^^^^^^^^^^^ help: consider using: `STAKER_DEPLOYER`
   |
   = help: https://book.getfoundry.sh/reference/forge/forge-lint#screaming-snake-case-immutable

note[screaming-snake-case-immutable]: immutables should use SCREAMING_SNAKE_CASE
  --> src/ControllerDeployer.sol:24:47
   |
24 |     ReferralRegistryInitCode public immutable registryInitOracle;
   |                                               ^^^^^^^^^^^^^^^^^^ help: consider using: `REGISTRY_INIT_ORACLE`
   |
   = help: https://book.getfoundry.sh/reference/forge/forge-lint#screaming-snake-case-immutable

note[unused-import]: unused imports should be removed
 --> test/unit/ZapPredeposit.t.sol:4:15
  |
4 | import {Test, console} from "forge-std/Test.sol";
  |               ^^^^^^^
  |
  = help: https://book.getfoundry.sh/reference/forge/forge-lint#unused-import

note[unused-import]: unused imports should be removed
 --> test/attack/NK24Repro.t.sol:5:9
  |
5 | import {console2} from "forge-std/console2.sol";
  |         ^^^^^^^^
  |
  = help: https://book.getfoundry.sh/reference/forge/forge-lint#unused-import

note[unused-import]: unused imports should be removed
 --> test/FableAuditPoC.t.sol:8:9
  |
8 | import {RoundController} from "../src/RoundController.sol";
  |         ^^^^^^^^^^^^^^^
  |
  = help: https://book.getfoundry.sh/reference/forge/forge-lint#unused-import

warning[erc20-unchecked-transfer]: ERC20 'transfer' and 'transferFrom' calls should check the return value
  --> test/FableAuditPoC.t.sol:28:9
   |
28 |         mixETH.transfer(alice, 5_000e18);
   |         ^^^^^^^^^^^^^^^^^^^^^^^^^^^^^^^^
   |
   = help: https://book.getfoundry.sh/reference/forge/forge-lint#erc20-unchecked-transfer

note[unused-import]: unused imports should be removed
 --> src/CurveHook.sol:8:9
  |
8 | import {PoolId, PoolIdLibrary} from "@uniswap/v4-core/src/types/PoolId.sol";
  |         ^^^^^^
  |
  = help: https://book.getfoundry.sh/reference/forge/forge-lint#unused-import

note[unused-import]: unused imports should be removed
 --> src/CurveHook.sol:9:9
  |
9 | import {BalanceDelta, BalanceDeltaLibrary} from "@uniswap/v4-core/src/types/BalanceDelta.sol";
  |         ^^^^^^^^^^^^
  |
  = help: https://book.getfoundry.sh/reference/forge/forge-lint#unused-import

warning[unsafe-typecast]: typecasts that can truncate values should be checked
   --> test/SineV3MonotonePrice.t.sol:143:27
    |
143 |         int256 exponent = int256(raw % 250e18) - 200e18;
    |                           ^^^^^^^^^^^^^^^^^^^^
    |
    = note: consider disabling this lint if you're certain the cast is safe
            
            // casting to 'int256' is safe because [explain why]
            // forge-lint: disable-next-line(unsafe-typecast)
            
            
    = help: https://book.getfoundry.sh/reference/forge/forge-lint#unsafe-typecast

warning[unsafe-typecast]: typecasts that can truncate values should be checked
   --> test/SineV3MonotonePrice.t.sol:145:20
    |
145 |         exponent = int256(raw % 335e18) - 200e18;
    |                    ^^^^^^^^^^^^^^^^^^^^
    |
    = note: consider disabling this lint if you're certain the cast is safe
            
            // casting to 'int256' is safe because [explain why]
            // forge-lint: disable-next-line(unsafe-typecast)
            
            
    = help: https://book.getfoundry.sh/reference/forge/forge-lint#unsafe-typecast

note[screaming-snake-case-immutable]: immutables should use SCREAMING_SNAKE_CASE
  --> src/PSPFactory.sol:76:36
   |
76 |     TokenDeployer public immutable tokenDeployer;
   |                                    ^^^^^^^^^^^^^ help: consider using: `TOKEN_DEPLOYER`
   |
   = help: https://book.getfoundry.sh/reference/forge/forge-lint#screaming-snake-case-immutable

note[screaming-snake-case-immutable]: immutables should use SCREAMING_SNAKE_CASE
   --> test/SineV3AuditPoC.t.sol:164:35
    |
164 |     IPoolManager public immutable pm;
    |                                   ^^ help: consider using: `PM`
    |
    = help: https://book.getfoundry.sh/reference/forge/forge-lint#screaming-snake-case-immutable

note[mixed-case-variable]: mutable variables should use mixedCase
  --> src/ControllerDeployer.sol:47:16
   |
47 |         IERC20 mixETH,
   |                ^^^^^^ help: consider using: `mixEth`
   |
   = help: https://book.getfoundry.sh/reference/forge/forge-lint#mixed-case-variable

warning[erc20-unchecked-transfer]: ERC20 'transfer' and 'transferFrom' calls should check the return value
   --> test/unit/ZapPredeposit.t.sol:133:9
    |
133 |         mixETH.transfer(rando, 3e18);
    |         ^^^^^^^^^^^^^^^^^^^^^^^^^^^^
    |
    = help: https://book.getfoundry.sh/reference/forge/forge-lint#erc20-unchecked-transfer

note[unused-import]: unused imports should be removed
 --> src/CurveHook.sol:9:23
  |
9 | import {BalanceDelta, BalanceDeltaLibrary} from "@uniswap/v4-core/src/types/BalanceDelta.sol";
  |                       ^^^^^^^^^^^^^^^^^^^
  |
  = help: https://book.getfoundry.sh/reference/forge/forge-lint#unused-import

note[unused-import]: unused imports should be removed
  --> src/CurveHook.sol:10:26
   |
10 | import {BeforeSwapDelta, BeforeSwapDeltaLibrary, toBeforeSwapDelta} from "@uniswap/v4-core/src/types/BeforeSwapDelta.sol";
   |                          ^^^^^^^^^^^^^^^^^^^^^^
   |
   = help: https://book.getfoundry.sh/reference/forge/forge-lint#unused-import

warning[erc20-unchecked-transfer]: ERC20 'transfer' and 'transferFrom' calls should check the return value
   --> test/audit/testnet-final/SineCustodyInvariants.t.sol:197:51
    |
197 |                 if (mix.balanceOf(trader1) < amt) mix.transfer(trader1, 10e18);
    |                                                   ^^^^^^^^^^^^^^^^^^^^^^^^^^^^
    |
    = help: https://book.getfoundry.sh/reference/forge/forge-lint#erc20-unchecked-transfer

warning[erc20-unchecked-transfer]: ERC20 'transfer' and 'transferFrom' calls should check the return value
   --> test/audit/testnet-final/SineCustodyInvariants.t.sol:206:52
    |
206 |                 if (mix.balanceOf(trader2) < 1e18) mix.transfer(trader2, 10e18);
    |                                                    ^^^^^^^^^^^^^^^^^^^^^^^^^^^^
    |
    = help: https://book.getfoundry.sh/reference/forge/forge-lint#erc20-unchecked-transfer

warning[erc20-unchecked-transfer]: ERC20 'transfer' and 'transferFrom' calls should check the return value
  --> test/FableAuditPoC.t.sol:29:9
   |
29 |         mixETH.transfer(carol, 5_000e18);
   |         ^^^^^^^^^^^^^^^^^^^^^^^^^^^^^^^^
   |
   = help: https://book.getfoundry.sh/reference/forge/forge-lint#erc20-unchecked-transfer

note[mixed-case-variable]: mutable variables should use mixedCase
  --> test/unit/CurveMath.t.sol:12:27
   |
12 |     CurveMath.CurveConfig multiCC;
   |                           ^^^^^^^ help: consider using: `multiCc`
   |
   = help: https://book.getfoundry.sh/reference/forge/forge-lint#mixed-case-variable

warning[unsafe-typecast]: typecasts that can truncate values should be checked
   --> src/CurveHook.sol:571:31
    |
571 |             uint128 seatPsp = uint128(pspOut / units);
    |                               ^^^^^^^^^^^^^^^^^^^^^^^
    |
    = note: consider disabling this lint if you're certain the cast is safe
            
            // casting to 'uint128' is safe because [explain why]
            // forge-lint: disable-next-line(unsafe-typecast)
            
            
    = help: https://book.getfoundry.sh/reference/forge/forge-lint#unsafe-typecast

warning[unsafe-typecast]: typecasts that can truncate values should be checked
   --> src/CurveHook.sol:572:31
    |
572 |             uint128 seatMix = uint128(mixETHInput / units);
    |                               ^^^^^^^^^^^^^^^^^^^^^^^^^^^^
    |
    = note: consider disabling this lint if you're certain the cast is safe
            
            // casting to 'uint128' is safe because [explain why]
            // forge-lint: disable-next-line(unsafe-typecast)
            
            
    = help: https://book.getfoundry.sh/reference/forge/forge-lint#unsafe-typecast

note[named-struct-fields]: prefer initializing structs with named fields
   --> src/CurveHook.sol:576:45
    |
576 |                 tickets[ticketCount % 10] = Ticket(buyer, ts, seatPsp, seatMix);
    |                                             ^^^^^^^^^^^^^^^^^^^^^^^^^^^^^^^^^^^ help: consider using named fields: `Ticket({ buyer: buyer, ts: ts, pspAmount: seatPsp, mixPaid: seatMix })`
    |
    = help: https://book.getfoundry.sh/reference/forge/forge-lint#named-struct-fields

note[mixed-case-variable]: mutable variables should use mixedCase
  --> test/unit/CurveMath.t.sol:68:17
   |
68 |         uint256 S_inf = 100_000_000e18;
   |                 ^^^^^ help: consider using: `sInf`
   |
   = help: https://book.getfoundry.sh/reference/forge/forge-lint#mixed-case-variable

warning[erc20-unchecked-transfer]: ERC20 'transfer' and 'transferFrom' calls should check the return value
  --> test/ReinvestAttribution.t.sol:37:9
   |
37 |         mixETH.transfer(alice, 2e18);
   |         ^^^^^^^^^^^^^^^^^^^^^^^^^^^^
   |
   = help: https://book.getfoundry.sh/reference/forge/forge-lint#erc20-unchecked-transfer

warning[erc20-unchecked-transfer]: ERC20 'transfer' and 'transferFrom' calls should check the return value
  --> test/ReinvestAttribution.t.sol:55:9
   |
55 |         pspToken.transfer(address(reinvestor), 1001);
   |         ^^^^^^^^^^^^^^^^^^^^^^^^^^^^^^^^^^^^^^^^^^^^
   |
   = help: https://book.getfoundry.sh/reference/forge/forge-lint#erc20-unchecked-transfer

warning[unsafe-typecast]: typecasts that can truncate values should be checked
   --> src/CurveHook.sol:603:13
    |
603 |             int128(int256(mixETHInput)),   // +input: hook handles the specified input
    |             ^^^^^^^^^^^^^^^^^^^^^^^^^^^
    |
    = note: consider disabling this lint if you're certain the cast is safe
            
            // casting to 'int128' is safe because [explain why]
            // forge-lint: disable-next-line(unsafe-typecast)
            
            
    = help: https://book.getfoundry.sh/reference/forge/forge-lint#unsafe-typecast

warning[unsafe-typecast]: typecasts that can truncate values should be checked
   --> src/CurveHook.sol:603:20
    |
603 |             int128(int256(mixETHInput)),   // +input: hook handles the specified input
    |                    ^^^^^^^^^^^^^^^^^^^
    |
    = note: consider disabling this lint if you're certain the cast is safe
            
            // casting to 'int256' is safe because [explain why]
            // forge-lint: disable-next-line(unsafe-typecast)
            
            
    = help: https://book.getfoundry.sh/reference/forge/forge-lint#unsafe-typecast

warning[unsafe-typecast]: typecasts that can truncate values should be checked
   --> src/CurveHook.sol:604:13
    |
604 |             int128(-int256(pspOut))         // -output: hook provides the unspecified output
    |             ^^^^^^^^^^^^^^^^^^^^^^^
    |
    = note: consider disabling this lint if you're certain the cast is safe
            
            // casting to 'int128' is safe because [explain why]
            // forge-lint: disable-next-line(unsafe-typecast)
            
            
    = help: https://book.getfoundry.sh/reference/forge/forge-lint#unsafe-typecast

warning[unsafe-typecast]: typecasts that can truncate values should be checked
   --> src/CurveHook.sol:604:21
    |
604 |             int128(-int256(pspOut))         // -output: hook provides the unspecified output
    |                     ^^^^^^^^^^^^^^
    |
    = note: consider disabling this lint if you're certain the cast is safe
            
            // casting to 'int256' is safe because [explain why]
            // forge-lint: disable-next-line(unsafe-typecast)
            
            
    = help: https://book.getfoundry.sh/reference/forge/forge-lint#unsafe-typecast

warning[unsafe-typecast]: typecasts that can truncate values should be checked
   --> src/CurveHook.sol:668:13
    |
668 |             int128(int256(pspInputAmount)),  // +input: hook handles the specified PSP input
    |             ^^^^^^^^^^^^^^^^^^^^^^^^^^^^^^
    |
    = note: consider disabling this lint if you're certain the cast is safe
            
            // casting to 'int128' is safe because [explain why]
            // forge-lint: disable-next-line(unsafe-typecast)
            
            
    = help: https://book.getfoundry.sh/reference/forge/forge-lint#unsafe-typecast

warning[unsafe-typecast]: typecasts that can truncate values should be checked
   --> src/CurveHook.sol:668:20
    |
668 |             int128(int256(pspInputAmount)),  // +input: hook handles the specified PSP input
    |                    ^^^^^^^^^^^^^^^^^^^^^^
    |
    = note: consider disabling this lint if you're certain the cast is safe
            
            // casting to 'int256' is safe because [explain why]
            // forge-lint: disable-next-line(unsafe-typecast)
            
            
    = help: https://book.getfoundry.sh/reference/forge/forge-lint#unsafe-typecast

warning[unsafe-typecast]: typecasts that can truncate values should be checked
   --> src/CurveHook.sol:669:13
    |
669 |             int128(-int256(mixETHToUser))    // -output: hook provides the unspecified mixETH output
    |             ^^^^^^^^^^^^^^^^^^^^^^^^^^^^^
    |
    = note: consider disabling this lint if you're certain the cast is safe
            
            // casting to 'int128' is safe because [explain why]
            // forge-lint: disable-next-line(unsafe-typecast)
            
            
    = help: https://book.getfoundry.sh/reference/forge/forge-lint#unsafe-typecast

warning[unsafe-typecast]: typecasts that can truncate values should be checked
   --> src/CurveHook.sol:669:21
    |
669 |             int128(-int256(mixETHToUser))    // -output: hook provides the unspecified mixETH output
    |                     ^^^^^^^^^^^^^^^^^^^^
    |
    = note: consider disabling this lint if you're certain the cast is safe
            
            // casting to 'int256' is safe because [explain why]
            // forge-lint: disable-next-line(unsafe-typecast)
            
            
    = help: https://book.getfoundry.sh/reference/forge/forge-lint#unsafe-typecast

warning[unsafe-typecast]: typecasts that can truncate values should be checked
   --> src/CurveHook.sol:714:13
    |
714 |             int128(int256(pspInputAmount)),  // +input: hook handles specified input
    |             ^^^^^^^^^^^^^^^^^^^^^^^^^^^^^^
    |
    = note: consider disabling this lint if you're certain the cast is safe
            
            // casting to 'int128' is safe because [explain why]
            // forge-lint: disable-next-line(unsafe-typecast)
            
            
    = help: https://book.getfoundry.sh/reference/forge/forge-lint#unsafe-typecast

warning[unsafe-typecast]: typecasts that can truncate values should be checked
   --> src/CurveHook.sol:714:20
    |
714 |             int128(int256(pspInputAmount)),  // +input: hook handles specified input
    |                    ^^^^^^^^^^^^^^^^^^^^^^
    |
    = note: consider disabling this lint if you're certain the cast is safe
            
            // casting to 'int256' is safe because [explain why]
            // forge-lint: disable-next-line(unsafe-typecast)
            
            
    = help: https://book.getfoundry.sh/reference/forge/forge-lint#unsafe-typecast

warning[unsafe-typecast]: typecasts that can truncate values should be checked
   --> src/CurveHook.sol:715:13
    |
715 |             int128(-int256(mixETHToUser))    // -output: hook provides unspecified output
    |             ^^^^^^^^^^^^^^^^^^^^^^^^^^^^^
    |
    = note: consider disabling this lint if you're certain the cast is safe
            
            // casting to 'int128' is safe because [explain why]
            // forge-lint: disable-next-line(unsafe-typecast)
            
            
    = help: https://book.getfoundry.sh/reference/forge/forge-lint#unsafe-typecast

warning[unsafe-typecast]: typecasts that can truncate values should be checked
   --> src/CurveHook.sol:715:21
    |
715 |             int128(-int256(mixETHToUser))    // -output: hook provides unspecified output
    |                     ^^^^^^^^^^^^^^^^^^^^
    |
    = note: consider disabling this lint if you're certain the cast is safe
            
            // casting to 'int256' is safe because [explain why]
            // forge-lint: disable-next-line(unsafe-typecast)
            
            
    = help: https://book.getfoundry.sh/reference/forge/forge-lint#unsafe-typecast

warning[erc20-unchecked-transfer]: ERC20 'transfer' and 'transferFrom' calls should check the return value
   --> test/audit/testnet-final/SineCustodyInvariants.t.sol:226:44
    |
226 |         if (mix.balanceOf(trader1) < 2e18) mix.transfer(trader1, 10e18);
    |                                            ^^^^^^^^^^^^^^^^^^^^^^^^^^^^
    |
    = help: https://book.getfoundry.sh/reference/forge/forge-lint#erc20-unchecked-transfer

note[mixed-case-variable]: mutable variables should use mixedCase
  --> src/ControllerDeployer.sol:98:16
   |
98 |         IERC20 mixETH,
   |                ^^^^^^ help: consider using: `mixEth`
   |
   = help: https://book.getfoundry.sh/reference/forge/forge-lint#mixed-case-variable

note[mixed-case-variable]: mutable variables should use mixedCase
   --> src/ControllerDeployer.sol:135:16
    |
135 |         IERC20 mixETH,
    |                ^^^^^^ help: consider using: `mixEth`
    |
    = help: https://book.getfoundry.sh/reference/forge/forge-lint#mixed-case-variable

note[screaming-snake-case-const]: constants should use SCREAMING_SNAKE_CASE
  --> src/PSPFactory.sol:90:27
   |
90 |     int24 public constant tickSpacing = 60;
   |                           ^^^^^^^^^^^ help: consider using: `TICK_SPACING`
   |
   = help: https://book.getfoundry.sh/reference/forge/forge-lint#screaming-snake-case-const

note[mixed-case-variable]: mutable variables should use mixedCase
   --> src/PSPFactory.sol:100:20
    |
100 |     uint128 public gameSinePL;
    |                    ^^^^^^^^^^ help: consider using: `gameSinePl`
    |
    = help: https://book.getfoundry.sh/reference/forge/forge-lint#mixed-case-variable

note[screaming-snake-case-immutable]: immutables should use SCREAMING_SNAKE_CASE
   --> src/PSPFactory.sol:105:30
    |
105 |     address public immutable sineV3Table;
    |                              ^^^^^^^^^^^ help: consider using: `SINE_V3_TABLE`
    |
    = help: https://book.getfoundry.sh/reference/forge/forge-lint#screaming-snake-case-immutable

note[mixed-case-variable]: mutable variables should use mixedCase
   --> src/PSPFactory.sol:144:51
    |
144 |     constructor(IPoolManager _poolManager, IERC20 _mixETH, HookDeployer _hookDeployer, ControllerDeployer _controllerDeployer, Stak...
    |                                                   ^^^^^^^ help: consider using: `_mixEth`
    |
    = help: https://book.getfoundry.sh/reference/forge/forge-lint#mixed-case-variable

note[screaming-snake-case-immutable]: immutables should use SCREAMING_SNAKE_CASE
   --> src/PSPFactory.sol:165:30
    |
165 |     uint256 public immutable roundTimings;
    |                              ^^^^^^^^^^^^ help: consider using: `ROUND_TIMINGS`
    |
    = help: https://book.getfoundry.sh/reference/forge/forge-lint#screaming-snake-case-immutable

note[screaming-snake-case-immutable]: immutables should use SCREAMING_SNAKE_CASE
   --> src/PSPFactory.sol:166:30
    |
166 |     address public immutable deployerCutTo;
    |                              ^^^^^^^^^^^^^ help: consider using: `DEPLOYER_CUT_TO`
    |
    = help: https://book.getfoundry.sh/reference/forge/forge-lint#screaming-snake-case-immutable

warning[incorrect-shift]: the order of args in a shift operation is incorrect
   --> test/unit/CurveMath.t.sol:377:24
    |
377 |         uint256 max = (1 << CurveMath.TIMINGS_WIDTH) - 1;
    |                        ^^^^^^^^^^^^^^^^^^^^^^^^^^^^
    |
    = help: https://book.getfoundry.sh/reference/forge/forge-lint#incorrect-shift

warning[incorrect-shift]: the order of args in a shift operation is incorrect
   --> test/unit/CurveMath.t.sol:397:24
    |
397 |         uint256 max = (1 << CurveMath.TIMINGS_WIDTH) - 1;
    |                        ^^^^^^^^^^^^^^^^^^^^^^^^^^^^
    |
    = help: https://book.getfoundry.sh/reference/forge/forge-lint#incorrect-shift

note[mixed-case-variable]: mutable variables should use mixedCase
   --> test/audit/AuditCurveMath.t.sol:114:17
    |
114 |         uint256 R1 = R + buyMix;
    |                 ^^ help: consider using: `r1`
    |
    = help: https://book.getfoundry.sh/reference/forge/forge-lint#mixed-case-variable

note[mixed-case-variable]: mutable variables should use mixedCase
   --> test/audit/AuditCurveMath.t.sol:115:17
    |
115 |         uint256 S1 = S + pspOut;
    |                 ^^ help: consider using: `s1`
    |
    = help: https://book.getfoundry.sh/reference/forge/forge-lint#mixed-case-variable

note[mixed-case-variable]: mutable variables should use mixedCase
   --> test/audit/AuditCurveMath.t.sol:150:17
    |
150 |         uint256 R1 = R + buyMix;
    |                 ^^ help: consider using: `r1`
    |
    = help: https://book.getfoundry.sh/reference/forge/forge-lint#mixed-case-variable

note[mixed-case-variable]: mutable variables should use mixedCase
   --> test/audit/AuditCurveMath.t.sol:151:17
    |
151 |         uint256 S1 = S + pspOut;
    |                 ^^ help: consider using: `s1`
    |
    = help: https://book.getfoundry.sh/reference/forge/forge-lint#mixed-case-variable

note[mixed-case-variable]: mutable variables should use mixedCase
   --> src/ControllerDeployer.sol:161:53
    |
161 |     function deployRegistry(address staker, uint256 minStakePSP)
    |                                                     ^^^^^^^^^^^ help: consider using: `minStakePsp`
    |
    = help: https://book.getfoundry.sh/reference/forge/forge-lint#mixed-case-variable

warning[erc20-unchecked-transfer]: ERC20 'transfer' and 'transferFrom' calls should check the return value
   --> test/ReinvestAttribution.t.sol:155:13
    |
155 |             pspToken.transfer(bob, extra);
    |             ^^^^^^^^^^^^^^^^^^^^^^^^^^^^^
    |
    = help: https://book.getfoundry.sh/reference/forge/forge-lint#erc20-unchecked-transfer

note[named-struct-fields]: prefer initializing structs with named fields
   --> src/CurveHook.sol:812:22
    |
812 |             out[i] = LadderEntry(t.buyer, t.pspAmount, t.mixPaid, t.ts);
    |                      ^^^^^^^^^^^^^^^^^^^^^^^^^^^^^^^^^^^^^^^^^^^^^^^^^^ help: consider using named fields: `LadderEntry({ buyer: t.buyer, pspAmount: t.pspAmount, mixPaid: t.mixPaid, ts: t.ts })`
    |
    = help: https://book.getfoundry.sh/reference/forge/forge-lint#named-struct-fields

note[named-struct-fields]: prefer initializing structs with named fields
   --> src/CurveHook.sol:959:22
    |
959 |             sineV3 = SineV3Curve(_reserveMixETH, lam, _reserveMixETH + 10 * lam, q0);
    |                      ^^^^^^^^^^^^^^^^^^^^^^^^^^^^^^^^^^^^^^^^^^^^^^^^^^^^^^^^^^^^^^^ help: consider using named fields: `SineV3Curve({ boot: _reserveMixETH, lam: lam, target: _reserveMixETH + 10 * lam, q0: q0 })`
    |
    = help: https://book.getfoundry.sh/reference/forge/forge-lint#named-struct-fields

note[unused-import]: unused imports should be removed
  --> src/PSPFactory.sol:12:9
   |
12 | import {Hooks} from "@uniswap/v4-core/src/libraries/Hooks.sol";
   |         ^^^^^
   |
   = help: https://book.getfoundry.sh/reference/forge/forge-lint#unused-import

note[unused-import]: unused imports should be removed
  --> src/PSPFactory.sol:15:9
   |
15 | import {HookMiner} from "./utils/HookMiner.sol";
   |         ^^^^^^^^^
   |
   = help: https://book.getfoundry.sh/reference/forge/forge-lint#unused-import

warning[erc20-unchecked-transfer]: ERC20 'transfer' and 'transferFrom' calls should check the return value
   --> test/ReinvestAttribution.t.sol:247:9
    |
247 |         mixETH.transfer(operator, 1e18);
    |         ^^^^^^^^^^^^^^^^^^^^^^^^^^^^^^^
    |
    = help: https://book.getfoundry.sh/reference/forge/forge-lint#erc20-unchecked-transfer

note[mixed-case-variable]: mutable variables should use mixedCase
   --> src/ControllerDeployer.sol:172:69
    |
172 |     function deployRegistryAt(bytes32 salt, address staker, uint256 minStakePSP)
    |                                                                     ^^^^^^^^^^^ help: consider using: `minStakePsp`
    |
    = help: https://book.getfoundry.sh/reference/forge/forge-lint#mixed-case-variable

note[mixed-case-variable]: mutable variables should use mixedCase
   --> src/ControllerDeployer.sol:195:68
    |
195 |     function predictRegistry(bytes32 salt, address staker, uint256 minStakePSP)
    |                                                                    ^^^^^^^^^^^ help: consider using: `minStakePsp`
    |
    = help: https://book.getfoundry.sh/reference/forge/forge-lint#mixed-case-variable

note[mixed-case-variable]: mutable variables should use mixedCase
   --> test/audit/AuditCurveMath.t.sol:174:17
    |
174 |         uint256 R1 = R - totalOut;
    |                 ^^ help: consider using: `r1`
    |
    = help: https://book.getfoundry.sh/reference/forge/forge-lint#mixed-case-variable

note[screaming-snake-case-immutable]: immutables should use SCREAMING_SNAKE_CASE
   --> test/SineV3AuditPoC.t.sol:165:29
    |
165 |     IERC20 public immutable mix;
    |                             ^^^ help: consider using: `MIX`
    |
    = help: https://book.getfoundry.sh/reference/forge/forge-lint#screaming-snake-case-immutable

warning[erc20-unchecked-transfer]: ERC20 'transfer' and 'transferFrom' calls should check the return value
  --> test/unit/TestnetFaucet.t.sol:69:9
   |
69 |         mix.transfer(bob, 400 ether); // plain ERC-20 move — no ETH leg
   |         ^^^^^^^^^^^^^^^^^^^^^^^^^^^^
   |
   = help: https://book.getfoundry.sh/reference/forge/forge-lint#erc20-unchecked-transfer

note[mixed-case-function]: function names should use mixedCase
  --> test/RealV4Lifecycle.t.sol:38:14
   |
38 |     function createMixETH() internal virtual returns (MockMixETH) { return new MockMixETH(); }
   |              ^^^^^^^^^^^^ help: consider using: `createMixEth`
   |
   = help: https://book.getfoundry.sh/reference/forge/forge-lint#mixed-case-function

note[mixed-case-variable]: mutable variables should use mixedCase
   --> test/audit/AuditCurveMath.t.sol:175:17
    |
175 |         uint256 S1 = S - psp;
    |                 ^^ help: consider using: `s1`
    |
    = help: https://book.getfoundry.sh/reference/forge/forge-lint#mixed-case-variable

warning[erc20-unchecked-transfer]: ERC20 'transfer' and 'transferFrom' calls should check the return value
   --> test/FableAuditPoC.t.sol:275:9
    |
275 |         mix.transferFrom(msg.sender, address(this), mixIn);
    |         ^^^^^^^^^^^^^^^^^^^^^^^^^^^^^^^^^^^^^^^^^^^^^^^^^^
    |
    = help: https://book.getfoundry.sh/reference/forge/forge-lint#erc20-unchecked-transfer

warning[erc20-unchecked-transfer]: ERC20 'transfer' and 'transferFrom' calls should check the return value
   --> test/FableAuditPoC.t.sol:286:9
    |
286 |         mix.transfer(address(pm), amt);
    |         ^^^^^^^^^^^^^^^^^^^^^^^^^^^^^^
    |
    = help: https://book.getfoundry.sh/reference/forge/forge-lint#erc20-unchecked-transfer

warning[unsafe-typecast]: typecasts that can truncate values should be checked
   --> test/FableAuditPoC.t.sol:291:35
    |
291 |                 amountSpecified: -int256(amt),
    |                                   ^^^^^^^^^^^
    |
    = note: consider disabling this lint if you're certain the cast is safe
            
            // casting to 'int256' is safe because [explain why]
            // forge-lint: disable-next-line(unsafe-typecast)
            
            
    = help: https://book.getfoundry.sh/reference/forge/forge-lint#unsafe-typecast

note[screaming-snake-case-immutable]: immutables should use SCREAMING_SNAKE_CASE
  --> src/PSPReinvestor.sol:33:33
   |
33 |     IPSPStaker public immutable staker;
   |                                 ^^^^^^ help: consider using: `STAKER`
   |
   = help: https://book.getfoundry.sh/reference/forge/forge-lint#screaming-snake-case-immutable

note[unused-import]: unused imports should be removed
 --> test/SineV3AuditPoC.t.sol:4:9
  |
4 | import {Test} from "forge-std/Test.sol";
  |         ^^^^
  |
  = help: https://book.getfoundry.sh/reference/forge/forge-lint#unused-import

warning[erc20-unchecked-transfer]: ERC20 'transfer' and 'transferFrom' calls should check the return value
  --> test/SineV3AuditPoC.t.sol:29:9
   |
29 |         mixETH.transfer(trader, 500_000e18);
   |         ^^^^^^^^^^^^^^^^^^^^^^^^^^^^^^^^^^^
   |
   = help: https://book.getfoundry.sh/reference/forge/forge-lint#erc20-unchecked-transfer

warning[erc20-unchecked-transfer]: ERC20 'transfer' and 'transferFrom' calls should check the return value
  --> test/SineV3AuditPoC.t.sol:30:9
   |
30 |         mixETH.transfer(rival, 500_000e18);
   |         ^^^^^^^^^^^^^^^^^^^^^^^^^^^^^^^^^^
   |
   = help: https://book.getfoundry.sh/reference/forge/forge-lint#erc20-unchecked-transfer

warning[unsafe-typecast]: typecasts that can truncate values should be checked
   --> src/PSPFactory.sol:290:13
    |
290 |             uint128(fromRoundId),
    |             ^^^^^^^^^^^^^^^^^^^^
    |
    = note: consider disabling this lint if you're certain the cast is safe
            
            // casting to 'uint128' is safe because [explain why]
            // forge-lint: disable-next-line(unsafe-typecast)
            
            
    = help: https://book.getfoundry.sh/reference/forge/forge-lint#unsafe-typecast

note[asm-keccak256]: use of inefficient hashing mechanism; consider using inline assembly
   --> src/PSPFactory.sol:370:24
    |
370 |         bytes32 root = keccak256(abi.encode(block.prevrandao, block.timestamp, block.number, newRoundId));
    |                        ^^^^^^^^^^^^^^^^^^^^^^^^^^^^^^^^^^^^^^^^^^^^^^^^^^^^^^^^^^^^^^^^^^^^^^^^^^^^^^^^^^
    |
    = help: https://book.getfoundry.sh/reference/forge/forge-lint#asm-keccak256

note[asm-keccak256]: use of inefficient hashing mechanism; consider using inline assembly
   --> src/PSPFactory.sol:371:29
    |
371 |         bytes32 tokenSalt = keccak256(abi.encode(root, "token"));
    |                             ^^^^^^^^^^^^^^^^^^^^^^^^^^^^^^^^^^^^
    |
    = help: https://book.getfoundry.sh/reference/forge/forge-lint#asm-keccak256

note[asm-keccak256]: use of inefficient hashing mechanism; consider using inline assembly
   --> src/PSPFactory.sol:372:34
    |
372 |         bytes32 controllerSalt = keccak256(abi.encode(root, "controller"));
    |                                  ^^^^^^^^^^^^^^^^^^^^^^^^^^^^^^^^^^^^^^^^^
    |
    = help: https://book.getfoundry.sh/reference/forge/forge-lint#asm-keccak256

note[asm-keccak256]: use of inefficient hashing mechanism; consider using inline assembly
   --> src/PSPFactory.sol:380:30
    |
380 |         bytes32 stakerSalt = keccak256(abi.encode(controller, "psp-staker"));
    |                              ^^^^^^^^^^^^^^^^^^^^^^^^^^^^^^^^^^^^^^^^^^^^^^^
    |
    = help: https://book.getfoundry.sh/reference/forge/forge-lint#asm-keccak256

note[asm-keccak256]: use of inefficient hashing mechanism; consider using inline assembly
   --> src/PSPFactory.sol:384:32
    |
384 |         bytes32 registrySalt = keccak256(abi.encode(controller, "psp-registry"));
    |                                ^^^^^^^^^^^^^^^^^^^^^^^^^^^^^^^^^^^^^^^^^^^^^^^^^
    |
    = help: https://book.getfoundry.sh/reference/forge/forge-lint#asm-keccak256

note[mixed-case-variable]: mutable variables should use mixedCase
  --> test/wave2/auditorB/B7_Supplemental.t.sol:85:17
   |
85 |         uint256 S0 = hook.totalSupplyPSP();
   |                 ^^ help: consider using: `s0`
   |
   = help: https://book.getfoundry.sh/reference/forge/forge-lint#mixed-case-variable

note[mixed-case-variable]: mutable variables should use mixedCase
  --> test/RealV4Lifecycle.t.sol:40:16
   |
40 |     MockMixETH mixETH;
   |                ^^^^^^ help: consider using: `mixEth`
   |
   = help: https://book.getfoundry.sh/reference/forge/forge-lint#mixed-case-variable

warning[erc20-unchecked-transfer]: ERC20 'transfer' and 'transferFrom' calls should check the return value
   --> test/SineV3AuditPoC.t.sol:176:9
    |
176 |         mix.transferFrom(msg.sender, address(this), mixIn);
    |         ^^^^^^^^^^^^^^^^^^^^^^^^^^^^^^^^^^^^^^^^^^^^^^^^^^
    |
    = help: https://book.getfoundry.sh/reference/forge/forge-lint#erc20-unchecked-transfer

warning[unsafe-typecast]: typecasts that can truncate values should be checked
   --> src/PSPFactory.sol:392:25
    |
392 |             newRoundId: uint128(newRoundId),
    |                         ^^^^^^^^^^^^^^^^^^^
    |
    = note: consider disabling this lint if you're certain the cast is safe
            
            // casting to 'uint128' is safe because [explain why]
            // forge-lint: disable-next-line(unsafe-typecast)
            
            
    = help: https://book.getfoundry.sh/reference/forge/forge-lint#unsafe-typecast

note[asm-keccak256]: use of inefficient hashing mechanism; consider using inline assembly
   --> src/PSPFactory.sol:460:32
    |
460 |         bytes32 registrySalt = keccak256(abi.encode(r.controller, "psp-registry"));
    |                                ^^^^^^^^^^^^^^^^^^^^^^^^^^^^^^^^^^^^^^^^^^^^^^^^^^^
    |
    = help: https://book.getfoundry.sh/reference/forge/forge-lint#asm-keccak256

warning[unsafe-typecast]: typecasts that can truncate values should be checked
   --> test/FableAuditPoC.t.sol:299:23
    |
299 |         uint256 out = uint256(int256(pspDelta));
    |                       ^^^^^^^^^^^^^^^^^^^^^^^^^
    |
    = note: consider disabling this lint if you're certain the cast is safe
            
            // casting to 'uint256' is safe because [explain why]
            // forge-lint: disable-next-line(unsafe-typecast)
            
            
    = help: https://book.getfoundry.sh/reference/forge/forge-lint#unsafe-typecast

warning[erc20-unchecked-transfer]: ERC20 'transfer' and 'transferFrom' calls should check the return value
   --> test/SineV3AuditPoC.t.sol:183:9
    |
183 | /         IERC20(Currency.unwrap(key.currency1 == Currency.wrap(address(mix)) ? key.currency0 : key.currency1))
184 | |             .transferFrom(msg.sender, address(this), pspIn);
    | |___________________________________________________________^
    |
    = help: https://book.getfoundry.sh/reference/forge/forge-lint#erc20-unchecked-transfer

warning[erc20-unchecked-transfer]: ERC20 'transfer' and 'transferFrom' calls should check the return value
   --> test/SineV3AuditPoC.t.sol:199:13
    |
199 |             mix.transfer(address(pm), amt);
    |             ^^^^^^^^^^^^^^^^^^^^^^^^^^^^^^
    |
    = help: https://book.getfoundry.sh/reference/forge/forge-lint#erc20-unchecked-transfer

warning[unsafe-typecast]: typecasts that can truncate values should be checked
   --> test/SineV3AuditPoC.t.sol:204:39
    |
204 |                     amountSpecified: -int256(amt),
    |                                       ^^^^^^^^^^^
    |
    = note: consider disabling this lint if you're certain the cast is safe
            
            // casting to 'int256' is safe because [explain why]
            // forge-lint: disable-next-line(unsafe-typecast)
            
            
    = help: https://book.getfoundry.sh/reference/forge/forge-lint#unsafe-typecast

note[mixed-case-variable]: mutable variables should use mixedCase
  --> test/unit/Factory.t.sol:40:16
   |
40 |     MockMixETH mixETH;
   |                ^^^^^^ help: consider using: `mixEth`
   |
   = help: https://book.getfoundry.sh/reference/forge/forge-lint#mixed-case-variable

note[unused-import]: unused imports should be removed
 --> test/audit/AuditCurveMath.t.sol:4:15
  |
4 | import {Test, console} from "forge-std/Test.sol";
  |               ^^^^^^^
  |
  = help: https://book.getfoundry.sh/reference/forge/forge-lint#unused-import

note[mixed-case-variable]: mutable variables should use mixedCase
  --> test/wave2/auditorB/B7_Supplemental.t.sol:86:17
   |
86 |         uint256 R0 = hook.reserveMixETH();
   |                 ^^ help: consider using: `r0`
   |
   = help: https://book.getfoundry.sh/reference/forge/forge-lint#mixed-case-variable

note[mixed-case-variable]: mutable variables should use mixedCase
  --> test/wave2/auditorB/B7_Supplemental.t.sol:99:17
   |
99 |         uint256 S1 = hook.totalSupplyPSP();
   |                 ^^ help: consider using: `s1`
   |
   = help: https://book.getfoundry.sh/reference/forge/forge-lint#mixed-case-variable

note[mixed-case-variable]: mutable variables should use mixedCase
  --> test/unit/PlaytestFixes2.t.sol:30:16
   |
30 |     MockMixETH mixETH;
   |                ^^^^^^ help: consider using: `mixEth`
   |
   = help: https://book.getfoundry.sh/reference/forge/forge-lint#mixed-case-variable

note[mixed-case-variable]: mutable variables should use mixedCase
   --> test/wave2/auditorB/B7_Supplemental.t.sol:208:17
    |
208 |         uint256 hookPSP = psp.balanceOf(address(hook));
    |                 ^^^^^^^ help: consider using: `hookPsp`
    |
    = help: https://book.getfoundry.sh/reference/forge/forge-lint#mixed-case-variable

note[unused-import]: unused imports should be removed
 --> test/unit/Factory.t.sol:8:9
  |
8 | import {Ownable} from "@openzeppelin/contracts/access/Ownable.sol";
  |         ^^^^^^^
  |
  = help: https://book.getfoundry.sh/reference/forge/forge-lint#unused-import

note[unused-import]: unused imports should be removed
  --> test/unit/Factory.t.sol:22:9
   |
22 | import {PSPStaker} from "../../src/PSPStaker.sol";
   |         ^^^^^^^^^
   |
   = help: https://book.getfoundry.sh/reference/forge/forge-lint#unused-import

warning[erc20-unchecked-transfer]: ERC20 'transfer' and 'transferFrom' calls should check the return value
   --> test/unit/Factory.t.sol:219:9
    |
219 |         mixETH.transfer(alice, 200e18);
    |         ^^^^^^^^^^^^^^^^^^^^^^^^^^^^^^
    |
    = help: https://book.getfoundry.sh/reference/forge/forge-lint#erc20-unchecked-transfer

note[unused-import]: unused imports should be removed
 --> test/RealV4Lifecycle.t.sol:4:15
  |
4 | import {Test, console} from "forge-std/Test.sol";
  |               ^^^^^^^
  |
  = help: https://book.getfoundry.sh/reference/forge/forge-lint#unused-import

note[unused-import]: unused imports should be removed
  --> test/RealV4Lifecycle.t.sol:23:9
   |
23 | import {SineMath} from "../src/libraries/SineMath.sol";
   |         ^^^^^^^^
   |
   = help: https://book.getfoundry.sh/reference/forge/forge-lint#unused-import

warning[unsafe-typecast]: typecasts that can truncate values should be checked
   --> test/SineV3AuditPoC.t.sol:212:27
    |
212 |             uint256 out = uint256(int256(pspDelta));
    |                           ^^^^^^^^^^^^^^^^^^^^^^^^^
    |
    = note: consider disabling this lint if you're certain the cast is safe
            
            // casting to 'uint256' is safe because [explain why]
            // forge-lint: disable-next-line(unsafe-typecast)
            
            
    = help: https://book.getfoundry.sh/reference/forge/forge-lint#unsafe-typecast

warning[erc20-unchecked-transfer]: ERC20 'transfer' and 'transferFrom' calls should check the return value
   --> test/SineV3AuditPoC.t.sol:217:13
    |
217 |             IERC20(Currency.unwrap(pspCur)).transfer(address(pm), amt);
    |             ^^^^^^^^^^^^^^^^^^^^^^^^^^^^^^^^^^^^^^^^^^^^^^^^^^^^^^^^^^
    |
    = help: https://book.getfoundry.sh/reference/forge/forge-lint#erc20-unchecked-transfer

warning[unsafe-typecast]: typecasts that can truncate values should be checked
   --> test/SineV3AuditPoC.t.sol:222:39
    |
222 |                     amountSpecified: -int256(amt), // exact input of pspIn
    |                                       ^^^^^^^^^^^
    |
    = note: consider disabling this lint if you're certain the cast is safe
            
            // casting to 'int256' is safe because [explain why]
            // forge-lint: disable-next-line(unsafe-typecast)
            
            
    = help: https://book.getfoundry.sh/reference/forge/forge-lint#unsafe-typecast

warning[unsafe-typecast]: typecasts that can truncate values should be checked
   --> test/SineV3AuditPoC.t.sol:230:27
    |
230 |             uint256 out = uint256(int256(mixDelta));
    |                           ^^^^^^^^^^^^^^^^^^^^^^^^^
    |
    = note: consider disabling this lint if you're certain the cast is safe
            
            // casting to 'uint256' is safe because [explain why]
            // forge-lint: disable-next-line(unsafe-typecast)
            
            
    = help: https://book.getfoundry.sh/reference/forge/forge-lint#unsafe-typecast

warning[erc20-unchecked-transfer]: ERC20 'transfer' and 'transferFrom' calls should check the return value
  --> test/RealV4Lifecycle.t.sol:87:9
   |
87 |         mixETH.transfer(bob, 100e18);
   |         ^^^^^^^^^^^^^^^^^^^^^^^^^^^^
   |
   = help: https://book.getfoundry.sh/reference/forge/forge-lint#erc20-unchecked-transfer

note[screaming-snake-case-immutable]: immutables should use SCREAMING_SNAKE_CASE
  --> src/PSPReinvestor.sol:34:32
   |
34 |     IPSPZapIn public immutable zapIn;
   |                                ^^^^^ help: consider using: `ZAP_IN`
   |
   = help: https://book.getfoundry.sh/reference/forge/forge-lint#screaming-snake-case-immutable

note[screaming-snake-case-immutable]: immutables should use SCREAMING_SNAKE_CASE
  --> src/PSPReinvestor.sol:35:29
   |
35 |     IERC20 public immutable mix;
   |                             ^^^ help: consider using: `MIX`
   |
   = help: https://book.getfoundry.sh/reference/forge/forge-lint#screaming-snake-case-immutable

note[screaming-snake-case-immutable]: immutables should use SCREAMING_SNAKE_CASE
  --> src/PSPReinvestor.sol:36:29
   |
36 |     IERC20 public immutable psp;
   |                             ^^^ help: consider using: `PSP`
   |
   = help: https://book.getfoundry.sh/reference/forge/forge-lint#screaming-snake-case-immutable

note[screaming-snake-case-immutable]: immutables should use SCREAMING_SNAKE_CASE
   --> test/wave2/auditorB/B7_Supplemental.t.sol:276:35
    |
276 |     IPoolManager public immutable pm;
    |                                   ^^ help: consider using: `PM`
    |
    = help: https://book.getfoundry.sh/reference/forge/forge-lint#screaming-snake-case-immutable

note[screaming-snake-case-immutable]: immutables should use SCREAMING_SNAKE_CASE
   --> test/wave2/auditorB/B7_Supplemental.t.sol:277:30
    |
277 |     address public immutable mix;
    |                              ^^^ help: consider using: `MIX`
    |
    = help: https://book.getfoundry.sh/reference/forge/forge-lint#screaming-snake-case-immutable

warning[erc20-unchecked-transfer]: ERC20 'transfer' and 'transferFrom' calls should check the return value
   --> test/unit/Factory.t.sol:220:9
    |
220 |         mixETH.transfer(bob, 200e18);
    |         ^^^^^^^^^^^^^^^^^^^^^^^^^^^^
    |
    = help: https://book.getfoundry.sh/reference/forge/forge-lint#erc20-unchecked-transfer

warning[erc20-unchecked-transfer]: ERC20 'transfer' and 'transferFrom' calls should check the return value
   --> test/RealV4Lifecycle.t.sol:208:9
    |
208 |         mixETH.transfer(bob, 10e18);
    |         ^^^^^^^^^^^^^^^^^^^^^^^^^^^
    |
    = help: https://book.getfoundry.sh/reference/forge/forge-lint#erc20-unchecked-transfer

warning[erc20-unchecked-transfer]: ERC20 'transfer' and 'transferFrom' calls should check the return value
   --> test/RealV4Lifecycle.t.sol:235:9
    |
235 |         mixETH.transfer(bob, 10e18);
    |         ^^^^^^^^^^^^^^^^^^^^^^^^^^^
    |
    = help: https://book.getfoundry.sh/reference/forge/forge-lint#erc20-unchecked-transfer

note[mixed-case-variable]: mutable variables should use mixedCase
  --> test/wave2/auditorC/CBase.sol:34:16
   |
34 |     MockMixETH mixETH;
   |                ^^^^^^ help: consider using: `mixEth`
   |
   = help: https://book.getfoundry.sh/reference/forge/forge-lint#mixed-case-variable

note[mixed-case-variable]: mutable variables should use mixedCase
  --> src/PSPGraveZap.sol:11:73
   |
11 |     function redeemBacking(uint256 pspAmount) external returns (uint256 mixETHOut);
   |                                                                         ^^^^^^^^^ help: consider using: `mixEthOut`
   |
   = help: https://book.getfoundry.sh/reference/forge/forge-lint#mixed-case-variable

note[screaming-snake-case-immutable]: immutables should use SCREAMING_SNAKE_CASE
  --> src/PSPGraveZap.sol:47:30
   |
47 |     address public immutable mixETH;
   |                              ^^^^^^ help: consider using: `MIX_ETH`
   |
   = help: https://book.getfoundry.sh/reference/forge/forge-lint#screaming-snake-case-immutable

warning[unsafe-typecast]: typecasts that can truncate values should be checked
   --> src/PSPFactory.sol:577:13
    |
577 |             uint128(fromRoundId),
    |             ^^^^^^^^^^^^^^^^^^^^
    |
    = note: consider disabling this lint if you're certain the cast is safe
            
            // casting to 'uint128' is safe because [explain why]
            // forge-lint: disable-next-line(unsafe-typecast)
            
            
    = help: https://book.getfoundry.sh/reference/forge/forge-lint#unsafe-typecast

note[screaming-snake-case-immutable]: immutables should use SCREAMING_SNAKE_CASE
   --> test/wave2/auditorC/CBase.sol:164:35
    |
164 |     IPoolManager public immutable pm;
    |                                   ^^ help: consider using: `PM`
    |
    = help: https://book.getfoundry.sh/reference/forge/forge-lint#screaming-snake-case-immutable

note[unused-import]: unused imports should be removed
 --> test/unit/NameCustody.t.sol:6:9
  |
6 | import {IERC721Receiver} from "@openzeppelin/contracts/token/ERC721/IERC721Receiver.sol";
  |         ^^^^^^^^^^^^^^^
  |
  = help: https://book.getfoundry.sh/reference/forge/forge-lint#unused-import

note[unused-import]: unused imports should be removed
 --> test/RedeemIndefinite.t.sol:7:9
  |
7 | import {PSPToken} from "../src/PSPToken.sol";
  |         ^^^^^^^^
  |
  = help: https://book.getfoundry.sh/reference/forge/forge-lint#unused-import

warning[erc20-unchecked-transfer]: ERC20 'transfer' and 'transferFrom' calls should check the return value
  --> test/unit/PlaytestFixes2.t.sol:65:9
   |
65 |         mixETH.transfer(alice, 20_000e18);
   |         ^^^^^^^^^^^^^^^^^^^^^^^^^^^^^^^^^
   |
   = help: https://book.getfoundry.sh/reference/forge/forge-lint#erc20-unchecked-transfer

warning[erc20-unchecked-transfer]: ERC20 'transfer' and 'transferFrom' calls should check the return value
  --> test/unit/PlaytestFixes2.t.sol:66:9
   |
66 |         mixETH.transfer(bob, 20_000e18);
   |         ^^^^^^^^^^^^^^^^^^^^^^^^^^^^^^^
   |
   = help: https://book.getfoundry.sh/reference/forge/forge-lint#erc20-unchecked-transfer

note[named-struct-fields]: prefer initializing structs with named fields
  --> test/unit/NameCustody.t.sol:23:22
   |
23 |         records[1] = Record("pepetesters", 0, uint64(block.timestamp + 365 days), 1, 0);
   |                      ^^^^^^^^^^^^^^^^^^^^^^^^^^^^^^^^^^^^^^^^^^^^^^^^^^^^^^^^^^^^^^^^^^ help: consider using named fields: `Record({ label: "pepetesters", parent: 0, expiresAt: uint64(block.timestamp + 365 days), epoch: 1, parentEpoch: 0 })`
   |
   = help: https://book.getfoundry.sh/reference/forge/forge-lint#named-struct-fields

note[named-struct-fields]: prefer initializing structs with named fields
  --> test/unit/NameCustody.t.sol:41:23
   |
41 |         records[id] = Record(label, parent, 0, records[id].epoch + 1, records[parent].epoch);
   |                       ^^^^^^^^^^^^^^^^^^^^^^^^^^^^^^^^^^^^^^^^^^^^^^^^^^^^^^^^^^^^^^^^^^^^^^ help: consider using named fields: `Record({ label: label, parent: parent, expiresAt: 0, epoch: records[id].epoch + 1, parentEpoch: records[parent].epoch })`
   |
   = help: https://book.getfoundry.sh/reference/forge/forge-lint#named-struct-fields

note[named-struct-fields]: prefer initializing structs with named fields
   --> test/RealV4Lifecycle.t.sol:307:32
    |
307 |         PoolKey memory nextKey=PoolKey(c0,c1,0x800000,60,next.hook);
    |                                ^^^^^^^^^^^^^^^^^^^^^^^^^^^^^^^^^^^^ help: consider using named fields: `PoolKey({ currency0: c0, currency1: c1, fee: 0x800000, tickSpacing: 60, hooks: next.hook })`
    |
    = help: https://book.getfoundry.sh/reference/forge/forge-lint#named-struct-fields

note[mixed-case-function]: function names should use mixedCase
   --> test/wave2/auditorB/B7_Supplemental.t.sol:284:14
    |
284 |     function swapEO(PoolKey calldata key, int256 amt, bool asBuy) external returns (uint256) {
    |              ^^^^^^ help: consider using: `swapEo`
    |
    = help: https://book.getfoundry.sh/reference/forge/forge-lint#mixed-case-function

note[screaming-snake-case-const]: constants should use SCREAMING_SNAKE_CASE
  --> test/SkillStakingReview.t.sol:18:29
   |
18 |     uint256 public constant flatTime = 0;
   |                             ^^^^^^^^ help: consider using: `FLAT_TIME`
   |
   = help: https://book.getfoundry.sh/reference/forge/forge-lint#screaming-snake-case-const

note[screaming-snake-case-const]: constants should use SCREAMING_SNAKE_CASE
  --> test/SkillStakingReview.t.sol:19:29
   |
19 |     address public constant hookAddress = address(0);
   |                             ^^^^^^^^^^^ help: consider using: `HOOK_ADDRESS`
   |
   = help: https://book.getfoundry.sh/reference/forge/forge-lint#screaming-snake-case-const

note[unsafe-cheatcode]: usage of unsafe cheatcodes that can perform dangerous operations
  --> test/unit/ArtDump.t.sol:51:16
   |
51 |             vm.writeFile(
   |                ^^^^^^^^^
   |
   = help: https://book.getfoundry.sh/reference/forge/forge-lint#unsafe-cheatcode

note[mixed-case-function]: function names should use mixedCase
   --> src/PepeDescriptor8Bit.sol:191:14
    |
191 |     function renderSVG(uint256 dna) public pure returns (string memory) {
    |              ^^^^^^^^^ help: consider using: `renderSvg`
    |
    = help: https://book.getfoundry.sh/reference/forge/forge-lint#mixed-case-function

note[unused-import]: unused imports should be removed
 --> test/unit/PSPToken.t.sol:4:15
  |
4 | import {Test, console} from "forge-std/Test.sol";
  |               ^^^^^^^
  |
  = help: https://book.getfoundry.sh/reference/forge/forge-lint#unused-import

warning[erc20-unchecked-transfer]: ERC20 'transfer' and 'transferFrom' calls should check the return value
   --> test/RealV4Lifecycle.t.sol:380:9
    |
380 |         mixETH.transfer(address(factory),50_000e18);
    |         ^^^^^^^^^^^^^^^^^^^^^^^^^^^^^^^^^^^^^^^^^^^
    |
    = help: https://book.getfoundry.sh/reference/forge/forge-lint#erc20-unchecked-transfer

note[unsafe-cheatcode]: usage of unsafe cheatcodes that can perform dangerous operations
  --> test/unit/ArtDump.t.sol:94:16
   |
94 |             vm.writeFile(
   |                ^^^^^^^^^
   |
   = help: https://book.getfoundry.sh/reference/forge/forge-lint#unsafe-cheatcode

note[unsafe-cheatcode]: usage of unsafe cheatcodes that can perform dangerous operations
   --> test/unit/ArtDump.t.sol:105:16
    |
105 |             vm.writeFile(
    |                ^^^^^^^^^
    |
    = help: https://book.getfoundry.sh/reference/forge/forge-lint#unsafe-cheatcode

note[unsafe-cheatcode]: usage of unsafe cheatcodes that can perform dangerous operations
   --> test/unit/ArtDump.t.sol:113:16
    |
113 |             vm.writeFile(
    |                ^^^^^^^^^
    |
    = help: https://book.getfoundry.sh/reference/forge/forge-lint#unsafe-cheatcode

note[unused-import]: unused imports should be removed
 --> test/wave2/auditorB/B7_Supplemental.t.sol:4:16
  |
4 | import {BBase, BRouter, HookProbe} from "./BBase.sol";
  |                ^^^^^^^
  |
  = help: https://book.getfoundry.sh/reference/forge/forge-lint#unused-import

note[unused-import]: unused imports should be removed
 --> test/wave2/auditorB/B7_Supplemental.t.sol:4:25
  |
4 | import {BBase, BRouter, HookProbe} from "./BBase.sol";
  |                         ^^^^^^^^^
  |
  = help: https://book.getfoundry.sh/reference/forge/forge-lint#unused-import

note[mixed-case-variable]: mutable variables should use mixedCase
  --> src/PSPGraveZap.sol:49:25
   |
49 |     constructor(address _mixETH) {
   |                         ^^^^^^^ help: consider using: `_mixEth`
   |
   = help: https://book.getfoundry.sh/reference/forge/forge-lint#mixed-case-variable

warning[unsafe-typecast]: typecasts that can truncate values should be checked
  --> test/SineV3Independent.t.sol:43:55
   |
43 |             if(phase<0) {uint256 back=FPML.fullMulDiv(uint256(-phase),lam,4);if(back>=boot)continue; R=boot-back;}
   |                                                       ^^^^^^^^^^^^^^^
   |
   = note: consider disabling this lint if you're certain the cast is safe
           
           // casting to 'uint256' is safe because [explain why]
           // forge-lint: disable-next-line(unsafe-typecast)
           
           
   = help: https://book.getfoundry.sh/reference/forge/forge-lint#unsafe-typecast

warning[unsafe-typecast]: typecasts that can truncate values should be checked
  --> test/SineV3Independent.t.sol:44:41
   |
44 |             else R=boot+FPML.fullMulDiv(uint256(phase),lam,4);
   |                                         ^^^^^^^^^^^^^^
   |
   = note: consider disabling this lint if you're certain the cast is safe
           
           // casting to 'uint256' is safe because [explain why]
           // forge-lint: disable-next-line(unsafe-typecast)
           
           
   = help: https://book.getfoundry.sh/reference/forge/forge-lint#unsafe-typecast

note[screaming-snake-case-immutable]: immutables should use SCREAMING_SNAKE_CASE
  --> src/names/PSPRemoteNameGate.sol:18:30
   |
18 |     uint256 public immutable sourceChainId;
   |                              ^^^^^^^^^^^^^ help: consider using: `SOURCE_CHAIN_ID`
   |
   = help: https://book.getfoundry.sh/reference/forge/forge-lint#screaming-snake-case-immutable

note[screaming-snake-case-immutable]: immutables should use SCREAMING_SNAKE_CASE
  --> src/names/PSPRemoteNameGate.sol:19:30
   |
19 |     address public immutable factory;
   |                              ^^^^^^^ help: consider using: `FACTORY`
   |
   = help: https://book.getfoundry.sh/reference/forge/forge-lint#screaming-snake-case-immutable

warning[erc20-unchecked-transfer]: ERC20 'transfer' and 'transferFrom' calls should check the return value
   --> test/wave2/auditorB/B7_Supplemental.t.sol:184:9
    |
184 |         mixETH.transfer(address(hook), 5e18);
    |         ^^^^^^^^^^^^^^^^^^^^^^^^^^^^^^^^^^^^
    |
    = help: https://book.getfoundry.sh/reference/forge/forge-lint#erc20-unchecked-transfer

warning[erc20-unchecked-transfer]: ERC20 'transfer' and 'transferFrom' calls should check the return value
   --> test/wave2/auditorB/B7_Supplemental.t.sol:207:9
    |
207 |         psp.transfer(address(hook), pspOut);
    |         ^^^^^^^^^^^^^^^^^^^^^^^^^^^^^^^^^^^
    |
    = help: https://book.getfoundry.sh/reference/forge/forge-lint#erc20-unchecked-transfer

note[mixed-case-variable]: mutable variables should use mixedCase
  --> test/unit/StagedGenesis.t.sol:32:16
   |
32 |     MockMixETH mixETH;
   |                ^^^^^^ help: consider using: `mixEth`
   |
   = help: https://book.getfoundry.sh/reference/forge/forge-lint#mixed-case-variable

note[screaming-snake-case-immutable]: immutables should use SCREAMING_SNAKE_CASE
   --> test/wave2/auditorC/CBase.sol:165:29
    |
165 |     IERC20 public immutable mix;
    |                             ^^^ help: consider using: `MIX`
    |
    = help: https://book.getfoundry.sh/reference/forge/forge-lint#screaming-snake-case-immutable

warning[erc20-unchecked-transfer]: ERC20 'transfer' and 'transferFrom' calls should check the return value
   --> test/unit/PSPToken.t.sol:143:9
    |
143 |         token.transfer(attacker, 30e18);
    |         ^^^^^^^^^^^^^^^^^^^^^^^^^^^^^^^
    |
    = help: https://book.getfoundry.sh/reference/forge/forge-lint#erc20-unchecked-transfer

warning[erc20-unchecked-transfer]: ERC20 'transfer' and 'transferFrom' calls should check the return value
   --> test/unit/PSPToken.t.sol:157:9
    |
157 |         token.transfer(attacker, 101e18);
    |         ^^^^^^^^^^^^^^^^^^^^^^^^^^^^^^^^
    |
    = help: https://book.getfoundry.sh/reference/forge/forge-lint#erc20-unchecked-transfer

note[mixed-case-variable]: mutable variables should use mixedCase
   --> src/PepeDescriptor8Bit.sol:306:17
    |
306 |         bytes16 HEX = "0123456789ABCDEF";
    |                 ^^^ help: consider using: `hex`
    |
    = help: https://book.getfoundry.sh/reference/forge/forge-lint#mixed-case-variable

warning[erc20-unchecked-transfer]: ERC20 'transfer' and 'transferFrom' calls should check the return value
   --> test/SpawnStaging.t.sol:143:9
    |
143 |         mixETH.transfer(address(factory), donated);
    |         ^^^^^^^^^^^^^^^^^^^^^^^^^^^^^^^^^^^^^^^^^^
    |
    = help: https://book.getfoundry.sh/reference/forge/forge-lint#erc20-unchecked-transfer

note[screaming-snake-case-immutable]: immutables should use SCREAMING_SNAKE_CASE
   --> test/wave2/auditorC/CBase.sol:212:35
    |
212 |     IPoolManager public immutable pm;
    |                                   ^^ help: consider using: `PM`
    |
    = help: https://book.getfoundry.sh/reference/forge/forge-lint#screaming-snake-case-immutable

note[screaming-snake-case-immutable]: immutables should use SCREAMING_SNAKE_CASE
   --> test/wave2/auditorC/CBase.sol:213:29
    |
213 |     IERC20 public immutable mix;
    |                             ^^^ help: consider using: `MIX`
    |
    = help: https://book.getfoundry.sh/reference/forge/forge-lint#screaming-snake-case-immutable

warning[unsafe-typecast]: typecasts that can truncate values should be checked
   --> test/GenesisPepe.t.sol:237:36
    |
237 |             address user = address(uint160(1 + seed % (type(uint160).max - 1)));
    |                                    ^^^^^^^^^^^^^^^^^^^^^^^^^^^^^^^^^^^^^^^^^^^
    |
    = note: consider disabling this lint if you're certain the cast is safe
            
            // casting to 'uint160' is safe because [explain why]
            // forge-lint: disable-next-line(unsafe-typecast)
            
            
    = help: https://book.getfoundry.sh/reference/forge/forge-lint#unsafe-typecast

note[mixed-case-variable]: mutable variables should use mixedCase
  --> test/wave2/auditorB/BBase.sol:32:16
   |
32 |     MockMixETH mixETH;
   |                ^^^^^^ help: consider using: `mixEth`
   |
   = help: https://book.getfoundry.sh/reference/forge/forge-lint#mixed-case-variable

warning[erc20-unchecked-transfer]: ERC20 'transfer' and 'transferFrom' calls should check the return value
   --> test/unit/StagedGenesis.t.sol:227:9
    |
227 |         mixETH.transfer(address(factory), 40e18);
    |         ^^^^^^^^^^^^^^^^^^^^^^^^^^^^^^^^^^^^^^^^
    |
    = help: https://book.getfoundry.sh/reference/forge/forge-lint#erc20-unchecked-transfer

warning[erc20-unchecked-transfer]: ERC20 'transfer' and 'transferFrom' calls should check the return value
   --> test/unit/StagedGenesis.t.sol:267:9
    |
267 |         mixETH.transfer(address(factory), 40e18);
    |         ^^^^^^^^^^^^^^^^^^^^^^^^^^^^^^^^^^^^^^^^
    |
    = help: https://book.getfoundry.sh/reference/forge/forge-lint#erc20-unchecked-transfer

note[asm-keccak256]: use of inefficient hashing mechanism; consider using inline assembly
  --> src/names/PSPNameRegistrar.sol:65:16
   |
65 |         return keccak256(abi.encode(address(this), block.chainid, parentId, account, keccak256(bytes(label)), salt));
   |                ^^^^^^^^^^^^^^^^^^^^^^^^^^^^^^^^^^^^^^^^^^^^^^^^^^^^^^^^^^^^^^^^^^^^^^^^^^^^^^^^^^^^^^^^^^^^^^^^^^^^^
   |
   = help: https://book.getfoundry.sh/reference/forge/forge-lint#asm-keccak256

note[named-struct-fields]: prefer initializing structs with named fields
  --> src/names/PSPNameRegistrar.sol:73:35
   |
73 |         commitments[msg.sender] = Commitment(hash, uint64(block.timestamp), parentEpoch, gateVersion);
   |                                   ^^^^^^^^^^^^^^^^^^^^^^^^^^^^^^^^^^^^^^^^^^^^^^^^^^^^^^^^^^^^^^^^^^^ help: consider using named fields: `Commitment({ hash: hash, createdAt: uint64(block.timestamp), epoch: parentEpoch, gateVersion: gateVersion })`
   |
   = help: https://book.getfoundry.sh/reference/forge/forge-lint#named-struct-fields

note[screaming-snake-case-immutable]: immutables should use SCREAMING_SNAKE_CASE
  --> src/SineV3Primitive.sol:15:31
   |
15 |     address private immutable _data0;
   |                               ^^^^^^ help: consider using: `_DATA0`
   |
   = help: https://book.getfoundry.sh/reference/forge/forge-lint#screaming-snake-case-immutable

note[mixed-case-function]: function names should use mixedCase
  --> test/ReferralRewards.t.sol:19:14
   |
19 |     function createMixETH() internal override returns (MockMixETH) { return new ReferralRewardsMix(); }
   |              ^^^^^^^^^^^^ help: consider using: `createMixEth`
   |
   = help: https://book.getfoundry.sh/reference/forge/forge-lint#mixed-case-function

note[screaming-snake-case-immutable]: immutables should use SCREAMING_SNAKE_CASE
   --> test/wave2/auditorB/BBase.sol:220:35
    |
220 |     IPoolManager public immutable pm;
    |                                   ^^ help: consider using: `PM`
    |
    = help: https://book.getfoundry.sh/reference/forge/forge-lint#screaming-snake-case-immutable

note[screaming-snake-case-immutable]: immutables should use SCREAMING_SNAKE_CASE
   --> test/wave2/auditorB/BBase.sol:221:30
    |
221 |     address public immutable mix;
    |                              ^^^ help: consider using: `MIX`
    |
    = help: https://book.getfoundry.sh/reference/forge/forge-lint#screaming-snake-case-immutable

note[screaming-snake-case-immutable]: immutables should use SCREAMING_SNAKE_CASE
  --> test/unit/FeeImmediacy.t.sol:22:30
   |
22 |     IERC20 private immutable mix;
   |                              ^^^ help: consider using: `MIX`
   |
   = help: https://book.getfoundry.sh/reference/forge/forge-lint#screaming-snake-case-immutable

note[screaming-snake-case-immutable]: immutables should use SCREAMING_SNAKE_CASE
  --> test/unit/FeeImmediacy.t.sol:23:33
   |
23 |     PSPStaker private immutable staking;
   |                                 ^^^^^^^ help: consider using: `STAKING`
   |
   = help: https://book.getfoundry.sh/reference/forge/forge-lint#screaming-snake-case-immutable

note[screaming-snake-case-immutable]: immutables should use SCREAMING_SNAKE_CASE
  --> test/unit/FeeImmediacy.t.sol:24:31
   |
24 |     address private immutable from;
   |                               ^^^^ help: consider using: `FROM`
   |
   = help: https://book.getfoundry.sh/reference/forge/forge-lint#screaming-snake-case-immutable

note[screaming-snake-case-immutable]: immutables should use SCREAMING_SNAKE_CASE
  --> test/unit/FeeImmediacy.t.sol:25:31
   |
25 |     address private immutable to;
   |                               ^^ help: consider using: `TO`
   |
   = help: https://book.getfoundry.sh/reference/forge/forge-lint#screaming-snake-case-immutable

note[mixed-case-variable]: mutable variables should use mixedCase
  --> test/unit/FeeImmediacy.t.sol:56:16
   |
56 |     MockMixETH mixETH;
   |                ^^^^^^ help: consider using: `mixEth`
   |
   = help: https://book.getfoundry.sh/reference/forge/forge-lint#mixed-case-variable

note[screaming-snake-case-immutable]: immutables should use SCREAMING_SNAKE_CASE
  --> src/names/PSPNameCustody.sol:15:32
   |
15 |     IWeiNames public immutable names;
   |                                ^^^^^ help: consider using: `NAMES`
   |
   = help: https://book.getfoundry.sh/reference/forge/forge-lint#screaming-snake-case-immutable

note[screaming-snake-case-immutable]: immutables should use SCREAMING_SNAKE_CASE
  --> src/names/PSPNameCustody.sol:16:30
   |
16 |     uint256 public immutable parentId;
   |                              ^^^^^^^^ help: consider using: `PARENT_ID`
   |
   = help: https://book.getfoundry.sh/reference/forge/forge-lint#screaming-snake-case-immutable

warning[erc20-unchecked-transfer]: ERC20 'transfer' and 'transferFrom' calls should check the return value
   --> test/unit/PSPToken.t.sol:171:9
    |
171 |         token.transferFrom(alice, attacker, 30e18);
    |         ^^^^^^^^^^^^^^^^^^^^^^^^^^^^^^^^^^^^^^^^^^
    |
    = help: https://book.getfoundry.sh/reference/forge/forge-lint#erc20-unchecked-transfer

warning[erc20-unchecked-transfer]: ERC20 'transfer' and 'transferFrom' calls should check the return value
   --> test/unit/PSPToken.t.sol:189:9
    |
189 |         token.transferFrom(alice, attacker, 51e18);
    |         ^^^^^^^^^^^^^^^^^^^^^^^^^^^^^^^^^^^^^^^^^^
    |
    = help: https://book.getfoundry.sh/reference/forge/forge-lint#erc20-unchecked-transfer

warning[erc20-unchecked-transfer]: ERC20 'transfer' and 'transferFrom' calls should check the return value
   --> test/unit/PSPToken.t.sol:202:9
    |
202 |         token.transfer(address(0), 10e18);
    |         ^^^^^^^^^^^^^^^^^^^^^^^^^^^^^^^^^
    |
    = help: https://book.getfoundry.sh/reference/forge/forge-lint#erc20-unchecked-transfer

warning[erc20-unchecked-transfer]: ERC20 'transfer' and 'transferFrom' calls should check the return value
   --> test/unit/PSPToken.t.sol:319:9
    |
319 |         token.transfer(attacker, 0);
    |         ^^^^^^^^^^^^^^^^^^^^^^^^^^^
    |
    = help: https://book.getfoundry.sh/reference/forge/forge-lint#erc20-unchecked-transfer

note[unused-import]: unused imports should be removed
  --> test/wave2/auditorC/CBase.sol:12:23
   |
12 | import {BalanceDelta, BalanceDeltaLibrary} from "@uniswap/v4-core/src/types/BalanceDelta.sol";
   |                       ^^^^^^^^^^^^^^^^^^^
   |
   = help: https://book.getfoundry.sh/reference/forge/forge-lint#unused-import

note[unused-import]: unused imports should be removed
  --> test/wave2/auditorC/CBase.sol:26:9
   |
26 | import {PSPStaker} from "../../../src/PSPStaker.sol";
   |         ^^^^^^^^^
   |
   = help: https://book.getfoundry.sh/reference/forge/forge-lint#unused-import

warning[erc20-unchecked-transfer]: ERC20 'transfer' and 'transferFrom' calls should check the return value
  --> test/wave2/auditorC/CBase.sol:69:9
   |
69 |         mixETH.transfer(alice, 1_000e18);
   |         ^^^^^^^^^^^^^^^^^^^^^^^^^^^^^^^^
   |
   = help: https://book.getfoundry.sh/reference/forge/forge-lint#erc20-unchecked-transfer

warning[erc20-unchecked-transfer]: ERC20 'transfer' and 'transferFrom' calls should check the return value
  --> test/wave2/auditorC/CBase.sol:70:9
   |
70 |         mixETH.transfer(bob, 1_000e18);
   |         ^^^^^^^^^^^^^^^^^^^^^^^^^^^^^^
   |
   = help: https://book.getfoundry.sh/reference/forge/forge-lint#erc20-unchecked-transfer

warning[erc20-unchecked-transfer]: ERC20 'transfer' and 'transferFrom' calls should check the return value
  --> test/wave2/auditorC/CBase.sol:71:9
   |
71 |         mixETH.transfer(attacker, 1_000e18);
   |         ^^^^^^^^^^^^^^^^^^^^^^^^^^^^^^^^^^^
   |
   = help: https://book.getfoundry.sh/reference/forge/forge-lint#erc20-unchecked-transfer

warning[erc20-unchecked-transfer]: ERC20 'transfer' and 'transferFrom' calls should check the return value
  --> test/ReferralRewards.t.sol:29:9
   |
29 |         mixETH.transfer(alice, 100e18);
   |         ^^^^^^^^^^^^^^^^^^^^^^^^^^^^^^
   |
   = help: https://book.getfoundry.sh/reference/forge/forge-lint#erc20-unchecked-transfer

warning[erc20-unchecked-transfer]: ERC20 'transfer' and 'transferFrom' calls should check the return value
  --> test/ReferralRewards.t.sol:40:9
   |
40 |         mixETH.transfer(address(registry), amount);
   |         ^^^^^^^^^^^^^^^^^^^^^^^^^^^^^^^^^^^^^^^^^^
   |
   = help: https://book.getfoundry.sh/reference/forge/forge-lint#erc20-unchecked-transfer

note[unused-import]: unused imports should be removed
 --> test/SkillLifecycleReview.t.sol:9:9
  |
9 | import {PSPFactory} from "../src/PSPFactory.sol";
  |         ^^^^^^^^^^
  |
  = help: https://book.getfoundry.sh/reference/forge/forge-lint#unused-import

warning[erc20-unchecked-transfer]: ERC20 'transfer' and 'transferFrom' calls should check the return value
   --> test/wave2/auditorC/CBase.sol:173:9
    |
173 |         mix.transferFrom(msg.sender, address(this), mixIn);
    |         ^^^^^^^^^^^^^^^^^^^^^^^^^^^^^^^^^^^^^^^^^^^^^^^^^^
    |
    = help: https://book.getfoundry.sh/reference/forge/forge-lint#erc20-unchecked-transfer

warning[erc20-unchecked-transfer]: ERC20 'transfer' and 'transferFrom' calls should check the return value
   --> test/wave2/auditorC/CBase.sol:186:9
    |
186 |         mix.transfer(address(pm), mixIn);
    |         ^^^^^^^^^^^^^^^^^^^^^^^^^^^^^^^^
    |
    = help: https://book.getfoundry.sh/reference/forge/forge-lint#erc20-unchecked-transfer

warning[unsafe-typecast]: typecasts that can truncate values should be checked
   --> test/wave2/auditorC/CBase.sol:192:35
    |
192 |                 amountSpecified: -int256(mixIn),
    |                                   ^^^^^^^^^^^^^
    |
    = note: consider disabling this lint if you're certain the cast is safe
            
            // casting to 'int256' is safe because [explain why]
            // forge-lint: disable-next-line(unsafe-typecast)
            
            
    = help: https://book.getfoundry.sh/reference/forge/forge-lint#unsafe-typecast

warning[unsafe-typecast]: typecasts that can truncate values should be checked
   --> test/wave2/auditorC/CBase.sol:200:23
    |
200 |         uint256 out = uint256(int256(pspDelta));
    |                       ^^^^^^^^^^^^^^^^^^^^^^^^^
    |
    = note: consider disabling this lint if you're certain the cast is safe
            
            // casting to 'uint256' is safe because [explain why]
            // forge-lint: disable-next-line(unsafe-typecast)
            
            
    = help: https://book.getfoundry.sh/reference/forge/forge-lint#unsafe-typecast

warning[unsafe-typecast]: typecasts that can truncate values should be checked
  --> test/unit/FeeImmediacy.t.sol:30:26
   |
30 |         blocked = !ok && bytes4(reason) == bytes4(keccak256("ReentrancyGuardReentrantCall()"));
   |                          ^^^^^^^^^^^^^^
   |
   = note: consider disabling this lint if you're certain the cast is safe
           
           // casting to 'bytes4' is safe because [explain why]
           // forge-lint: disable-next-line(unsafe-typecast)
           
           
   = help: https://book.getfoundry.sh/reference/forge/forge-lint#unsafe-typecast

warning[erc20-unchecked-transfer]: ERC20 'transfer' and 'transferFrom' calls should check the return value
  --> test/unit/FeeImmediacy.t.sol:31:9
   |
31 |         mix.transfer(recipient, amount);
   |         ^^^^^^^^^^^^^^^^^^^^^^^^^^^^^^^
   |
   = help: https://book.getfoundry.sh/reference/forge/forge-lint#erc20-unchecked-transfer

note[named-struct-fields]: prefer initializing structs with named fields
  --> test/SkillLifecycleReview.t.sol:56:30
   |
56 |         PoolKey memory key = PoolKey(c0, c1, 0x800000, 60, IHooks(h));
   |                              ^^^^^^^^^^^^^^^^^^^^^^^^^^^^^^^^^^^^^^^^ help: consider using named fields: `PoolKey({ currency0: c0, currency1: c1, fee: 0x800000, tickSpacing: 60, hooks: IHooks(h) })`
   |
   = help: https://book.getfoundry.sh/reference/forge/forge-lint#named-struct-fields

warning[erc20-unchecked-transfer]: ERC20 'transfer' and 'transferFrom' calls should check the return value
  --> test/ReferralRewards.t.sol:88:9
   |
88 |         mixETH.transfer(address(registry), 1e18);
   |         ^^^^^^^^^^^^^^^^^^^^^^^^^^^^^^^^^^^^^^^^
   |
   = help: https://book.getfoundry.sh/reference/forge/forge-lint#erc20-unchecked-transfer

warning[erc20-unchecked-transfer]: ERC20 'transfer' and 'transferFrom' calls should check the return value
   --> test/ReferralRewards.t.sol:106:9
    |
106 |         mixETH.transfer(address(registry), 1e18);
    |         ^^^^^^^^^^^^^^^^^^^^^^^^^^^^^^^^^^^^^^^^
    |
    = help: https://book.getfoundry.sh/reference/forge/forge-lint#erc20-unchecked-transfer

warning[erc20-unchecked-transfer]: ERC20 'transfer' and 'transferFrom' calls should check the return value
   --> test/wave2/auditorC/CBase.sol:221:9
    |
221 |         mix.transferFrom(msg.sender, address(this), mixIn);
    |         ^^^^^^^^^^^^^^^^^^^^^^^^^^^^^^^^^^^^^^^^^^^^^^^^^^
    |
    = help: https://book.getfoundry.sh/reference/forge/forge-lint#erc20-unchecked-transfer

warning[erc20-unchecked-transfer]: ERC20 'transfer' and 'transferFrom' calls should check the return value
   --> test/wave2/auditorC/CBase.sol:235:9
    |
235 |         mix.transfer(address(pm), mixIn);
    |         ^^^^^^^^^^^^^^^^^^^^^^^^^^^^^^^^
    |
    = help: https://book.getfoundry.sh/reference/forge/forge-lint#erc20-unchecked-transfer

note[unused-import]: unused imports should be removed
 --> test/unit/ClockDetonation.t.sol:7:23
  |
7 | import {IPoolManager, SwapParams} from "@uniswap/v4-core/src/interfaces/IPoolManager.sol";
  |                       ^^^^^^^^^^
  |
  = help: https://book.getfoundry.sh/reference/forge/forge-lint#unused-import

note[unused-import]: unused imports should be removed
  --> test/unit/ClockDetonation.t.sol:10:9
   |
10 | import {BalanceDelta, BalanceDeltaLibrary} from "@uniswap/v4-core/src/types/BalanceDelta.sol";
   |         ^^^^^^^^^^^^
   |
   = help: https://book.getfoundry.sh/reference/forge/forge-lint#unused-import

note[unused-import]: unused imports should be removed
  --> test/unit/ClockDetonation.t.sol:10:23
   |
10 | import {BalanceDelta, BalanceDeltaLibrary} from "@uniswap/v4-core/src/types/BalanceDelta.sol";
   |                       ^^^^^^^^^^^^^^^^^^^
   |
   = help: https://book.getfoundry.sh/reference/forge/forge-lint#unused-import

note[unused-import]: unused imports should be removed
 --> test/PredepositPrecision.t.sol:5:9
  |
5 | import {SineMath} from "../src/libraries/SineMath.sol";
  |         ^^^^^^^^
  |
  = help: https://book.getfoundry.sh/reference/forge/forge-lint#unused-import

note[mixed-case-variable]: mutable variables should use mixedCase
  --> test/SineV3ReviewRegression.t.sol:97:17
   |
97 |         uint256 onePSPWei = price / 1e18 + 2;
   |                 ^^^^^^^^^ help: consider using: `onePspWei`
   |
   = help: https://book.getfoundry.sh/reference/forge/forge-lint#mixed-case-variable

warning[erc20-unchecked-transfer]: ERC20 'transfer' and 'transferFrom' calls should check the return value
  --> test/unit/FeeImmediacy.t.sol:87:9
   |
87 |         mixETH.transfer(address(hook), 500e18);
   |         ^^^^^^^^^^^^^^^^^^^^^^^^^^^^^^^^^^^^^^
   |
   = help: https://book.getfoundry.sh/reference/forge/forge-lint#erc20-unchecked-transfer

note[mixed-case-variable]: mutable variables should use mixedCase
   --> test/wave2/auditorB/BBase.sol:426:31
    |
426 |     function integral(uint256 S1, uint256 S2, CurveMath.CurveConfig memory c)
    |                               ^^ help: consider using: `s1`
    |
    = help: https://book.getfoundry.sh/reference/forge/forge-lint#mixed-case-variable

note[mixed-case-variable]: mutable variables should use mixedCase
   --> test/wave2/auditorB/BBase.sol:426:43
    |
426 |     function integral(uint256 S1, uint256 S2, CurveMath.CurveConfig memory c)
    |                                           ^^ help: consider using: `s2`
    |
    = help: https://book.getfoundry.sh/reference/forge/forge-lint#mixed-case-variable

note[unused-import]: unused imports should be removed
 --> test/PredepositPrecision.t.sol:6:9
  |
6 | import {SineV3Math} from "../src/SineV3Math.sol";
  |         ^^^^^^^^^^
  |
  = help: https://book.getfoundry.sh/reference/forge/forge-lint#unused-import

note[unused-import]: unused imports should be removed
  --> test/unit/ClockDetonation.t.sol:11:9
   |
11 | import {TickMath} from "@uniswap/v4-core/src/libraries/TickMath.sol";
   |         ^^^^^^^^
   |
   = help: https://book.getfoundry.sh/reference/forge/forge-lint#unused-import

warning[erc20-unchecked-transfer]: ERC20 'transfer' and 'transferFrom' calls should check the return value
  --> test/unit/ClockDetonation.t.sol:79:9
   |
79 |         mixETH.transfer(who, amount);
   |         ^^^^^^^^^^^^^^^^^^^^^^^^^^^^
   |
   = help: https://book.getfoundry.sh/reference/forge/forge-lint#erc20-unchecked-transfer

warning[unsafe-typecast]: typecasts that can truncate values should be checked
   --> test/wave2/auditorC/CBase.sol:241:35
    |
241 |                 amountSpecified: -int256(mixIn),
    |                                   ^^^^^^^^^^^^^
    |
    = note: consider disabling this lint if you're certain the cast is safe
            
            // casting to 'int256' is safe because [explain why]
            // forge-lint: disable-next-line(unsafe-typecast)
            
            
    = help: https://book.getfoundry.sh/reference/forge/forge-lint#unsafe-typecast

warning[unsafe-typecast]: typecasts that can truncate values should be checked
   --> test/wave2/auditorC/CBase.sol:249:23
    |
249 |         uint256 out = uint256(int256(pspDelta));
    |                       ^^^^^^^^^^^^^^^^^^^^^^^^^
    |
    = note: consider disabling this lint if you're certain the cast is safe
            
            // casting to 'uint256' is safe because [explain why]
            // forge-lint: disable-next-line(unsafe-typecast)
            
            
    = help: https://book.getfoundry.sh/reference/forge/forge-lint#unsafe-typecast

note[unused-import]: unused imports should be removed
  --> test/wave2/auditorB/BBase.sol:10:19
   |
10 | import {Currency, CurrencyLibrary} from "@uniswap/v4-core/src/types/Currency.sol";
   |                   ^^^^^^^^^^^^^^^
   |
   = help: https://book.getfoundry.sh/reference/forge/forge-lint#unused-import

note[unused-import]: unused imports should be removed
  --> test/wave2/auditorB/BBase.sol:11:23
   |
11 | import {BalanceDelta, BalanceDeltaLibrary} from "@uniswap/v4-core/src/types/BalanceDelta.sol";
   |                       ^^^^^^^^^^^^^^^^^^^
   |
   = help: https://book.getfoundry.sh/reference/forge/forge-lint#unused-import

warning[erc20-unchecked-transfer]: ERC20 'transfer' and 'transferFrom' calls should check the return value
  --> test/wave2/auditorB/BBase.sol:77:9
   |
77 |         mixETH.transfer(alice, 100_000e18);
   |         ^^^^^^^^^^^^^^^^^^^^^^^^^^^^^^^^^^
   |
   = help: https://book.getfoundry.sh/reference/forge/forge-lint#erc20-unchecked-transfer

warning[erc20-unchecked-transfer]: ERC20 'transfer' and 'transferFrom' calls should check the return value
  --> test/wave2/auditorB/BBase.sol:78:9
   |
78 |         mixETH.transfer(bob, 100_000e18);
   |         ^^^^^^^^^^^^^^^^^^^^^^^^^^^^^^^^
   |
   = help: https://book.getfoundry.sh/reference/forge/forge-lint#erc20-unchecked-transfer

warning[erc20-unchecked-transfer]: ERC20 'transfer' and 'transferFrom' calls should check the return value
  --> test/wave2/auditorB/BBase.sol:79:9
   |
79 |         mixETH.transfer(carol, 100_000e18);
   |         ^^^^^^^^^^^^^^^^^^^^^^^^^^^^^^^^^^
   |
   = help: https://book.getfoundry.sh/reference/forge/forge-lint#erc20-unchecked-transfer

warning[erc20-unchecked-transfer]: ERC20 'transfer' and 'transferFrom' calls should check the return value
   --> test/ReferralRewards.t.sol:136:9
    |
136 |         mixETH.transfer(address(registry), 1e18);
    |         ^^^^^^^^^^^^^^^^^^^^^^^^^^^^^^^^^^^^^^^^
    |
    = help: https://book.getfoundry.sh/reference/forge/forge-lint#erc20-unchecked-transfer

warning[unsafe-typecast]: typecasts that can truncate values should be checked
   --> test/wave2/auditorB/BBase.sol:300:23
    |
300 |         uint256 out = uint256(int256(outDelta));
    |                       ^^^^^^^^^^^^^^^^^^^^^^^^^
    |
    = note: consider disabling this lint if you're certain the cast is safe
            
            // casting to 'uint256' is safe because [explain why]
            // forge-lint: disable-next-line(unsafe-typecast)
            
            
    = help: https://book.getfoundry.sh/reference/forge/forge-lint#unsafe-typecast

note[unused-import]: unused imports should be removed
 --> test/DebugMaterialize.t.sol:6:9
  |
6 | import {FixedPointMathLib as FPML} from "solady/src/utils/FixedPointMathLib.sol";
  |         ^^^^^^^^^^^^^^^^^^^^^^^^^
  |
  = help: https://book.getfoundry.sh/reference/forge/forge-lint#unused-import

warning[erc20-unchecked-transfer]: ERC20 'transfer' and 'transferFrom' calls should check the return value
  --> test/SkillCallbackReview.t.sol:55:9
   |
55 |         mixETH.transfer(alice, 1e18);
   |         ^^^^^^^^^^^^^^^^^^^^^^^^^^^^
   |
   = help: https://book.getfoundry.sh/reference/forge/forge-lint#erc20-unchecked-transfer

warning[erc20-unchecked-transfer]: ERC20 'transfer' and 'transferFrom' calls should check the return value
  --> test/SkillCallbackReview.t.sol:61:9
   |
61 |         mixETH.transfer(who, 1e18);
   |         ^^^^^^^^^^^^^^^^^^^^^^^^^^
   |
   = help: https://book.getfoundry.sh/reference/forge/forge-lint#erc20-unchecked-transfer

warning[unsafe-typecast]: typecasts that can truncate values should be checked
   --> test/ReferralRewards.t.sol:305:55
    |
305 |             if (reason.length >= 4) callbackFailure = bytes4(reason);
    |                                                       ^^^^^^^^^^^^^^
    |
    = note: consider disabling this lint if you're certain the cast is safe
            
            // casting to 'bytes4' is safe because [explain why]
            // forge-lint: disable-next-line(unsafe-typecast)
            
            
    = help: https://book.getfoundry.sh/reference/forge/forge-lint#unsafe-typecast

note[unused-import]: unused imports should be removed
 --> test/wave2/auditorB/B5_Zaps.t.sol:4:16
  |
4 | import {BBase, BRouter, RevertingReceiver, ReentrantForward} from "./BBase.sol";
  |                ^^^^^^^
  |
  = help: https://book.getfoundry.sh/reference/forge/forge-lint#unused-import

note[unused-import]: unused imports should be removed
 --> test/wave2/auditorB/B5_Zaps.t.sol:7:9
  |
7 | import {CurveHook} from "../../../src/CurveHook.sol";
  |         ^^^^^^^^^
  |
  = help: https://book.getfoundry.sh/reference/forge/forge-lint#unused-import

note[unused-import]: unused imports should be removed
  --> test/wave2/auditorB/B5_Zaps.t.sol:10:9
   |
10 | import {IERC20} from "@openzeppelin/contracts/token/ERC20/IERC20.sol";
   |         ^^^^^^
   |
   = help: https://book.getfoundry.sh/reference/forge/forge-lint#unused-import

warning[erc20-unchecked-transfer]: ERC20 'transfer' and 'transferFrom' calls should check the return value
   --> test/wave2/auditorB/B5_Zaps.t.sol:115:9
    |
115 |         psp.transfer(address(rr), out);
    |         ^^^^^^^^^^^^^^^^^^^^^^^^^^^^^^
    |
    = help: https://book.getfoundry.sh/reference/forge/forge-lint#erc20-unchecked-transfer

warning[erc20-unchecked-transfer]: ERC20 'transfer' and 'transferFrom' calls should check the return value
   --> test/wave2/auditorB/B5_Zaps.t.sol:135:9
    |
135 |         psp.transfer(address(rf), out1);
    |         ^^^^^^^^^^^^^^^^^^^^^^^^^^^^^^^
    |
    = help: https://book.getfoundry.sh/reference/forge/forge-lint#erc20-unchecked-transfer

warning[unsafe-typecast]: typecasts that can truncate values should be checked
   --> test/wave2/auditorB/BBase.sol:373:43
    |
373 |             SwapParams({amountSpecified: -int256(mixIn), sqrtPriceLimitX96: 0, zeroForOne: mixIsZero}),
    |                                           ^^^^^^^^^^^^^
    |
    = note: consider disabling this lint if you're certain the cast is safe
            
            // casting to 'int256' is safe because [explain why]
            // forge-lint: disable-next-line(unsafe-typecast)
            
            
    = help: https://book.getfoundry.sh/reference/forge/forge-lint#unsafe-typecast

warning[unsafe-typecast]: typecasts that can truncate values should be checked
   --> test/wave2/auditorB/BBase.sol:384:43
    |
384 |             SwapParams({amountSpecified: -int256(pspIn), sqrtPriceLimitX96: 0, zeroForOne: !mixIsZero}),
    |                                           ^^^^^^^^^^^^^
    |
    = note: consider disabling this lint if you're certain the cast is safe
            
            // casting to 'int256' is safe because [explain why]
            // forge-lint: disable-next-line(unsafe-typecast)
            
            
    = help: https://book.getfoundry.sh/reference/forge/forge-lint#unsafe-typecast

warning[erc20-unchecked-transfer]: ERC20 'transfer' and 'transferFrom' calls should check the return value
   --> test/unit/FeeImmediacy.t.sol:356:9
    |
356 |         mixETH.transfer(address(hook), 100e18);
    |         ^^^^^^^^^^^^^^^^^^^^^^^^^^^^^^^^^^^^^^
    |
    = help: https://book.getfoundry.sh/reference/forge/forge-lint#erc20-unchecked-transfer

note[unused-import]: unused imports should be removed
 --> test/wave2/auditorC/C2_Handoff.t.sol:5:9
  |
5 | import {CurveHook} from "../../../src/CurveHook.sol";
  |         ^^^^^^^^^
  |
  = help: https://book.getfoundry.sh/reference/forge/forge-lint#unused-import

note[unused-import]: unused imports should be removed
 --> test/wave2/auditorC/C2_Handoff.t.sol:6:9
  |
6 | import {RoundController} from "../../../src/RoundController.sol";
  |         ^^^^^^^^^^^^^^^
  |
  = help: https://book.getfoundry.sh/reference/forge/forge-lint#unused-import

note[unused-import]: unused imports should be removed
 --> test/wave2/auditorC/C2_Handoff.t.sol:8:9
  |
8 | import {IERC20} from "@openzeppelin/contracts/token/ERC20/IERC20.sol";
  |         ^^^^^^
  |
  = help: https://book.getfoundry.sh/reference/forge/forge-lint#unused-import

note[unused-import]: unused imports should be removed
  --> test/wave2/auditorC/C2_Handoff.t.sol:10:9
   |
10 | import {IPoolManager} from "@uniswap/v4-core/src/interfaces/IPoolManager.sol";
   |         ^^^^^^^^^^^^
   |
   = help: https://book.getfoundry.sh/reference/forge/forge-lint#unused-import

note[screaming-snake-case-immutable]: immutables should use SCREAMING_SNAKE_CASE
  --> src/SineV3Primitive.sol:16:31
   |
16 |     address private immutable _data1;
   |                               ^^^^^^ help: consider using: `_DATA1`
   |
   = help: https://book.getfoundry.sh/reference/forge/forge-lint#screaming-snake-case-immutable

note[screaming-snake-case-immutable]: immutables should use SCREAMING_SNAKE_CASE
  --> src/SineV3Primitive.sol:17:31
   |
17 |     address private immutable _data2;
   |                               ^^^^^^ help: consider using: `_DATA2`
   |
   = help: https://book.getfoundry.sh/reference/forge/forge-lint#screaming-snake-case-immutable

note[screaming-snake-case-immutable]: immutables should use SCREAMING_SNAKE_CASE
  --> src/SineV3Primitive.sol:18:31
   |
18 |     address private immutable _data3;
   |                               ^^^^^^ help: consider using: `_DATA3`
   |
   = help: https://book.getfoundry.sh/reference/forge/forge-lint#screaming-snake-case-immutable

warning[unsafe-typecast]: typecasts that can truncate values should be checked
   --> test/wave2/auditorB/BBase.sol:396:34
    |
396 |                 amountSpecified: int256(wantOut),
    |                                  ^^^^^^^^^^^^^^^
    |
    = note: consider disabling this lint if you're certain the cast is safe
            
            // casting to 'int256' is safe because [explain why]
            // forge-lint: disable-next-line(unsafe-typecast)
            
            
    = help: https://book.getfoundry.sh/reference/forge/forge-lint#unsafe-typecast

warning[erc20-unchecked-transfer]: ERC20 'transfer' and 'transferFrom' calls should check the return value
   --> test/wave2/auditorC/C2_Handoff.t.sol:113:9
    |
113 |         mixETH.transfer(address(factory), donated);
    |         ^^^^^^^^^^^^^^^^^^^^^^^^^^^^^^^^^^^^^^^^^^
    |
    = help: https://book.getfoundry.sh/reference/forge/forge-lint#erc20-unchecked-transfer

warning[erc20-unchecked-transfer]: ERC20 'transfer' and 'transferFrom' calls should check the return value
   --> test/wave2/auditorB/B5_Zaps.t.sol:175:9
    |
175 |         mixETH.transfer(address(zapOut), 5e18);
    |         ^^^^^^^^^^^^^^^^^^^^^^^^^^^^^^^^^^^^^^
    |
    = help: https://book.getfoundry.sh/reference/forge/forge-lint#erc20-unchecked-transfer

warning[erc20-unchecked-transfer]: ERC20 'transfer' and 'transferFrom' calls should check the return value
   --> test/wave2/auditorB/B5_Zaps.t.sol:176:9
    |
176 |         mixETH.transfer(address(zapIn), 5e18);
    |         ^^^^^^^^^^^^^^^^^^^^^^^^^^^^^^^^^^^^^
    |
    = help: https://book.getfoundry.sh/reference/forge/forge-lint#erc20-unchecked-transfer

warning[erc20-unchecked-transfer]: ERC20 'transfer' and 'transferFrom' calls should check the return value
   --> test/unit/FeeImmediacy.t.sol:411:9
    |
411 |         mixETH.transfer(address(callback), 100e18);
    |         ^^^^^^^^^^^^^^^^^^^^^^^^^^^^^^^^^^^^^^^^^^
    |
    = help: https://book.getfoundry.sh/reference/forge/forge-lint#erc20-unchecked-transfer

note[unused-import]: unused imports should be removed
 --> test/wave2/auditorB/B6_AdminAPI.t.sol:4:25
  |
4 | import {BBase, BRouter, HookProbe} from "./BBase.sol";
  |                         ^^^^^^^^^
  |
  = help: https://book.getfoundry.sh/reference/forge/forge-lint#unused-import

note[unused-import]: unused imports should be removed
 --> test/wave2/auditorB/B6_AdminAPI.t.sol:6:9
  |
6 | import {RoundController} from "../../../src/RoundController.sol";
  |         ^^^^^^^^^^^^^^^
  |
  = help: https://book.getfoundry.sh/reference/forge/forge-lint#unused-import

note[unused-import]: unused imports should be removed
 --> test/wave2/auditorB/B6_AdminAPI.t.sol:7:9
  |
7 | import {PSPToken} from "../../../src/PSPToken.sol";
  |         ^^^^^^^^
  |
  = help: https://book.getfoundry.sh/reference/forge/forge-lint#unused-import

note[unused-import]: unused imports should be removed
 --> test/wave2/auditorB/B6_AdminAPI.t.sol:8:9
  |
8 | import {IERC20} from "@openzeppelin/contracts/token/ERC20/IERC20.sol";
  |         ^^^^^^
  |
  = help: https://book.getfoundry.sh/reference/forge/forge-lint#unused-import

note[unused-import]: unused imports should be removed
 --> test/wave2/auditorB/B6_AdminAPI.t.sol:9:9
  |
9 | import {console2} from "forge-std/console2.sol";
  |         ^^^^^^^^
  |
  = help: https://book.getfoundry.sh/reference/forge/forge-lint#unused-import

note[named-struct-fields]: prefer initializing structs with named fields
  --> test/SineStateful.t.sol:23:24
   |
23 |         targetSelector(FuzzSelector(address(this),selectors));
   |                        ^^^^^^^^^^^^^^^^^^^^^^^^^^^^^^^^^^^^^ help: consider using named fields: `FuzzSelector({ addr: address(this), selectors: selectors })`
   |
   = help: https://book.getfoundry.sh/reference/forge/forge-lint#named-struct-fields

note[mixed-case-variable]: mutable variables should use mixedCase
  --> test/DeployGasSpread.t.sol:27:16
   |
27 |     MockMixETH mixETH;
   |                ^^^^^^ help: consider using: `mixEth`
   |
   = help: https://book.getfoundry.sh/reference/forge/forge-lint#mixed-case-variable

warning[unsafe-typecast]: typecasts that can truncate values should be checked
  --> src/SineV3Primitive.sol:88:28
   |
88 |         return negative ? -int256(value) : int256(value);
   |                            ^^^^^^^^^^^^^
   |
   = note: consider disabling this lint if you're certain the cast is safe
           
           // casting to 'int256' is safe because [explain why]
           // forge-lint: disable-next-line(unsafe-typecast)
           
           
   = help: https://book.getfoundry.sh/reference/forge/forge-lint#unsafe-typecast

warning[unsafe-typecast]: typecasts that can truncate values should be checked
  --> src/SineV3Primitive.sol:88:44
   |
88 |         return negative ? -int256(value) : int256(value);
   |                                            ^^^^^^^^^^^^^
   |
   = note: consider disabling this lint if you're certain the cast is safe
           
           // casting to 'int256' is safe because [explain why]
           // forge-lint: disable-next-line(unsafe-typecast)
           
           
   = help: https://book.getfoundry.sh/reference/forge/forge-lint#unsafe-typecast

warning[unsafe-typecast]: typecasts that can truncate values should be checked
  --> src/SineV3Primitive.sol:96:65
   |
96 |         if (i <= SineV3DataInfo.LAST_QUARTER_INDEX) return -4 + int256(i - SineV3DataInfo.FIRST_QUARTER_INDEX);
   |                                                                 ^^^^^^^^^^^^^^^^^^^^^^^^^^^^^^^^^^^^^^^^^^^^^^
   |
   = note: consider disabling this lint if you're certain the cast is safe
           
           // casting to 'int256' is safe because [explain why]
           // forge-lint: disable-next-line(unsafe-typecast)
           
           
   = help: https://book.getfoundry.sh/reference/forge/forge-lint#unsafe-typecast

warning[erc20-unchecked-transfer]: ERC20 'transfer' and 'transferFrom' calls should check the return value
   --> test/wave2/auditorB/B5_Zaps.t.sol:180:9
    |
180 |         psp.transfer(address(zapIn), 1e15); // PSP donation to zapIn
    |         ^^^^^^^^^^^^^^^^^^^^^^^^^^^^^^^^^^
    |
    = help: https://book.getfoundry.sh/reference/forge/forge-lint#erc20-unchecked-transfer

warning[erc20-unchecked-transfer]: ERC20 'transfer' and 'transferFrom' calls should check the return value
   --> test/unit/ClockDetonation.t.sol:176:9
    |
176 |         mixETH.transfer(alice, amt);
    |         ^^^^^^^^^^^^^^^^^^^^^^^^^^^
    |
    = help: https://book.getfoundry.sh/reference/forge/forge-lint#erc20-unchecked-transfer

note[unused-import]: unused imports should be removed
  --> test/UncappedCapacity.t.sol:21:9
   |
21 | import {SineMath} from "../src/libraries/SineMath.sol";
   |         ^^^^^^^^
   |
   = help: https://book.getfoundry.sh/reference/forge/forge-lint#unused-import

note[unused-import]: unused imports should be removed
 --> test/wave2/auditorC/C1_HookSquatDoS.t.sol:5:9
  |
5 | import {HookDeployer} from "../../../src/HookDeployer.sol";
  |         ^^^^^^^^^^^^
  |
  = help: https://book.getfoundry.sh/reference/forge/forge-lint#unused-import

warning[unsafe-typecast]: typecasts that can truncate values should be checked
   --> src/SineV3Primitive.sol:109:32
    |
109 |         int256 z = R >= boot ? int256(4 * (R - boot) / lam) : -int256(FPML.divUp(4 * (boot - R), lam));
    |                                ^^^^^^^^^^^^^^^^^^^^^^^^^^^^
    |
    = note: consider disabling this lint if you're certain the cast is safe
            
            // casting to 'int256' is safe because [explain why]
            // forge-lint: disable-next-line(unsafe-typecast)
            
            
    = help: https://book.getfoundry.sh/reference/forge/forge-lint#unsafe-typecast

warning[unsafe-typecast]: typecasts that can truncate values should be checked
   --> src/SineV3Primitive.sol:111:34
    |
111 |         if (z < -512) return 1 + uint256(z + 2320) / 4;
    |                                  ^^^^^^^^^^^^^^^^^
    |
    = note: consider disabling this lint if you're certain the cast is safe
            
            // casting to 'uint256' is safe because [explain why]
            // forge-lint: disable-next-line(unsafe-typecast)
            
            
    = help: https://book.getfoundry.sh/reference/forge/forge-lint#unsafe-typecast

note[mixed-case-variable]: mutable variables should use mixedCase
  --> test/wave2/auditorB/B1_CurveRoundTrip.t.sol:18:17
   |
18 |         uint256 S0 = hook.totalSupplyPSP();
   |                 ^^ help: consider using: `s0`
   |
   = help: https://book.getfoundry.sh/reference/forge/forge-lint#mixed-case-variable

note[mixed-case-function]: function names should use mixedCase
  --> test/ReferralPurchase.t.sol:21:14
   |
21 |     function createMixETH() internal override returns (MockMixETH) { return new ReferralCallbackMix(); }
   |              ^^^^^^^^^^^^ help: consider using: `createMixEth`
   |
   = help: https://book.getfoundry.sh/reference/forge/forge-lint#mixed-case-function

note[unused-import]: unused imports should be removed
 --> test/wave2/auditorB/B1_CurveRoundTrip.t.sol:4:25
  |
4 | import {BBase, BRouter, HookProbe} from "./BBase.sol";
  |                         ^^^^^^^^^
  |
  = help: https://book.getfoundry.sh/reference/forge/forge-lint#unused-import

warning[unsafe-typecast]: typecasts that can truncate values should be checked
   --> src/SineV3Primitive.sol:112:62
    |
112 |         if (z < -4) return SineV3DataInfo.FIRST_HALF_INDEX + uint256(z + 512) / 2;
    |                                                              ^^^^^^^^^^^^^^^^
    |
    = note: consider disabling this lint if you're certain the cast is safe
            
            // casting to 'uint256' is safe because [explain why]
            // forge-lint: disable-next-line(unsafe-typecast)
            
            
    = help: https://book.getfoundry.sh/reference/forge/forge-lint#unsafe-typecast

warning[unsafe-typecast]: typecasts that can truncate values should be checked
   --> src/SineV3Primitive.sol:113:64
    |
113 |         if (z < 4) return SineV3DataInfo.FIRST_QUARTER_INDEX + uint256(z + 4);
    |                                                                ^^^^^^^^^^^^^^
    |
    = note: consider disabling this lint if you're certain the cast is safe
            
            // casting to 'uint256' is safe because [explain why]
            // forge-lint: disable-next-line(unsafe-typecast)
            
            
    = help: https://book.getfoundry.sh/reference/forge/forge-lint#unsafe-typecast

note[mixed-case-variable]: mutable variables should use mixedCase
  --> test/wave2/auditorB/B4_CurveMathFuzz.t.sol:19:17
   |
19 |         uint256 P0 = 1 + (r % 1e24);
   |                 ^^ help: consider using: `p0`
   |
   = help: https://book.getfoundry.sh/reference/forge/forge-lint#mixed-case-variable

warning[erc20-unchecked-transfer]: ERC20 'transfer' and 'transferFrom' calls should check the return value
   --> test/unit/ClockDetonation.t.sol:506:9
    |
506 |         mixETH.transfer(who, amount);
    |         ^^^^^^^^^^^^^^^^^^^^^^^^^^^^
    |
    = help: https://book.getfoundry.sh/reference/forge/forge-lint#erc20-unchecked-transfer

warning[unsafe-typecast]: typecasts that can truncate values should be checked
   --> src/SineV3Primitive.sol:114:65
    |
114 |         if (z < 512) return SineV3DataInfo.LAST_QUARTER_INDEX + uint256(z - 4) / 2;
    |                                                                 ^^^^^^^^^^^^^^
    |
    = note: consider disabling this lint if you're certain the cast is safe
            
            // casting to 'uint256' is safe because [explain why]
            // forge-lint: disable-next-line(unsafe-typecast)
            
            
    = help: https://book.getfoundry.sh/reference/forge/forge-lint#unsafe-typecast

warning[unsafe-typecast]: typecasts that can truncate values should be checked
   --> src/SineV3Primitive.sol:115:49
    |
115 |         return SineV3DataInfo.LAST_HALF_INDEX + uint256(z - 512) / 4;
    |                                                 ^^^^^^^^^^^^^^^^
    |
    = note: consider disabling this lint if you're certain the cast is safe
            
            // casting to 'uint256' is safe because [explain why]
            // forge-lint: disable-next-line(unsafe-typecast)
            
            
    = help: https://book.getfoundry.sh/reference/forge/forge-lint#unsafe-typecast

warning[unsafe-typecast]: typecasts that can truncate values should be checked
   --> src/SineV3Primitive.sol:128:29
    |
128 |         uint256 fraction4 = uint256(cell.left4 - 4 * base);
    |                             ^^^^^^^^^^^^^^^^^^^^^^^^^^^^^^
    |
    = note: consider disabling this lint if you're certain the cast is safe
            
            // casting to 'uint256' is safe because [explain why]
            // forge-lint: disable-next-line(unsafe-typecast)
            
            
    = help: https://book.getfoundry.sh/reference/forge/forge-lint#unsafe-typecast

warning[unsafe-typecast]: typecasts that can truncate values should be checked
   --> src/SineV3Primitive.sol:138:67
    |
138 |             samples[j] = SineV3Price.densityAtPhase(base * 1e18 + int256(phase), scale);
    |                                                                   ^^^^^^^^^^^^^
    |
    = note: consider disabling this lint if you're certain the cast is safe
            
            // casting to 'int256' is safe because [explain why]
            // forge-lint: disable-next-line(unsafe-typecast)
            
            
    = help: https://book.getfoundry.sh/reference/forge/forge-lint#unsafe-typecast

note[mixed-case-function]: function names should use mixedCase
  --> test/dinosat/SineV3MathSymbolic.t.sol:83:14
   |
83 |     function check_domain_rejects_invalid_price(uint256 pL) public {
   |              ^^^^^^^^^^^^^^^^^^^^^^^^^^^^^^^^^^ help: consider using: `checkDomainRejectsInvalidPrice`
   |
   = help: https://book.getfoundry.sh/reference/forge/forge-lint#mixed-case-function

note[mixed-case-function]: function names should use mixedCase
  --> test/dinosat/SineV3MathSymbolic.t.sol:95:14
   |
95 |     function check_domain_rejects_excess_reserve(uint256 reserve) public {
   |              ^^^^^^^^^^^^^^^^^^^^^^^^^^^^^^^^^^^ help: consider using: `checkDomainRejectsExcessReserve`
   |
   = help: https://book.getfoundry.sh/reference/forge/forge-lint#mixed-case-function

note[named-struct-fields]: prefer initializing structs with named fields
  --> test/UncappedCapacity.t.sol:66:16
   |
66 |         return PoolKey(a, b, 0x800000, 60, IHooks(address(round.hook)));
   |                ^^^^^^^^^^^^^^^^^^^^^^^^^^^^^^^^^^^^^^^^^^^^^^^^^^^^^^^^ help: consider using named fields: `PoolKey({ currency0: a, currency1: b, fee: 0x800000, tickSpacing: 60, hooks: IHooks(address(round.hook)) })`
   |
   = help: https://book.getfoundry.sh/reference/forge/forge-lint#named-struct-fields

note[named-struct-fields]: prefer initializing structs with named fields
  --> test/UncappedCapacity.t.sol:76:43
   |
76 |           round.hook.beforeSwap(alice, key, SwapParams(isBuy ? buyZeroForOne : !buyZeroForOne,
   |  ___________________________________________^
77 | |             -int256(amount), 0), "");
   | |_______________________________^ help: consider using named fields: `SwapParams({ zeroForOne: isBuy ? buyZeroForOne : !buyZeroForOne, amountSpecified: -int256(amount), sqrtPriceLimitX96: 0 })`
   |
   = help: https://book.getfoundry.sh/reference/forge/forge-lint#named-struct-fields

warning[erc20-unchecked-transfer]: ERC20 'transfer' and 'transferFrom' calls should check the return value
   --> test/unit/ClockDetonation.t.sol:523:9
    |
523 |         mixETH.transfer(alice, amt);
    |         ^^^^^^^^^^^^^^^^^^^^^^^^^^^
    |
    = help: https://book.getfoundry.sh/reference/forge/forge-lint#erc20-unchecked-transfer

note[mixed-case-function]: function names should use mixedCase
   --> test/dinosat/SineV3MathSymbolic.t.sol:135:14
    |
135 |     function check_buyout_spot_bound(uint112 spend) public view {
    |              ^^^^^^^^^^^^^^^^^^^^^^^ help: consider using: `checkBuyoutSpotBound`
    |
    = help: https://book.getfoundry.sh/reference/forge/forge-lint#mixed-case-function

note[mixed-case-function]: function names should use mixedCase
   --> test/dinosat/SineV3MathSymbolic.t.sol:147:14
    |
147 |     function check_buyout_supply_monotone(uint112 spend) public view {
    |              ^^^^^^^^^^^^^^^^^^^^^^^^^^^^ help: consider using: `checkBuyoutSupplyMonotone`
    |
    = help: https://book.getfoundry.sh/reference/forge/forge-lint#mixed-case-function

warning[unsafe-typecast]: typecasts that can truncate values should be checked
  --> test/UncappedCapacity.t.sol:77:14
   |
77 |             -int256(amount), 0), "");
   |              ^^^^^^^^^^^^^^
   |
   = note: consider disabling this lint if you're certain the cast is safe
           
           // casting to 'int256' is safe because [explain why]
           // forge-lint: disable-next-line(unsafe-typecast)
           
           
   = help: https://book.getfoundry.sh/reference/forge/forge-lint#unsafe-typecast

warning[erc20-unchecked-transfer]: ERC20 'transfer' and 'transferFrom' calls should check the return value
   --> test/unit/ClockDetonation.t.sol:656:9
    |
656 |         mixETH.transfer(rando, 100e18);
    |         ^^^^^^^^^^^^^^^^^^^^^^^^^^^^^^
    |
    = help: https://book.getfoundry.sh/reference/forge/forge-lint#erc20-unchecked-transfer

note[unused-import]: unused imports should be removed
 --> test/wave2/auditorB/B1_CurveRoundTrip.t.sol:6:9
  |
6 | import {CurveHook} from "../../../src/CurveHook.sol";
  |         ^^^^^^^^^
  |
  = help: https://book.getfoundry.sh/reference/forge/forge-lint#unused-import

note[unused-import]: unused imports should be removed
 --> test/wave2/auditorB/B1_CurveRoundTrip.t.sol:7:9
  |
7 | import {IERC20} from "@openzeppelin/contracts/token/ERC20/IERC20.sol";
  |         ^^^^^^
  |
  = help: https://book.getfoundry.sh/reference/forge/forge-lint#unused-import

warning[unsafe-typecast]: typecasts that can truncate values should be checked
  --> test/dinosat/SineV3MathSymbolic.t.sol:90:16
   |
90 |         assert(bytes4(result) == SineV3Math.SineV3Domain.selector);
   |                ^^^^^^^^^^^^^^
   |
   = note: consider disabling this lint if you're certain the cast is safe
           
           // casting to 'bytes4' is safe because [explain why]
           // forge-lint: disable-next-line(unsafe-typecast)
           
           
   = help: https://book.getfoundry.sh/reference/forge/forge-lint#unsafe-typecast

warning[unsafe-typecast]: typecasts that can truncate values should be checked
  --> test/wave2/auditorC/C5b_CollideProbe.t.sol:24:24
   |
24 |         bytes32 salt = bytes32("same");
   |                        ^^^^^^^^^^^^^^^
   |
   = note: consider disabling this lint if you're certain the cast is safe
           
           // casting to 'bytes32' is safe because [explain why]
           // forge-lint: disable-next-line(unsafe-typecast)
           
           
   = help: https://book.getfoundry.sh/reference/forge/forge-lint#unsafe-typecast

note[named-struct-fields]: prefer initializing structs with named fields
   --> test/UncappedCapacity.t.sol:164:43
    |
164 |         round.hook.beforeSwap(alice, key, SwapParams(buyZeroForOne, -int256(1e35), 0), "");
    |                                           ^^^^^^^^^^^^^^^^^^^^^^^^^^^^^^^^^^^^^^^^^^^ help: consider using named fields: `SwapParams({ zeroForOne: buyZeroForOne, amountSpecified: -int256(1e35), sqrtPriceLimitX96: 0 })`
    |
    = help: https://book.getfoundry.sh/reference/forge/forge-lint#named-struct-fields

note[screaming-snake-case-immutable]: immutables should use SCREAMING_SNAKE_CASE
  --> src/HookInitCode.sol:47:30
   |
47 |     address public immutable first;
   |                              ^^^^^ help: consider using: `FIRST`
   |
   = help: https://book.getfoundry.sh/reference/forge/forge-lint#screaming-snake-case-immutable

note[unused-import]: unused imports should be removed
  --> test/ReferralPurchase.t.sol:10:9
   |
10 | import {IERC20} from "@openzeppelin/contracts/token/ERC20/IERC20.sol";
   |         ^^^^^^
   |
   = help: https://book.getfoundry.sh/reference/forge/forge-lint#unused-import

warning[erc20-unchecked-transfer]: ERC20 'transfer' and 'transferFrom' calls should check the return value
  --> test/ReferralPurchase.t.sol:30:9
   |
30 |         mixETH.transfer(alice, 100e18);
   |         ^^^^^^^^^^^^^^^^^^^^^^^^^^^^^^
   |
   = help: https://book.getfoundry.sh/reference/forge/forge-lint#erc20-unchecked-transfer

warning[erc20-unchecked-transfer]: ERC20 'transfer' and 'transferFrom' calls should check the return value
  --> test/ReferralPurchase.t.sol:41:9
   |
41 |         mixETH.transfer(who, 1e18);
   |         ^^^^^^^^^^^^^^^^^^^^^^^^^^
   |
   = help: https://book.getfoundry.sh/reference/forge/forge-lint#erc20-unchecked-transfer

note[screaming-snake-case-immutable]: immutables should use SCREAMING_SNAKE_CASE
  --> src/HookInitCode.sol:48:30
   |
48 |     address public immutable second;
   |                              ^^^^^^ help: consider using: `SECOND`
   |
   = help: https://book.getfoundry.sh/reference/forge/forge-lint#screaming-snake-case-immutable

note[mixed-case-variable]: mutable variables should use mixedCase
   --> test/wave2/auditorB/B4_CurveMathFuzz.t.sol:339:17
    |
339 |         uint256 S0 = S;
    |                 ^^ help: consider using: `s0`
    |
    = help: https://book.getfoundry.sh/reference/forge/forge-lint#mixed-case-variable

note[mixed-case-function]: function names should use mixedCase
 --> src/interfaces/IMixETH.sol:8:14
  |
8 |     function depositETH() external payable returns (uint256 shares);
  |              ^^^^^^^^^^ help: consider using: `depositEth`
  |
  = help: https://book.getfoundry.sh/reference/forge/forge-lint#mixed-case-function

note[mixed-case-function]: function names should use mixedCase
 --> src/interfaces/IMixETH.sol:9:14
  |
9 |     function redeemETH(uint256 shareAmount) external returns (uint256 ethOut);
  |              ^^^^^^^^^ help: consider using: `redeemEth`
  |
  = help: https://book.getfoundry.sh/reference/forge/forge-lint#mixed-case-function

warning[erc20-unchecked-transfer]: ERC20 'transfer' and 'transferFrom' calls should check the return value
   --> test/ReferralPurchase.t.sol:219:9
    |
219 |         mixETH.transfer(carol, 1e18);
    |         ^^^^^^^^^^^^^^^^^^^^^^^^^^^^
    |
    = help: https://book.getfoundry.sh/reference/forge/forge-lint#erc20-unchecked-transfer

note[mixed-case-function]: function names should use mixedCase
  --> src/VectorPepeDescriptor.sol:41:14
   |
41 |     function renderSVG(uint256 dna) public pure returns (string memory) {
   |              ^^^^^^^^^ help: consider using: `renderSvg`
   |
   = help: https://book.getfoundry.sh/reference/forge/forge-lint#mixed-case-function

note[screaming-snake-case-immutable]: immutables should use SCREAMING_SNAKE_CASE
   --> test/wave2/auditorB/B3_V4DeltaSpoof.t.sol:203:35
    |
203 |     IPoolManager public immutable pm;
    |                                   ^^ help: consider using: `PM`
    |
    = help: https://book.getfoundry.sh/reference/forge/forge-lint#screaming-snake-case-immutable

note[screaming-snake-case-immutable]: immutables should use SCREAMING_SNAKE_CASE
  --> src/PSPZapOut.sol:24:30
   |
24 |     IMixETH public immutable mixETH;
   |                              ^^^^^^ help: consider using: `MIX_ETH`
   |
   = help: https://book.getfoundry.sh/reference/forge/forge-lint#screaming-snake-case-immutable

note[screaming-snake-case-immutable]: immutables should use SCREAMING_SNAKE_CASE
  --> src/PSPZapOut.sol:25:35
   |
25 |     IPoolManager public immutable poolManager;
   |                                   ^^^^^^^^^^^ help: consider using: `POOL_MANAGER`
   |
   = help: https://book.getfoundry.sh/reference/forge/forge-lint#screaming-snake-case-immutable

note[mixed-case-variable]: mutable variables should use mixedCase
  --> src/PSPZapOut.sol:42:25
   |
42 |     constructor(IMixETH _mixETH, IPoolManager _poolManager) {
   |                         ^^^^^^^ help: consider using: `_mixEth`
   |
   = help: https://book.getfoundry.sh/reference/forge/forge-lint#mixed-case-variable

warning[unsafe-typecast]: typecasts that can truncate values should be checked
  --> src/SineV3Price.sol:44:25
   |
44 |         return x < 0 ? -int256(value) : int256(value);
   |                         ^^^^^^^^^^^^^
   |
   = note: consider disabling this lint if you're certain the cast is safe
           
           // casting to 'int256' is safe because [explain why]
           // forge-lint: disable-next-line(unsafe-typecast)
           
           
   = help: https://book.getfoundry.sh/reference/forge/forge-lint#unsafe-typecast

warning[unsafe-typecast]: typecasts that can truncate values should be checked
   --> test/dinosat/SineV3MathSymbolic.t.sol:102:16
    |
102 |         assert(bytes4(result) == SineV3Math.SineV3Domain.selector);
    |                ^^^^^^^^^^^^^^
    |
    = note: consider disabling this lint if you're certain the cast is safe
            
            // casting to 'bytes4' is safe because [explain why]
            // forge-lint: disable-next-line(unsafe-typecast)
            
            
    = help: https://book.getfoundry.sh/reference/forge/forge-lint#unsafe-typecast

warning[unsafe-typecast]: typecasts that can truncate values should be checked
   --> test/dinosat/SineV3MathSymbolic.t.sol:160:33
    |
160 |         check_buyout_spot_bound(uint112(spend));
    |                                 ^^^^^^^^^^^^^^
    |
    = note: consider disabling this lint if you're certain the cast is safe
            
            // casting to 'uint112' is safe because [explain why]
            // forge-lint: disable-next-line(unsafe-typecast)
            
            
    = help: https://book.getfoundry.sh/reference/forge/forge-lint#unsafe-typecast

warning[unsafe-typecast]: typecasts that can truncate values should be checked
   --> test/dinosat/SineV3MathSymbolic.t.sol:165:38
    |
165 |         check_buyout_supply_monotone(uint112(spend));
    |                                      ^^^^^^^^^^^^^^
    |
    = note: consider disabling this lint if you're certain the cast is safe
            
            // casting to 'uint112' is safe because [explain why]
            // forge-lint: disable-next-line(unsafe-typecast)
            
            
    = help: https://book.getfoundry.sh/reference/forge/forge-lint#unsafe-typecast

warning[unsafe-typecast]: typecasts that can truncate values should be checked
  --> src/SineV3Price.sol:44:41
   |
44 |         return x < 0 ? -int256(value) : int256(value);
   |                                         ^^^^^^^^^^^^^
   |
   = note: consider disabling this lint if you're certain the cast is safe
           
           // casting to 'int256' is safe because [explain why]
           // forge-lint: disable-next-line(unsafe-typecast)
           
           
   = help: https://book.getfoundry.sh/reference/forge/forge-lint#unsafe-typecast

warning[unsafe-typecast]: typecasts that can truncate values should be checked
  --> src/SineV3Price.sol:66:25
   |
66 |         return s < 0 ? -int256(exponent) : int256(exponent);
   |                         ^^^^^^^^^^^^^^^^
   |
   = note: consider disabling this lint if you're certain the cast is safe
           
           // casting to 'int256' is safe because [explain why]
           // forge-lint: disable-next-line(unsafe-typecast)
           
           
   = help: https://book.getfoundry.sh/reference/forge/forge-lint#unsafe-typecast

note[screaming-snake-case-immutable]: immutables should use SCREAMING_SNAKE_CASE
   --> test/wave2/auditorB/B3_V4DeltaSpoof.t.sol:240:35
    |
240 |     IPoolManager public immutable pm;
    |                                   ^^ help: consider using: `PM`
    |
    = help: https://book.getfoundry.sh/reference/forge/forge-lint#screaming-snake-case-immutable

note[screaming-snake-case-immutable]: immutables should use SCREAMING_SNAKE_CASE
   --> test/wave2/auditorB/B3_V4DeltaSpoof.t.sol:241:30
    |
241 |     address public immutable mix;
    |                              ^^^ help: consider using: `MIX`
    |
    = help: https://book.getfoundry.sh/reference/forge/forge-lint#screaming-snake-case-immutable

warning[unsafe-typecast]: typecasts that can truncate values should be checked
   --> src/SineV3Primitive.sol:149:46
    |
149 |                 coefficient += weight < 0 ? -int256(magnitude) : int256(magnitude);
    |                                              ^^^^^^^^^^^^^^^^^
    |
    = note: consider disabling this lint if you're certain the cast is safe
            
            // casting to 'int256' is safe because [explain why]
            // forge-lint: disable-next-line(unsafe-typecast)
            
            
    = help: https://book.getfoundry.sh/reference/forge/forge-lint#unsafe-typecast

note[named-struct-fields]: prefer initializing structs with named fields
   --> test/UncappedCapacity.t.sol:188:43
    |
188 |         round.hook.beforeSwap(alice, key, SwapParams(!buyZeroForOne, -int256(amount), 0), "");
    |                                           ^^^^^^^^^^^^^^^^^^^^^^^^^^^^^^^^^^^^^^^^^^^^^^ help: consider using named fields: `SwapParams({ zeroForOne: !buyZeroForOne, amountSpecified: -int256(amount), sqrtPriceLimitX96: 0 })`
    |
    = help: https://book.getfoundry.sh/reference/forge/forge-lint#named-struct-fields

warning[unsafe-typecast]: typecasts that can truncate values should be checked
   --> test/UncappedCapacity.t.sol:188:71
    |
188 |         round.hook.beforeSwap(alice, key, SwapParams(!buyZeroForOne, -int256(amount), 0), "");
    |                                                                       ^^^^^^^^^^^^^^
    |
    = note: consider disabling this lint if you're certain the cast is safe
            
            // casting to 'int256' is safe because [explain why]
            // forge-lint: disable-next-line(unsafe-typecast)
            
            
    = help: https://book.getfoundry.sh/reference/forge/forge-lint#unsafe-typecast

note[named-struct-fields]: prefer initializing structs with named fields
  --> test/SineV3SmallReserveFixtures.sol:11:16
   |
11 |         r[0] = Row(518840888888888888888888, 32427555555555555555555, 1, 1000000000, 7099749292242);
   |                ^^^^^^^^^^^^^^^^^^^^^^^^^^^^^^^^^^^^^^^^^^^^^^^^^^^^^^^^^^^^^^^^^^^^^^^^^^^^^^^^^^^^ help: consider using named fields: `Row({ boot: 518840888888888888888888, wavelength: 32427555555555555555555, reserve: 1, price: 1000000000, expected: 7099749292242 })`
   |
   = help: https://book.getfoundry.sh/reference/forge/forge-lint#named-struct-fields

note[mixed-case-function]: function names should use mixedCase
  --> test/dinosat/SineV3PrimitiveSymbolic.t.sol:54:14
   |
54 |     function check_cell_monotone_0(uint256 r) public view {
   |              ^^^^^^^^^^^^^^^^^^^^^ help: consider using: `checkCellMonotone0`
   |
   = help: https://book.getfoundry.sh/reference/forge/forge-lint#mixed-case-function

note[mixed-case-function]: function names should use mixedCase
  --> test/dinosat/SineV3PrimitiveSymbolic.t.sol:59:14
   |
59 |     function check_cell_monotone_500(uint256 r) public view {
   |              ^^^^^^^^^^^^^^^^^^^^^^^ help: consider using: `checkCellMonotone500`
   |
   = help: https://book.getfoundry.sh/reference/forge/forge-lint#mixed-case-function

note[mixed-case-function]: function names should use mixedCase
  --> test/dinosat/SineV3PrimitiveSymbolic.t.sol:64:14
   |
64 |     function check_cell_monotone_708(uint256 r) public view {
   |              ^^^^^^^^^^^^^^^^^^^^^^^ help: consider using: `checkCellMonotone708`
   |
   = help: https://book.getfoundry.sh/reference/forge/forge-lint#mixed-case-function

note[mixed-case-function]: function names should use mixedCase
  --> test/dinosat/SineV3PrimitiveSymbolic.t.sol:69:14
   |
69 |     function check_cell_monotone_710(uint256 r) public view {
   |              ^^^^^^^^^^^^^^^^^^^^^^^ help: consider using: `checkCellMonotone710`
   |
   = help: https://book.getfoundry.sh/reference/forge/forge-lint#mixed-case-function

note[named-struct-fields]: prefer initializing structs with named fields
  --> test/SineV3SmallReserveFixtures.sol:12:16
   |
12 |         r[1] = Row(518840888888888888888888, 32427555555555555555555, 2, 1000000000, 14199498584485);
   |                ^^^^^^^^^^^^^^^^^^^^^^^^^^^^^^^^^^^^^^^^^^^^^^^^^^^^^^^^^^^^^^^^^^^^^^^^^^^^^^^^^^^^^ help: consider using named fields: `Row({ boot: 518840888888888888888888, wavelength: 32427555555555555555555, reserve: 2, price: 1000000000, expected: 14199498584485 })`
   |
   = help: https://book.getfoundry.sh/reference/forge/forge-lint#named-struct-fields

warning[unsafe-typecast]: typecasts that can truncate values should be checked
   --> src/SineV3Primitive.sol:149:66
    |
149 |                 coefficient += weight < 0 ? -int256(magnitude) : int256(magnitude);
    |                                                                  ^^^^^^^^^^^^^^^^^
    |
    = note: consider disabling this lint if you're certain the cast is safe
            
            // casting to 'int256' is safe because [explain why]
            // forge-lint: disable-next-line(unsafe-typecast)
            
            
    = help: https://book.getfoundry.sh/reference/forge/forge-lint#unsafe-typecast

warning[unsafe-typecast]: typecasts that can truncate values should be checked
   --> src/SineV3Primitive.sol:152:22
    |
152 |             total += uint256(coefficient);
    |                      ^^^^^^^^^^^^^^^^^^^^
    |
    = note: consider disabling this lint if you're certain the cast is safe
            
            // casting to 'uint256' is safe because [explain why]
            // forge-lint: disable-next-line(unsafe-typecast)
            
            
    = help: https://book.getfoundry.sh/reference/forge/forge-lint#unsafe-typecast

note[mixed-case-function]: function names should use mixedCase
  --> test/dinosat/SineV3PrimitiveSymbolic.t.sol:74:14
   |
74 |     function check_cell_monotone_711(uint256 r) public view {
   |              ^^^^^^^^^^^^^^^^^^^^^^^ help: consider using: `checkCellMonotone711`
   |
   = help: https://book.getfoundry.sh/reference/forge/forge-lint#mixed-case-function

warning[unsafe-typecast]: typecasts that can truncate values should be checked
  --> src/VectorPepeDescriptor.sol:29:18
   |
29 |         t.expr = uint8(dna & 7);
   |                  ^^^^^^^^^^^^^^
   |
   = note: consider disabling this lint if you're certain the cast is safe
           
           // casting to 'uint8' is safe because [explain why]
           // forge-lint: disable-next-line(unsafe-typecast)
           
           
   = help: https://book.getfoundry.sh/reference/forge/forge-lint#unsafe-typecast

warning[unsafe-typecast]: typecasts that can truncate values should be checked
   --> src/VectorPepeDescriptor.sol:138:52
    |
138 |         if (v < 0) return string.concat('-', _utoa(uint256(uint16(-v)) * 10));
    |                                                    ^^^^^^^^^^^^^^^^^^^
    |
    = note: consider disabling this lint if you're certain the cast is safe
            
            // casting to 'uint256' is safe because [explain why]
            // forge-lint: disable-next-line(unsafe-typecast)
            
            
    = help: https://book.getfoundry.sh/reference/forge/forge-lint#unsafe-typecast

note[mixed-case-function]: function names should use mixedCase
   --> test/SineV3Oracle.t.sol:143:14
    |
143 |     function _Rof(int256 x, uint256 boot, uint256 lam) private pure returns (uint256) {
    |              ^^^^ help: consider using: `_rof`
    |
    = help: https://book.getfoundry.sh/reference/forge/forge-lint#mixed-case-function

note[mixed-case-function]: function names should use mixedCase
  --> test/dinosat/SineV3PrimitiveSymbolic.t.sol:84:14
   |
84 |     function check_cell_monotone_712(uint256 r) public view {
   |              ^^^^^^^^^^^^^^^^^^^^^^^ help: consider using: `checkCellMonotone712`
   |
   = help: https://book.getfoundry.sh/reference/forge/forge-lint#mixed-case-function

note[mixed-case-function]: function names should use mixedCase
  --> test/dinosat/SineV3PrimitiveSymbolic.t.sol:89:14
   |
89 |     function check_cell_monotone_716(uint256 r) public view {
   |              ^^^^^^^^^^^^^^^^^^^^^^^ help: consider using: `checkCellMonotone716`
   |
   = help: https://book.getfoundry.sh/reference/forge/forge-lint#mixed-case-function

note[mixed-case-function]: function names should use mixedCase
  --> test/dinosat/SineV3PrimitiveSymbolic.t.sol:94:14
   |
94 |     function check_cell_monotone_1000(uint256 r) public view {
   |              ^^^^^^^^^^^^^^^^^^^^^^^^ help: consider using: `checkCellMonotone1000`
   |
   = help: https://book.getfoundry.sh/reference/forge/forge-lint#mixed-case-function

warning[unsafe-typecast]: typecasts that can truncate values should be checked
  --> src/SineV3Price.sol:66:44
   |
66 |         return s < 0 ? -int256(exponent) : int256(exponent);
   |                                            ^^^^^^^^^^^^^^^^
   |
   = note: consider disabling this lint if you're certain the cast is safe
           
           // casting to 'int256' is safe because [explain why]
           // forge-lint: disable-next-line(unsafe-typecast)
           
           
   = help: https://book.getfoundry.sh/reference/forge/forge-lint#unsafe-typecast

warning[unsafe-typecast]: typecasts that can truncate values should be checked
  --> src/SineV3Price.sol:89:42
   |
89 |         uint256 normalized = _expReduced(uint256(remainder));
   |                                          ^^^^^^^^^^^^^^^^^^
   |
   = note: consider disabling this lint if you're certain the cast is safe
           
           // casting to 'uint256' is safe because [explain why]
           // forge-lint: disable-next-line(unsafe-typecast)
           
           
   = help: https://book.getfoundry.sh/reference/forge/forge-lint#unsafe-typecast

warning[unsafe-typecast]: typecasts that can truncate values should be checked
  --> src/SineV3Price.sol:91:29
   |
91 |             uint256 shift = uint256(k);
   |                             ^^^^^^^^^^
   |
   = note: consider disabling this lint if you're certain the cast is safe
           
           // casting to 'uint256' is safe because [explain why]
           // forge-lint: disable-next-line(unsafe-typecast)
           
           
   = help: https://book.getfoundry.sh/reference/forge/forge-lint#unsafe-typecast

warning[unsafe-typecast]: typecasts that can truncate values should be checked
  --> src/SineV3Price.sol:95:30
   |
95 |         uint256 rightShift = uint256(-k);
   |                              ^^^^^^^^^^^
   |
   = note: consider disabling this lint if you're certain the cast is safe
           
           // casting to 'uint256' is safe because [explain why]
           // forge-lint: disable-next-line(unsafe-typecast)
           
           
   = help: https://book.getfoundry.sh/reference/forge/forge-lint#unsafe-typecast

warning[unsafe-typecast]: typecasts that can truncate values should be checked
   --> test/SineV3Oracle.t.sol:144:44
    |
144 |         if (x >= 0) return boot + uint256((uint256(x) * lam) / 1e18);
    |                                            ^^^^^^^^^^
    |
    = note: consider disabling this lint if you're certain the cast is safe
            
            // casting to 'uint256' is safe because [explain why]
            // forge-lint: disable-next-line(unsafe-typecast)
            
            
    = help: https://book.getfoundry.sh/reference/forge/forge-lint#unsafe-typecast

warning[unsafe-typecast]: typecasts that can truncate values should be checked
   --> test/SineV3Oracle.t.sol:145:25
    |
145 |         uint256 back = (uint256(-x) * lam) / 1e18;
    |                         ^^^^^^^^^^^
    |
    = note: consider disabling this lint if you're certain the cast is safe
            
            // casting to 'uint256' is safe because [explain why]
            // forge-lint: disable-next-line(unsafe-typecast)
            
            
    = help: https://book.getfoundry.sh/reference/forge/forge-lint#unsafe-typecast

warning[unsafe-typecast]: typecasts that can truncate values should be checked
   --> test/SineV3Oracle.t.sol:150:32
    |
150 |         if (d >= 0) return R + uint256(d);
    |                                ^^^^^^^^^^
    |
    = note: consider disabling this lint if you're certain the cast is safe
            
            // casting to 'uint256' is safe because [explain why]
            // forge-lint: disable-next-line(unsafe-typecast)
            
            
    = help: https://book.getfoundry.sh/reference/forge/forge-lint#unsafe-typecast

warning[unsafe-typecast]: typecasts that can truncate values should be checked
   --> test/SineV3Oracle.t.sol:151:21
    |
151 |         uint256 u = uint256(-d);
    |                     ^^^^^^^^^^^
    |
    = note: consider disabling this lint if you're certain the cast is safe
            
            // casting to 'uint256' is safe because [explain why]
            // forge-lint: disable-next-line(unsafe-typecast)
            
            
    = help: https://book.getfoundry.sh/reference/forge/forge-lint#unsafe-typecast

note[mixed-case-function]: function names should use mixedCase
 --> test/dinosat/VerificationSentinels.t.sol:9:14
  |
9 |     function check_false_assertion(uint256 x) public pure {
  |              ^^^^^^^^^^^^^^^^^^^^^ help: consider using: `checkFalseAssertion`
  |
  = help: https://book.getfoundry.sh/reference/forge/forge-lint#mixed-case-function

note[mixed-case-function]: function names should use mixedCase
  --> test/dinosat/VerificationSentinels.t.sol:13:14
   |
13 |     function check_empty_domain(uint256 x) public pure {
   |              ^^^^^^^^^^^^^^^^^^ help: consider using: `checkEmptyDomain`
   |
   = help: https://book.getfoundry.sh/reference/forge/forge-lint#mixed-case-function

warning[unsafe-typecast]: typecasts that can truncate values should be checked
   --> src/PSPZapOut.sol:158:26
    |
158 |         uint256 mixOut = uint256(int256(mixDelta));
    |                          ^^^^^^^^^^^^^^^^^^^^^^^^^
    |
    = note: consider disabling this lint if you're certain the cast is safe
            
            // casting to 'uint256' is safe because [explain why]
            // forge-lint: disable-next-line(unsafe-typecast)
            
            
    = help: https://book.getfoundry.sh/reference/forge/forge-lint#unsafe-typecast

note[mixed-case-function]: function names should use mixedCase
  --> test/dinosat/SineV3PrimitiveSymbolic.t.sol:99:14
   |
99 |     function check_cell_terminal_plateau(uint256 r) public view {
   |              ^^^^^^^^^^^^^^^^^^^^^^^^^^^ help: consider using: `checkCellTerminalPlateau`
   |
   = help: https://book.getfoundry.sh/reference/forge/forge-lint#mixed-case-function

warning[unsafe-typecast]: typecasts that can truncate values should be checked
   --> src/VectorPepeDescriptor.sol:138:60
    |
138 |         if (v < 0) return string.concat('-', _utoa(uint256(uint16(-v)) * 10));
    |                                                            ^^^^^^^^^^
    |
    = note: consider disabling this lint if you're certain the cast is safe
            
            // casting to 'uint16' is safe because [explain why]
            // forge-lint: disable-next-line(unsafe-typecast)
            
            
    = help: https://book.getfoundry.sh/reference/forge/forge-lint#unsafe-typecast

warning[unsafe-typecast]: typecasts that can truncate values should be checked
   --> src/VectorPepeDescriptor.sol:139:22
    |
139 |         return _utoa(uint256(uint16(v)) * 10);
    |                      ^^^^^^^^^^^^^^^^^^
    |
    = note: consider disabling this lint if you're certain the cast is safe
            
            // casting to 'uint256' is safe because [explain why]
            // forge-lint: disable-next-line(unsafe-typecast)
            
            
    = help: https://book.getfoundry.sh/reference/forge/forge-lint#unsafe-typecast

warning[erc20-unchecked-transfer]: ERC20 'transfer' and 'transferFrom' calls should check the return value
  --> test/LadderEconomics.t.sol:10:9
   |
10 |         mixETH.transfer(alice, 1e18);
   |         ^^^^^^^^^^^^^^^^^^^^^^^^^^^^
   |
   = help: https://book.getfoundry.sh/reference/forge/forge-lint#erc20-unchecked-transfer

warning[unsafe-typecast]: typecasts that can truncate values should be checked
  --> test/dinosat/SineV3PrimitiveSymbolic.t.sol:23:39
   |
23 |         if (left4 >= 0) return BOOT + uint256(left4) * LAM / 4;
   |                                       ^^^^^^^^^^^^^^
   |
   = note: consider disabling this lint if you're certain the cast is safe
           
           // casting to 'uint256' is safe because [explain why]
           // forge-lint: disable-next-line(unsafe-typecast)
           
           
   = help: https://book.getfoundry.sh/reference/forge/forge-lint#unsafe-typecast

warning[unsafe-typecast]: typecasts that can truncate values should be checked
  --> test/dinosat/SineV3PrimitiveSymbolic.t.sol:24:25
   |
24 |         uint256 back = (uint256(-left4) * LAM + 3) / 4; // divUp
   |                         ^^^^^^^^^^^^^^^
   |
   = note: consider disabling this lint if you're certain the cast is safe
           
           // casting to 'uint256' is safe because [explain why]
           // forge-lint: disable-next-line(unsafe-typecast)
           
           
   = help: https://book.getfoundry.sh/reference/forge/forge-lint#unsafe-typecast

warning[unsafe-typecast]: typecasts that can truncate values should be checked
   --> test/dinosat/SineV3PrimitiveSymbolic.t.sol:112:33
    |
112 |         int256 right4 = left4 + int256(width4);
    |                                 ^^^^^^^^^^^^^^
    |
    = note: consider disabling this lint if you're certain the cast is safe
            
            // casting to 'int256' is safe because [explain why]
            // forge-lint: disable-next-line(unsafe-typecast)
            
            
    = help: https://book.getfoundry.sh/reference/forge/forge-lint#unsafe-typecast

warning[unsafe-typecast]: typecasts that can truncate values should be checked
   --> test/dinosat/SineV3PrimitiveSymbolic.t.sol:114:28
    |
114 |             uint256 back = uint256(-right4) * LAM / 4; // floor
    |                            ^^^^^^^^^^^^^^^^
    |
    = note: consider disabling this lint if you're certain the cast is safe
            
            // casting to 'uint256' is safe because [explain why]
            // forge-lint: disable-next-line(unsafe-typecast)
            
            
    = help: https://book.getfoundry.sh/reference/forge/forge-lint#unsafe-typecast

warning[unsafe-typecast]: typecasts that can truncate values should be checked
   --> test/dinosat/SineV3PrimitiveSymbolic.t.sol:118:24
    |
118 |         return BOOT + (uint256(right4) * LAM + 3) / 4;
    |                        ^^^^^^^^^^^^^^^
    |
    = note: consider disabling this lint if you're certain the cast is safe
            
            // casting to 'uint256' is safe because [explain why]
            // forge-lint: disable-next-line(unsafe-typecast)
            
            
    = help: https://book.getfoundry.sh/reference/forge/forge-lint#unsafe-typecast

warning[unsafe-typecast]: typecasts that can truncate values should be checked
   --> src/SineV3Primitive.sol:225:30
    |
225 |         int256 target = f0 + int256(distance);
    |                              ^^^^^^^^^^^^^^^^
    |
    = note: consider disabling this lint if you're certain the cast is safe
            
            // casting to 'int256' is safe because [explain why]
            // forge-lint: disable-next-line(unsafe-typecast)
            
            
    = help: https://book.getfoundry.sh/reference/forge/forge-lint#unsafe-typecast

note[screaming-snake-case-immutable]: immutables should use SCREAMING_SNAKE_CASE
   --> test/wave2/auditorB/B3_V4DeltaSpoof.t.sol:287:35
    |
287 |     IPoolManager public immutable pm;
    |                                   ^^ help: consider using: `PM`
    |
    = help: https://book.getfoundry.sh/reference/forge/forge-lint#screaming-snake-case-immutable

note[screaming-snake-case-immutable]: immutables should use SCREAMING_SNAKE_CASE
   --> test/wave2/auditorB/B3_V4DeltaSpoof.t.sol:288:27
    |
288 |     bool public immutable mixIsZero;
    |                           ^^^^^^^^^ help: consider using: `MIX_IS_ZERO`
    |
    = help: https://book.getfoundry.sh/reference/forge/forge-lint#screaming-snake-case-immutable

note[screaming-snake-case-immutable]: immutables should use SCREAMING_SNAKE_CASE
   --> test/wave2/auditorB/B3_V4DeltaSpoof.t.sol:289:30
    |
289 |     address public immutable mix;
    |                              ^^^ help: consider using: `MIX`
    |
    = help: https://book.getfoundry.sh/reference/forge/forge-lint#screaming-snake-case-immutable

warning[unsafe-typecast]: typecasts that can truncate values should be checked
   --> src/SineV3Primitive.sol:276:36
    |
276 |         if (x4 >= 0) return boot + uint256(x4) * lam / 4;
    |                                    ^^^^^^^^^^^
    |
    = note: consider disabling this lint if you're certain the cast is safe
            
            // casting to 'uint256' is safe because [explain why]
            // forge-lint: disable-next-line(unsafe-typecast)
            
            
    = help: https://book.getfoundry.sh/reference/forge/forge-lint#unsafe-typecast

warning[unsafe-typecast]: typecasts that can truncate values should be checked
   --> src/SineV3Primitive.sol:277:35
    |
277 |         uint256 back = FPML.divUp(uint256(-x4) * lam, 4);
    |                                   ^^^^^^^^^^^^
    |
    = note: consider disabling this lint if you're certain the cast is safe
            
            // casting to 'uint256' is safe because [explain why]
            // forge-lint: disable-next-line(unsafe-typecast)
            
            
    = help: https://book.getfoundry.sh/reference/forge/forge-lint#unsafe-typecast

warning[unsafe-typecast]: typecasts that can truncate values should be checked
   --> src/SineV3Primitive.sol:282:47
    |
282 |         if (x4 >= 0) return boot + FPML.divUp(uint256(x4) * lam, 4);
    |                                               ^^^^^^^^^^^
    |
    = note: consider disabling this lint if you're certain the cast is safe
            
            // casting to 'uint256' is safe because [explain why]
            // forge-lint: disable-next-line(unsafe-typecast)
            
            
    = help: https://book.getfoundry.sh/reference/forge/forge-lint#unsafe-typecast

warning[unsafe-typecast]: typecasts that can truncate values should be checked
   --> src/SineV3Primitive.sol:283:24
    |
283 |         uint256 back = uint256(-x4) * lam / 4;
    |                        ^^^^^^^^^^^^
    |
    = note: consider disabling this lint if you're certain the cast is safe
            
            // casting to 'uint256' is safe because [explain why]
            // forge-lint: disable-next-line(unsafe-typecast)
            
            
    = help: https://book.getfoundry.sh/reference/forge/forge-lint#unsafe-typecast

note[named-struct-fields]: prefer initializing structs with named fields
  --> test/SineV3SmallReserveFixtures.sol:13:16
   |
13 |         r[2] = Row(518840888888888888888888, 32427555555555555555555, 1000000, 1000000000, 7099749292242794946);
   |                ^^^^^^^^^^^^^^^^^^^^^^^^^^^^^^^^^^^^^^^^^^^^^^^^^^^^^^^^^^^^^^^^^^^^^^^^^^^^^^^^^^^^^^^^^^^^^^^^ help: consider using named fields: `Row({ boot: 518840888888888888888888, wavelength: 32427555555555555555555, reserve: 1000000, price: 1000000000, expected: 7099749292242794946 })`
   |
   = help: https://book.getfoundry.sh/reference/forge/forge-lint#named-struct-fields

note[named-struct-fields]: prefer initializing structs with named fields
  --> test/SineV3SmallReserveFixtures.sol:14:16
   |
14 |         r[3] = Row(518840888888888888888888, 32427555555555555555555, 1000000000000, 1000000000, 7099749292242794946422362);
   |                ^^^^^^^^^^^^^^^^^^^^^^^^^^^^^^^^^^^^^^^^^^^^^^^^^^^^^^^^^^^^^^^^^^^^^^^^^^^^^^^^^^^^^^^^^^^^^^^^^^^^^^^^^^^^ help: consider using named fields: `Row({ boot: 518840888888888888888888, wavelength: 32427555555555555555555, reserve: 1000000000000, price: 1000000000, expected: 7099749292242794946422362 })`
   |
   = help: https://book.getfoundry.sh/reference/forge/forge-lint#named-struct-fields

note[named-struct-fields]: prefer initializing structs with named fields
  --> test/SineV3SmallReserveFixtures.sol:15:16
   |
15 |         r[4] = Row(518840888888888888888888, 32427555555555555555555, 1000000000000000, 1000000000, 7099749292242794946422264618);
   |                ^^^^^^^^^^^^^^^^^^^^^^^^^^^^^^^^^^^^^^^^^^^^^^^^^^^^^^^^^^^^^^^^^^^^^^^^^^^^^^^^^^^^^^^^^^^^^^^^^^^^^^^^^^^^^^^^^^ help: consider using named fields: `Row({ boot: 518840888888888888888888, wavelength: 32427555555555555555555, reserve: 1000000000000000, price: 1000000000, expected: 7099749292242794946422264618 })`
   |
   = help: https://book.getfoundry.sh/reference/forge/forge-lint#named-struct-fields

note[named-struct-fields]: prefer initializing structs with named fields
  --> test/SineV3SmallReserveFixtures.sol:16:16
   |
16 |         r[5] = Row(518840888888888888888888, 32427555555555555555555, 1, 75000000000000, 94663323);
   |                ^^^^^^^^^^^^^^^^^^^^^^^^^^^^^^^^^^^^^^^^^^^^^^^^^^^^^^^^^^^^^^^^^^^^^^^^^^^^^^^^^^^ help: consider using named fields: `Row({ boot: 518840888888888888888888, wavelength: 32427555555555555555555, reserve: 1, price: 75000000000000, expected: 94663323 })`
   |
   = help: https://book.getfoundry.sh/reference/forge/forge-lint#named-struct-fields

note[mixed-case-function]: function names should use mixedCase
   --> script/DeploymentSupport.sol:155:14
    |
155 |     function _sinePL() internal view returns (uint128) {
    |              ^^^^^^^ help: consider using: `_sinePl`
    |
    = help: https://book.getfoundry.sh/reference/forge/forge-lint#mixed-case-function

warning[unsafe-typecast]: typecasts that can truncate values should be checked
   --> script/DeploymentSupport.sol:169:16
    |
169 |         return uint128(pL);
    |                ^^^^^^^^^^^
    |
    = note: consider disabling this lint if you're certain the cast is safe
            
            // casting to 'uint128' is safe because [explain why]
            // forge-lint: disable-next-line(unsafe-typecast)
            
            
    = help: https://book.getfoundry.sh/reference/forge/forge-lint#unsafe-typecast

note[screaming-snake-case-immutable]: immutables should use SCREAMING_SNAKE_CASE
  --> src/HookDeployer.sol:47:36
   |
47 |     IHookInitCode public immutable initOracle;
   |                                    ^^^^^^^^^^ help: consider using: `INIT_ORACLE`
   |
   = help: https://book.getfoundry.sh/reference/forge/forge-lint#screaming-snake-case-immutable

note[named-struct-fields]: prefer initializing structs with named fields
  --> test/SineV3SmallReserveFixtures.sol:17:16
   |
17 |         r[6] = Row(518840888888888888888888, 32427555555555555555555, 2, 75000000000000, 189326647);
   |                ^^^^^^^^^^^^^^^^^^^^^^^^^^^^^^^^^^^^^^^^^^^^^^^^^^^^^^^^^^^^^^^^^^^^^^^^^^^^^^^^^^^^ help: consider using named fields: `Row({ boot: 518840888888888888888888, wavelength: 32427555555555555555555, reserve: 2, price: 75000000000000, expected: 189326647 })`
   |
   = help: https://book.getfoundry.sh/reference/forge/forge-lint#named-struct-fields

note[asm-keccak256]: use of inefficient hashing mechanism; consider using inline assembly
  --> src/HookDeployer.sol:86:16
   |
86 |         return keccak256(abi.encode(block.prevrandao, block.timestamp, block.number, controller));
   |                ^^^^^^^^^^^^^^^^^^^^^^^^^^^^^^^^^^^^^^^^^^^^^^^^^^^^^^^^^^^^^^^^^^^^^^^^^^^^^^^^^^
   |
   = help: https://book.getfoundry.sh/reference/forge/forge-lint#asm-keccak256

note[unused-import]: unused imports should be removed
 --> test/wave2/auditorB/B3_V4DeltaSpoof.t.sol:5:9
  |
5 | import {CurveHook} from "../../../src/CurveHook.sol";
  |         ^^^^^^^^^
  |
  = help: https://book.getfoundry.sh/reference/forge/forge-lint#unused-import

note[mixed-case-variable]: mutable variables should use mixedCase
  --> test/FatCurveSpawn.t.sol:28:16
   |
28 |     MockMixETH mixETH;
   |                ^^^^^^ help: consider using: `mixEth`
   |
   = help: https://book.getfoundry.sh/reference/forge/forge-lint#mixed-case-variable

note[unused-import]: unused imports should be removed
  --> test/FatCurveSpawn.t.sol:11:9
   |
11 | import {CurveHook} from "../src/CurveHook.sol";
   |         ^^^^^^^^^
   |
   = help: https://book.getfoundry.sh/reference/forge/forge-lint#unused-import

note[unused-import]: unused imports should be removed
  --> test/FatCurveSpawn.t.sol:16:9
   |
16 | import {CurveMath} from "../src/libraries/CurveMath.sol";
   |         ^^^^^^^^^
   |
   = help: https://book.getfoundry.sh/reference/forge/forge-lint#unused-import

note[named-struct-fields]: prefer initializing structs with named fields
 --> test/SineV3SellFixtures.sol:9:16
  |
9 | ... = Row(158000000000000000000000000, 565881711235759156789155, 1000000000000000000, 100000000000000000000000000000000000, 512729464894669923139600137485355366, 195034631712894034);
  |       ^^^^^^^^^^^^^^^^^^^^^^^^^^^^^^^^^^^^^^^^^^^^^^^^^^^^^^^^^^^^^^^^^^^^^^^^^^^^^^^^^^^^^^^^^^^^^^^^^^^^^^^^^^^^^^^^^^^^^^^^^^^^^^^^^^^^^^^^^^^^^^^^^^^^^^^^^^^^^^^^^^^^^^^^^^^^^^^ help: consider using named fields: `Row({ boot: 158000000000000000000000000, lam: 565881711235759156789155, reserve: 1000000000000000000, sold: 100000000000000000000000000000000000, supply: 512729464894669923139600137485355366, grossOut: 195034631712894034 })`
  |
  = help: https://book.getfoundry.sh/reference/forge/forge-lint#named-struct-fields

note[named-struct-fields]: prefer initializing structs with named fields
  --> test/SineV3SellFixtures.sol:10:16
   |
10 |         r[1] = Row(1000000000000, 45019131735543525, 1440613215537392800, 1000000000000, 483831597023121618692, 19309571266110);
   |                ^^^^^^^^^^^^^^^^^^^^^^^^^^^^^^^^^^^^^^^^^^^^^^^^^^^^^^^^^^^^^^^^^^^^^^^^^^^^^^^^^^^^^^^^^^^^^^^^^^^^^^^^^^^^^^^^ help: consider using named fields: `Row({ boot: 1000000000000, lam: 45019131735543525, reserve: 1440613215537392800, sold: 1000000000000, supply: 483831597023121618692, grossOut: 19309571266110 })`
   |
   = help: https://book.getfoundry.sh/reference/forge/forge-lint#named-struct-fields

note[named-struct-fields]: prefer initializing structs with named fields
  --> test/SineV3SellFixtures.sol:11:16
   |
11 |         r[2] = Row(1000000000000, 45019131735543525, 2836206299339242075, 1000000000000, 483845600008163628516, 1690898743748436);
   |                ^^^^^^^^^^^^^^^^^^^^^^^^^^^^^^^^^^^^^^^^^^^^^^^^^^^^^^^^^^^^^^^^^^^^^^^^^^^^^^^^^^^^^^^^^^^^^^^^^^^^^^^^^^^^^^^^^^ help: consider using named fields: `Row({ boot: 1000000000000, lam: 45019131735543525, reserve: 2836206299339242075, sold: 1000000000000, supply: 483845600008163628516, grossOut: 1690898743748436 })`
   |
   = help: https://book.getfoundry.sh/reference/forge/forge-lint#named-struct-fields

note[mixed-case-variable]: mutable variables should use mixedCase
  --> test/SineFee.t.sol:44:16
   |
44 |     MockMixETH mixETH;
   |                ^^^^^^ help: consider using: `mixEth`
   |
   = help: https://book.getfoundry.sh/reference/forge/forge-lint#mixed-case-variable

warning[unsafe-typecast]: typecasts that can truncate values should be checked
   --> src/VectorPepeDescriptor.sol:139:30
    |
139 |         return _utoa(uint256(uint16(v)) * 10);
    |                              ^^^^^^^^^
    |
    = note: consider disabling this lint if you're certain the cast is safe
            
            // casting to 'uint16' is safe because [explain why]
            // forge-lint: disable-next-line(unsafe-typecast)
            
            
    = help: https://book.getfoundry.sh/reference/forge/forge-lint#unsafe-typecast

note[named-struct-fields]: prefer initializing structs with named fields
  --> test/SineV3SmallReserveFixtures.sol:18:16
   |
18 |         r[7] = Row(518840888888888888888888, 32427555555555555555555, 1000000, 75000000000000, 94663323896570);
   |                ^^^^^^^^^^^^^^^^^^^^^^^^^^^^^^^^^^^^^^^^^^^^^^^^^^^^^^^^^^^^^^^^^^^^^^^^^^^^^^^^^^^^^^^^^^^^^^^ help: consider using named fields: `Row({ boot: 518840888888888888888888, wavelength: 32427555555555555555555, reserve: 1000000, price: 75000000000000, expected: 94663323896570 })`
   |
   = help: https://book.getfoundry.sh/reference/forge/forge-lint#named-struct-fields

note[named-struct-fields]: prefer initializing structs with named fields
  --> test/SineV3SmallReserveFixtures.sol:19:16
   |
19 |         r[8] = Row(518840888888888888888888, 32427555555555555555555, 1000000000000, 75000000000000, 94663323896570599285);
   |                ^^^^^^^^^^^^^^^^^^^^^^^^^^^^^^^^^^^^^^^^^^^^^^^^^^^^^^^^^^^^^^^^^^^^^^^^^^^^^^^^^^^^^^^^^^^^^^^^^^^^^^^^^^^ help: consider using named fields: `Row({ boot: 518840888888888888888888, wavelength: 32427555555555555555555, reserve: 1000000000000, price: 75000000000000, expected: 94663323896570599285 })`
   |
   = help: https://book.getfoundry.sh/reference/forge/forge-lint#named-struct-fields

note[named-struct-fields]: prefer initializing structs with named fields
  --> test/SineV3SmallReserveFixtures.sol:20:16
   |
20 |         r[9] = Row(518840888888888888888888, 32427555555555555555555, 1000000000000000, 75000000000000, 94663323896570599285630);
   |                ^^^^^^^^^^^^^^^^^^^^^^^^^^^^^^^^^^^^^^^^^^^^^^^^^^^^^^^^^^^^^^^^^^^^^^^^^^^^^^^^^^^^^^^^^^^^^^^^^^^^^^^^^^^^^^^^^ help: consider using named fields: `Row({ boot: 518840888888888888888888, wavelength: 32427555555555555555555, reserve: 1000000000000000, price: 75000000000000, expected: 94663323896570599285630 })`
   |
   = help: https://book.getfoundry.sh/reference/forge/forge-lint#named-struct-fields

note[named-struct-fields]: prefer initializing structs with named fields
  --> test/SineV3SmallReserveFixtures.sol:21:17
   |
21 |         r[10] = Row(518840888888888888888888, 32427555555555555555555, 1, 1000000000000000000, 7099);
   |                 ^^^^^^^^^^^^^^^^^^^^^^^^^^^^^^^^^^^^^^^^^^^^^^^^^^^^^^^^^^^^^^^^^^^^^^^^^^^^^^^^^^^^ help: consider using named fields: `Row({ boot: 518840888888888888888888, wavelength: 32427555555555555555555, reserve: 1, price: 1000000000000000000, expected: 7099 })`
   |
   = help: https://book.getfoundry.sh/reference/forge/forge-lint#named-struct-fields

note[named-struct-fields]: prefer initializing structs with named fields
  --> test/SineV3SmallReserveFixtures.sol:22:17
   |
22 |         r[11] = Row(518840888888888888888888, 32427555555555555555555, 2, 1000000000000000000, 14199);
   |                 ^^^^^^^^^^^^^^^^^^^^^^^^^^^^^^^^^^^^^^^^^^^^^^^^^^^^^^^^^^^^^^^^^^^^^^^^^^^^^^^^^^^^^ help: consider using named fields: `Row({ boot: 518840888888888888888888, wavelength: 32427555555555555555555, reserve: 2, price: 1000000000000000000, expected: 14199 })`
   |
   = help: https://book.getfoundry.sh/reference/forge/forge-lint#named-struct-fields

note[named-struct-fields]: prefer initializing structs with named fields
  --> test/SineV3SmallReserveFixtures.sol:23:17
   |
23 |         r[12] = Row(518840888888888888888888, 32427555555555555555555, 1000000, 1000000000000000000, 7099749292);
   |                 ^^^^^^^^^^^^^^^^^^^^^^^^^^^^^^^^^^^^^^^^^^^^^^^^^^^^^^^^^^^^^^^^^^^^^^^^^^^^^^^^^^^^^^^^^^^^^^^^ help: consider using named fields: `Row({ boot: 518840888888888888888888, wavelength: 32427555555555555555555, reserve: 1000000, price: 1000000000000000000, expected: 7099749292 })`
   |
   = help: https://book.getfoundry.sh/reference/forge/forge-lint#named-struct-fields

note[named-struct-fields]: prefer initializing structs with named fields
  --> test/SineV3SmallReserveFixtures.sol:24:17
   |
24 |         r[13] = Row(518840888888888888888888, 32427555555555555555555, 1000000000000, 1000000000000000000, 7099749292242794);
   |                 ^^^^^^^^^^^^^^^^^^^^^^^^^^^^^^^^^^^^^^^^^^^^^^^^^^^^^^^^^^^^^^^^^^^^^^^^^^^^^^^^^^^^^^^^^^^^^^^^^^^^^^^^^^^^ help: consider using named fields: `Row({ boot: 518840888888888888888888, wavelength: 32427555555555555555555, reserve: 1000000000000, price: 1000000000000000000, expected: 7099749292242794 })`
   |
   = help: https://book.getfoundry.sh/reference/forge/forge-lint#named-struct-fields

note[named-struct-fields]: prefer initializing structs with named fields
  --> test/SineV3SmallReserveFixtures.sol:25:17
   |
25 |         r[14] = Row(518840888888888888888888, 32427555555555555555555, 1000000000000000, 1000000000000000000, 7099749292242794946);
   |                 ^^^^^^^^^^^^^^^^^^^^^^^^^^^^^^^^^^^^^^^^^^^^^^^^^^^^^^^^^^^^^^^^^^^^^^^^^^^^^^^^^^^^^^^^^^^^^^^^^^^^^^^^^^^^^^^^^^ help: consider using named fields: `Row({ boot: 518840888888888888888888, wavelength: 32427555555555555555555, reserve: 1000000000000000, price: 1000000000000000000, expected: 7099749292242794946 })`
   |
   = help: https://book.getfoundry.sh/reference/forge/forge-lint#named-struct-fields

note[named-struct-fields]: prefer initializing structs with named fields
  --> test/SineV3SmallReserveFixtures.sol:26:17
   |
26 |         r[15] = Row(543114738272222222222222, 33177442777777777777777, 1, 1000000000, 7629101575907);
   |                 ^^^^^^^^^^^^^^^^^^^^^^^^^^^^^^^^^^^^^^^^^^^^^^^^^^^^^^^^^^^^^^^^^^^^^^^^^^^^^^^^^^^^ help: consider using named fields: `Row({ boot: 543114738272222222222222, wavelength: 33177442777777777777777, reserve: 1, price: 1000000000, expected: 7629101575907 })`
   |
   = help: https://book.getfoundry.sh/reference/forge/forge-lint#named-struct-fields

warning[erc20-unchecked-transfer]: ERC20 'transfer' and 'transferFrom' calls should check the return value
  --> test/LadderEconomics.t.sol:37:9
   |
37 |         mixETH.transfer(bob, 1e18);
   |         ^^^^^^^^^^^^^^^^^^^^^^^^^^
   |
   = help: https://book.getfoundry.sh/reference/forge/forge-lint#erc20-unchecked-transfer

note[screaming-snake-case-immutable]: immutables should use SCREAMING_SNAKE_CASE
   --> test/TicketRulesV3.t.sol:266:35
    |
266 |     IPoolManager public immutable pm;
    |                                   ^^ help: consider using: `PM`
    |
    = help: https://book.getfoundry.sh/reference/forge/forge-lint#screaming-snake-case-immutable

note[screaming-snake-case-immutable]: immutables should use SCREAMING_SNAKE_CASE
   --> test/TicketRulesV3.t.sol:267:29
    |
267 |     IERC20 public immutable mix;
    |                             ^^^ help: consider using: `MIX`
    |
    = help: https://book.getfoundry.sh/reference/forge/forge-lint#screaming-snake-case-immutable

note[unsafe-cheatcode]: usage of unsafe cheatcodes that can perform dangerous operations
  --> script/CompleteBaseDeploy.s.sol:31:34
   |
31 |             html = vm.replace(vm.readFile(_htmlPath(testnet)), "__FACTORY__", vm.toString(address(factory)));
   |                                  ^^^^^^^^
   |
   = help: https://book.getfoundry.sh/reference/forge/forge-lint#unsafe-cheatcode

note[unused-import]: unused imports should be removed
 --> test/TicketRulesV3.t.sol:4:9
  |
4 | import {Test, console2} from "forge-std/Test.sol";
  |         ^^^^
  |
  = help: https://book.getfoundry.sh/reference/forge/forge-lint#unused-import

note[unused-import]: unused imports should be removed
 --> test/TicketRulesV3.t.sol:4:15
  |
4 | import {Test, console2} from "forge-std/Test.sol";
  |               ^^^^^^^^
  |
  = help: https://book.getfoundry.sh/reference/forge/forge-lint#unused-import

warning[erc20-unchecked-transfer]: ERC20 'transfer' and 'transferFrom' calls should check the return value
  --> test/MultiOwnerStateful.t.sol:33:25
   |
33 |             if (i != 0) mixETH.transfer(actors[i], 1000e18);
   |                         ^^^^^^^^^^^^^^^^^^^^^^^^^^^^^^^^^^^
   |
   = help: https://book.getfoundry.sh/reference/forge/forge-lint#erc20-unchecked-transfer

note[named-struct-fields]: prefer initializing structs with named fields
  --> test/MultiOwnerStateful.t.sol:58:24
   |
58 |         targetSelector(FuzzSelector(address(this), selectors));
   |                        ^^^^^^^^^^^^^^^^^^^^^^^^^^^^^^^^^^^^^^ help: consider using named fields: `FuzzSelector({ addr: address(this), selectors: selectors })`
   |
   = help: https://book.getfoundry.sh/reference/forge/forge-lint#named-struct-fields

note[screaming-snake-case-immutable]: immutables should use SCREAMING_SNAKE_CASE
  --> src/PSPToken.sol:18:30
   |
18 |     address public immutable factory;
   |                              ^^^^^^^ help: consider using: `FACTORY`
   |
   = help: https://book.getfoundry.sh/reference/forge/forge-lint#screaming-snake-case-immutable

note[named-struct-fields]: prefer initializing structs with named fields
  --> test/SineV3SmallReserveFixtures.sol:27:17
   |
27 |         r[16] = Row(543114738272222222222222, 33177442777777777777777, 2, 1000000000, 15258203151814);
   |                 ^^^^^^^^^^^^^^^^^^^^^^^^^^^^^^^^^^^^^^^^^^^^^^^^^^^^^^^^^^^^^^^^^^^^^^^^^^^^^^^^^^^^^ help: consider using named fields: `Row({ boot: 543114738272222222222222, wavelength: 33177442777777777777777, reserve: 2, price: 1000000000, expected: 15258203151814 })`
   |
   = help: https://book.getfoundry.sh/reference/forge/forge-lint#named-struct-fields

note[named-struct-fields]: prefer initializing structs with named fields
  --> test/SineV3SmallReserveFixtures.sol:28:17
   |
28 |         r[17] = Row(543114738272222222222222, 33177442777777777777777, 1000000, 1000000000, 7629101575907313751);
   |                 ^^^^^^^^^^^^^^^^^^^^^^^^^^^^^^^^^^^^^^^^^^^^^^^^^^^^^^^^^^^^^^^^^^^^^^^^^^^^^^^^^^^^^^^^^^^^^^^^ help: consider using named fields: `Row({ boot: 543114738272222222222222, wavelength: 33177442777777777777777, reserve: 1000000, price: 1000000000, expected: 7629101575907313751 })`
   |
   = help: https://book.getfoundry.sh/reference/forge/forge-lint#named-struct-fields

note[named-struct-fields]: prefer initializing structs with named fields
  --> test/SineV3SmallReserveFixtures.sol:29:17
   |
29 |         r[18] = Row(543114738272222222222222, 33177442777777777777777, 1000000000000, 1000000000, 7629101575852746550511350);
   |                 ^^^^^^^^^^^^^^^^^^^^^^^^^^^^^^^^^^^^^^^^^^^^^^^^^^^^^^^^^^^^^^^^^^^^^^^^^^^^^^^^^^^^^^^^^^^^^^^^^^^^^^^^^^^^ help: consider using named fields: `Row({ boot: 543114738272222222222222, wavelength: 33177442777777777777777, reserve: 1000000000000, price: 1000000000, expected: 7629101575852746550511350 })`
   |
   = help: https://book.getfoundry.sh/reference/forge/forge-lint#named-struct-fields

note[named-struct-fields]: prefer initializing structs with named fields
  --> test/SineV3SmallReserveFixtures.sol:30:17
   |
30 |         r[19] = Row(543114738272222222222222, 33177442777777777777777, 1000000000000000, 1000000000, 7629101521340060146627238315);
   |                 ^^^^^^^^^^^^^^^^^^^^^^^^^^^^^^^^^^^^^^^^^^^^^^^^^^^^^^^^^^^^^^^^^^^^^^^^^^^^^^^^^^^^^^^^^^^^^^^^^^^^^^^^^^^^^^^^^^ help: consider using named fields: `Row({ boot: 543114738272222222222222, wavelength: 33177442777777777777777, reserve: 1000000000000000, price: 1000000000, expected: 7629101521340060146627238315 })`
   |
   = help: https://book.getfoundry.sh/reference/forge/forge-lint#named-struct-fields

note[named-struct-fields]: prefer initializing structs with named fields
  --> test/SineV3SmallReserveFixtures.sol:31:17
   |
31 |         r[20] = Row(543114738272222222222222, 33177442777777777777777, 1, 75000000000000, 101721354);
   |                 ^^^^^^^^^^^^^^^^^^^^^^^^^^^^^^^^^^^^^^^^^^^^^^^^^^^^^^^^^^^^^^^^^^^^^^^^^^^^^^^^^^^^ help: consider using named fields: `Row({ boot: 543114738272222222222222, wavelength: 33177442777777777777777, reserve: 1, price: 75000000000000, expected: 101721354 })`
   |
   = help: https://book.getfoundry.sh/reference/forge/forge-lint#named-struct-fields

note[named-struct-fields]: prefer initializing structs with named fields
  --> test/SineV3SmallReserveFixtures.sol:32:17
   |
32 |         r[21] = Row(543114738272222222222222, 33177442777777777777777, 2, 75000000000000, 203442708);
   |                 ^^^^^^^^^^^^^^^^^^^^^^^^^^^^^^^^^^^^^^^^^^^^^^^^^^^^^^^^^^^^^^^^^^^^^^^^^^^^^^^^^^^^ help: consider using named fields: `Row({ boot: 543114738272222222222222, wavelength: 33177442777777777777777, reserve: 2, price: 75000000000000, expected: 203442708 })`
   |
   = help: https://book.getfoundry.sh/reference/forge/forge-lint#named-struct-fields

note[named-struct-fields]: prefer initializing structs with named fields
  --> test/SineV3SmallReserveFixtures.sol:33:17
   |
33 |         r[22] = Row(543114738272222222222222, 33177442777777777777777, 1000000, 75000000000000, 101721354345430);
   |                 ^^^^^^^^^^^^^^^^^^^^^^^^^^^^^^^^^^^^^^^^^^^^^^^^^^^^^^^^^^^^^^^^^^^^^^^^^^^^^^^^^^^^^^^^^^^^^^^^ help: consider using named fields: `Row({ boot: 543114738272222222222222, wavelength: 33177442777777777777777, reserve: 1000000, price: 75000000000000, expected: 101721354345430 })`
   |
   = help: https://book.getfoundry.sh/reference/forge/forge-lint#named-struct-fields

note[mixed-case-variable]: mutable variables should use mixedCase
  --> script/DeployPSP.s.sol:42:17
   |
42 |         uint128 sinePL = _sinePL();
   |                 ^^^^^^ help: consider using: `sinePl`
   |
   = help: https://book.getfoundry.sh/reference/forge/forge-lint#mixed-case-variable

note[unsafe-cheatcode]: usage of unsafe cheatcodes that can perform dangerous operations
  --> script/DeployPSP.s.sol:45:39
   |
45 |         string memory htmlSource = vm.readFile(htmlPath);
   |                                       ^^^^^^^^
   |
   = help: https://book.getfoundry.sh/reference/forge/forge-lint#unsafe-cheatcode

note[mixed-case-variable]: mutable variables should use mixedCase
  --> script/DeployPSP.s.sol:55:29
   |
55 |             MockPoolManager mockPM = new MockPoolManager();
   |                             ^^^^^^ help: consider using: `mockPm`
   |
   = help: https://book.getfoundry.sh/reference/forge/forge-lint#mixed-case-variable

note[unused-import]: unused imports should be removed
  --> test/wave2/auditorB/B3_V4DeltaSpoof.t.sol:13:23
   |
13 | import {BalanceDelta, BalanceDeltaLibrary} from "@uniswap/v4-core/src/types/BalanceDelta.sol";
   |                       ^^^^^^^^^^^^^^^^^^^
   |
   = help: https://book.getfoundry.sh/reference/forge/forge-lint#unused-import

note[named-struct-fields]: prefer initializing structs with named fields
  --> test/SineV3SmallReserveFixtures.sol:34:17
   |
34 |         r[23] = Row(543114738272222222222222, 33177442777777777777777, 1000000000000, 75000000000000, 101721354344703287340);
   |                 ^^^^^^^^^^^^^^^^^^^^^^^^^^^^^^^^^^^^^^^^^^^^^^^^^^^^^^^^^^^^^^^^^^^^^^^^^^^^^^^^^^^^^^^^^^^^^^^^^^^^^^^^^^^^ help: consider using named fields: `Row({ boot: 543114738272222222222222, wavelength: 33177442777777777777777, reserve: 1000000000000, price: 75000000000000, expected: 101721354344703287340 })`
   |
   = help: https://book.getfoundry.sh/reference/forge/forge-lint#named-struct-fields

note[named-struct-fields]: prefer initializing structs with named fields
  --> test/SineV3SmallReserveFixtures.sol:35:17
   |
35 |         r[24] = Row(543114738272222222222222, 33177442777777777777777, 1000000000000000, 75000000000000, 101721353617867468621696);
   |                 ^^^^^^^^^^^^^^^^^^^^^^^^^^^^^^^^^^^^^^^^^^^^^^^^^^^^^^^^^^^^^^^^^^^^^^^^^^^^^^^^^^^^^^^^^^^^^^^^^^^^^^^^^^^^^^^^^^ help: consider using named fields: `Row({ boot: 543114738272222222222222, wavelength: 33177442777777777777777, reserve: 1000000000000000, price: 75000000000000, expected: 101721353617867468621696 })`
   |
   = help: https://book.getfoundry.sh/reference/forge/forge-lint#named-struct-fields

note[unwrapped-modifier-logic]: wrap modifier logic to reduce code size
  --> src/PSPToken.sol:21:5
   |
21 | /     modifier onlyController() {
22 | |         if (msg.sender != controller) revert OnlyController();
23 | |         _;
24 | |     }
   | |_____^
   |
help: wrap modifier logic to reduce code size
   |
21 ~     modifier onlyController() {
22 +         _onlyController();
23 +         _;
24 +     }
25 + 
26 +     function _onlyController() internal {
27 +         if (msg.sender != controller) revert OnlyController();
28 +     }
   |
   = help: https://book.getfoundry.sh/reference/forge/forge-lint#unwrapped-modifier-logic

warning[erc20-unchecked-transfer]: ERC20 'transfer' and 'transferFrom' calls should check the return value
  --> test/wave2/auditorB/B3_V4DeltaSpoof.t.sol:99:9
   |
99 |         mixETH.transfer(address(poolManager), 50e18); // carol/test donates mixETH
   |         ^^^^^^^^^^^^^^^^^^^^^^^^^^^^^^^^^^^^^^^^^^^^
   |
   = help: https://book.getfoundry.sh/reference/forge/forge-lint#erc20-unchecked-transfer

warning[erc20-unchecked-transfer]: ERC20 'transfer' and 'transferFrom' calls should check the return value
   --> test/wave2/auditorB/B3_V4DeltaSpoof.t.sol:101:9
    |
101 |         psp.transfer(address(poolManager), psp.balanceOf(alice) / 2);
    |         ^^^^^^^^^^^^^^^^^^^^^^^^^^^^^^^^^^^^^^^^^^^^^^^^^^^^^^^^^^^^
    |
    = help: https://book.getfoundry.sh/reference/forge/forge-lint#erc20-unchecked-transfer

note[named-struct-fields]: prefer initializing structs with named fields
  --> test/SineV3SmallReserveFixtures.sol:36:17
   |
36 |         r[25] = Row(543114738272222222222222, 33177442777777777777777, 1, 1000000000000000000, 7629);
   |                 ^^^^^^^^^^^^^^^^^^^^^^^^^^^^^^^^^^^^^^^^^^^^^^^^^^^^^^^^^^^^^^^^^^^^^^^^^^^^^^^^^^^^ help: consider using named fields: `Row({ boot: 543114738272222222222222, wavelength: 33177442777777777777777, reserve: 1, price: 1000000000000000000, expected: 7629 })`
   |
   = help: https://book.getfoundry.sh/reference/forge/forge-lint#named-struct-fields

note[mixed-case-function]: function names should use mixedCase
  --> test/ExpandedPepeArt.t.sol:14:14
   |
14 |     function ART_VERSION() external pure returns (uint256) { return 3; }
   |              ^^^^^^^^^^^ help: consider using: `artVersion`
   |
   = help: https://book.getfoundry.sh/reference/forge/forge-lint#mixed-case-function

note[screaming-snake-case-immutable]: immutables should use SCREAMING_SNAKE_CASE
  --> test/NftInterface.t.sol:15:25
   |
15 |     PSPStaker immutable staking;
   |                         ^^^^^^^ help: consider using: `STAKING`
   |
   = help: https://book.getfoundry.sh/reference/forge/forge-lint#screaming-snake-case-immutable

warning[erc20-unchecked-transfer]: ERC20 'transfer' and 'transferFrom' calls should check the return value
   --> test/wave2/auditorB/B3_V4DeltaSpoof.t.sol:127:9
    |
127 |         mixETH.transfer(address(hd), 10e18);
    |         ^^^^^^^^^^^^^^^^^^^^^^^^^^^^^^^^^^^
    |
    = help: https://book.getfoundry.sh/reference/forge/forge-lint#erc20-unchecked-transfer

warning[erc20-unchecked-transfer]: ERC20 'transfer' and 'transferFrom' calls should check the return value
   --> test/wave2/auditorB/B3_V4DeltaSpoof.t.sol:139:9
    |
139 |         mixETH.transfer(address(raw), 10e18);
    |         ^^^^^^^^^^^^^^^^^^^^^^^^^^^^^^^^^^^^
    |
    = help: https://book.getfoundry.sh/reference/forge/forge-lint#erc20-unchecked-transfer

note[named-struct-fields]: prefer initializing structs with named fields
  --> test/SineV3SmallReserveFixtures.sol:37:17
   |
37 |         r[26] = Row(543114738272222222222222, 33177442777777777777777, 2, 1000000000000000000, 15258);
   |                 ^^^^^^^^^^^^^^^^^^^^^^^^^^^^^^^^^^^^^^^^^^^^^^^^^^^^^^^^^^^^^^^^^^^^^^^^^^^^^^^^^^^^^ help: consider using named fields: `Row({ boot: 543114738272222222222222, wavelength: 33177442777777777777777, reserve: 2, price: 1000000000000000000, expected: 15258 })`
   |
   = help: https://book.getfoundry.sh/reference/forge/forge-lint#named-struct-fields

warning[unsafe-typecast]: typecasts that can truncate values should be checked
   --> test/MultiOwnerStateful.t.sol:171:55
    |
171 |         for (uint256 i; i < ids.length; ++i) withdraw(uint8(i));
    |                                                       ^^^^^^^^
    |
    = note: consider disabling this lint if you're certain the cast is safe
            
            // casting to 'uint8' is safe because [explain why]
            // forge-lint: disable-next-line(unsafe-typecast)
            
            
    = help: https://book.getfoundry.sh/reference/forge/forge-lint#unsafe-typecast

warning[erc20-unchecked-transfer]: ERC20 'transfer' and 'transferFrom' calls should check the return value
   --> test/wave2/auditorB/B3_V4DeltaSpoof.t.sol:171:9
    |
171 |         mixETH.transfer(address(dl), 10e18);
    |         ^^^^^^^^^^^^^^^^^^^^^^^^^^^^^^^^^^^
    |
    = help: https://book.getfoundry.sh/reference/forge/forge-lint#erc20-unchecked-transfer

note[unsafe-cheatcode]: usage of unsafe cheatcodes that can perform dangerous operations
  --> test/ExpandedPepeArt.t.sol:30:36
   |
30 |         string memory fixture = vm.readFile("script/expanded-art-fixtures.json");
   |                                    ^^^^^^^^
   |
   = help: https://book.getfoundry.sh/reference/forge/forge-lint#unsafe-cheatcode

note[screaming-snake-case-immutable]: immutables should use SCREAMING_SNAKE_CASE
   --> test/SineFee.t.sol:308:35
    |
308 |     IPoolManager public immutable pm;
    |                                   ^^ help: consider using: `PM`
    |
    = help: https://book.getfoundry.sh/reference/forge/forge-lint#screaming-snake-case-immutable

note[screaming-snake-case-immutable]: immutables should use SCREAMING_SNAKE_CASE
   --> test/SineFee.t.sol:309:29
    |
309 |     IERC20 public immutable mix;
    |                             ^^^ help: consider using: `MIX`
    |
    = help: https://book.getfoundry.sh/reference/forge/forge-lint#screaming-snake-case-immutable

note[named-struct-fields]: prefer initializing structs with named fields
  --> test/SineV3SmallReserveFixtures.sol:38:17
   |
38 |         r[27] = Row(543114738272222222222222, 33177442777777777777777, 1000000, 1000000000000000000, 7629101575);
   |                 ^^^^^^^^^^^^^^^^^^^^^^^^^^^^^^^^^^^^^^^^^^^^^^^^^^^^^^^^^^^^^^^^^^^^^^^^^^^^^^^^^^^^^^^^^^^^^^^^ help: consider using named fields: `Row({ boot: 543114738272222222222222, wavelength: 33177442777777777777777, reserve: 1000000, price: 1000000000000000000, expected: 7629101575 })`
   |
   = help: https://book.getfoundry.sh/reference/forge/forge-lint#named-struct-fields

note[named-struct-fields]: prefer initializing structs with named fields
  --> test/SineV3SmallReserveFixtures.sol:39:17
   |
39 |         r[28] = Row(543114738272222222222222, 33177442777777777777777, 1000000000000, 1000000000000000000, 7629101575852746);
   |                 ^^^^^^^^^^^^^^^^^^^^^^^^^^^^^^^^^^^^^^^^^^^^^^^^^^^^^^^^^^^^^^^^^^^^^^^^^^^^^^^^^^^^^^^^^^^^^^^^^^^^^^^^^^^^ help: consider using named fields: `Row({ boot: 543114738272222222222222, wavelength: 33177442777777777777777, reserve: 1000000000000, price: 1000000000000000000, expected: 7629101575852746 })`
   |
   = help: https://book.getfoundry.sh/reference/forge/forge-lint#named-struct-fields

note[named-struct-fields]: prefer initializing structs with named fields
  --> test/SineV3SmallReserveFixtures.sol:40:17
   |
40 |         r[29] = Row(543114738272222222222222, 33177442777777777777777, 1000000000000000, 1000000000000000000, 7629101521340060146);
   |                 ^^^^^^^^^^^^^^^^^^^^^^^^^^^^^^^^^^^^^^^^^^^^^^^^^^^^^^^^^^^^^^^^^^^^^^^^^^^^^^^^^^^^^^^^^^^^^^^^^^^^^^^^^^^^^^^^^^ help: consider using named fields: `Row({ boot: 543114738272222222222222, wavelength: 33177442777777777777777, reserve: 1000000000000000, price: 1000000000000000000, expected: 7629101521340060146 })`
   |
   = help: https://book.getfoundry.sh/reference/forge/forge-lint#named-struct-fields

note[named-struct-fields]: prefer initializing structs with named fields
  --> test/SineV3SmallReserveFixtures.sol:41:17
   |
41 |         r[30] = Row(585722722222222222222222, 34454277777777777777777, 1, 1000000000, 9385771861199);
   |                 ^^^^^^^^^^^^^^^^^^^^^^^^^^^^^^^^^^^^^^^^^^^^^^^^^^^^^^^^^^^^^^^^^^^^^^^^^^^^^^^^^^^^ help: consider using named fields: `Row({ boot: 585722722222222222222222, wavelength: 34454277777777777777777, reserve: 1, price: 1000000000, expected: 9385771861199 })`
   |
   = help: https://book.getfoundry.sh/reference/forge/forge-lint#named-struct-fields

note[named-struct-fields]: prefer initializing structs with named fields
  --> test/SineV3SmallReserveFixtures.sol:42:17
   |
42 |         r[31] = Row(585722722222222222222222, 34454277777777777777777, 2, 1000000000, 18771543722399);
   |                 ^^^^^^^^^^^^^^^^^^^^^^^^^^^^^^^^^^^^^^^^^^^^^^^^^^^^^^^^^^^^^^^^^^^^^^^^^^^^^^^^^^^^^ help: consider using named fields: `Row({ boot: 585722722222222222222222, wavelength: 34454277777777777777777, reserve: 2, price: 1000000000, expected: 18771543722399 })`
   |
   = help: https://book.getfoundry.sh/reference/forge/forge-lint#named-struct-fields

warning[erc20-unchecked-transfer]: ERC20 'transfer' and 'transferFrom' calls should check the return value
   --> test/wave2/auditorB/B3_V4DeltaSpoof.t.sol:186:9
    |
186 |         mixETH.transfer(alice, 200_000_000e18);
    |         ^^^^^^^^^^^^^^^^^^^^^^^^^^^^^^^^^^^^^^
    |
    = help: https://book.getfoundry.sh/reference/forge/forge-lint#erc20-unchecked-transfer

warning[unsafe-typecast]: typecasts that can truncate values should be checked
   --> test/wave2/auditorB/B3_V4DeltaSpoof.t.sol:215:35
    |
215 |         pm.unlock(abi.encode(key, int256(wantOut), true));
    |                                   ^^^^^^^^^^^^^^^
    |
    = note: consider disabling this lint if you're certain the cast is safe
            
            // casting to 'int256' is safe because [explain why]
            // forge-lint: disable-next-line(unsafe-typecast)
            
            
    = help: https://book.getfoundry.sh/reference/forge/forge-lint#unsafe-typecast

warning[unsafe-typecast]: typecasts that can truncate values should be checked
   --> test/wave2/auditorB/B3_V4DeltaSpoof.t.sol:268:35
    |
268 |                 amountSpecified: -int256(mixIn),
    |                                   ^^^^^^^^^^^^^
    |
    = note: consider disabling this lint if you're certain the cast is safe
            
            // casting to 'int256' is safe because [explain why]
            // forge-lint: disable-next-line(unsafe-typecast)
            
            
    = help: https://book.getfoundry.sh/reference/forge/forge-lint#unsafe-typecast

warning[erc20-unchecked-transfer]: ERC20 'transfer' and 'transferFrom' calls should check the return value
  --> test/TicketRulesV3.t.sol:96:9
   |
96 |         mixETH.transfer(alice, 100e18);
   |         ^^^^^^^^^^^^^^^^^^^^^^^^^^^^^^
   |
   = help: https://book.getfoundry.sh/reference/forge/forge-lint#erc20-unchecked-transfer

note[unused-import]: unused imports should be removed
 --> test/SineFee.t.sol:4:15
  |
4 | import {Test, console2} from "forge-std/Test.sol";
  |               ^^^^^^^^
  |
  = help: https://book.getfoundry.sh/reference/forge/forge-lint#unused-import

note[unused-import]: unused imports should be removed
  --> test/SineFee.t.sol:23:9
   |
23 | import {SineMath} from "../src/libraries/SineMath.sol";
   |         ^^^^^^^^
   |
   = help: https://book.getfoundry.sh/reference/forge/forge-lint#unused-import

note[unused-import]: unused imports should be removed
  --> test/SineFee.t.sol:25:9
   |
25 | import {CBase, CSwapper} from "./wave2/auditorC/CBase.sol";
   |         ^^^^^
   |
   = help: https://book.getfoundry.sh/reference/forge/forge-lint#unused-import

note[unused-import]: unused imports should be removed
  --> test/SineFee.t.sol:29:23
   |
29 | import {BalanceDelta, BalanceDeltaLibrary} from "@uniswap/v4-core/src/types/BalanceDelta.sol";
   |                       ^^^^^^^^^^^^^^^^^^^
   |
   = help: https://book.getfoundry.sh/reference/forge/forge-lint#unused-import

note[named-struct-fields]: prefer initializing structs with named fields
  --> test/SineV3SmallReserveFixtures.sol:43:17
   |
43 |         r[32] = Row(585722722222222222222222, 34454277777777777777777, 1000000, 1000000000, 9385771861199975695);
   |                 ^^^^^^^^^^^^^^^^^^^^^^^^^^^^^^^^^^^^^^^^^^^^^^^^^^^^^^^^^^^^^^^^^^^^^^^^^^^^^^^^^^^^^^^^^^^^^^^^ help: consider using named fields: `Row({ boot: 585722722222222222222222, wavelength: 34454277777777777777777, reserve: 1000000, price: 1000000000, expected: 9385771861199975695 })`
   |
   = help: https://book.getfoundry.sh/reference/forge/forge-lint#named-struct-fields

note[named-struct-fields]: prefer initializing structs with named fields
  --> test/SineV3SmallReserveFixtures.sol:44:17
   |
44 |         r[33] = Row(585722722222222222222222, 34454277777777777777777, 1000000000000, 1000000000, 9385771861199975695275557);
   |                 ^^^^^^^^^^^^^^^^^^^^^^^^^^^^^^^^^^^^^^^^^^^^^^^^^^^^^^^^^^^^^^^^^^^^^^^^^^^^^^^^^^^^^^^^^^^^^^^^^^^^^^^^^^^^ help: consider using named fields: `Row({ boot: 585722722222222222222222, wavelength: 34454277777777777777777, reserve: 1000000000000, price: 1000000000, expected: 9385771861199975695275557 })`
   |
   = help: https://book.getfoundry.sh/reference/forge/forge-lint#named-struct-fields

note[named-struct-fields]: prefer initializing structs with named fields
  --> test/SineV3SmallReserveFixtures.sol:45:17
   |
45 |         r[34] = Row(585722722222222222222222, 34454277777777777777777, 1000000000000000, 1000000000, 9385771861199975695275454250);
   |                 ^^^^^^^^^^^^^^^^^^^^^^^^^^^^^^^^^^^^^^^^^^^^^^^^^^^^^^^^^^^^^^^^^^^^^^^^^^^^^^^^^^^^^^^^^^^^^^^^^^^^^^^^^^^^^^^^^^ help: consider using named fields: `Row({ boot: 585722722222222222222222, wavelength: 34454277777777777777777, reserve: 1000000000000000, price: 1000000000, expected: 9385771861199975695275454250 })`
   |
   = help: https://book.getfoundry.sh/reference/forge/forge-lint#named-struct-fields

note[named-struct-fields]: prefer initializing structs with named fields
  --> test/SineV3SmallReserveFixtures.sol:46:17
   |
46 |         r[35] = Row(585722722222222222222222, 34454277777777777777777, 1, 75000000000000, 125143624);
   |                 ^^^^^^^^^^^^^^^^^^^^^^^^^^^^^^^^^^^^^^^^^^^^^^^^^^^^^^^^^^^^^^^^^^^^^^^^^^^^^^^^^^^^ help: consider using named fields: `Row({ boot: 585722722222222222222222, wavelength: 34454277777777777777777, reserve: 1, price: 75000000000000, expected: 125143624 })`
   |
   = help: https://book.getfoundry.sh/reference/forge/forge-lint#named-struct-fields

note[named-struct-fields]: prefer initializing structs with named fields
  --> test/SineV3SmallReserveFixtures.sol:47:17
   |
47 |         r[36] = Row(585722722222222222222222, 34454277777777777777777, 2, 75000000000000, 250287249);
   |                 ^^^^^^^^^^^^^^^^^^^^^^^^^^^^^^^^^^^^^^^^^^^^^^^^^^^^^^^^^^^^^^^^^^^^^^^^^^^^^^^^^^^^ help: consider using named fields: `Row({ boot: 585722722222222222222222, wavelength: 34454277777777777777777, reserve: 2, price: 75000000000000, expected: 250287249 })`
   |
   = help: https://book.getfoundry.sh/reference/forge/forge-lint#named-struct-fields

note[named-struct-fields]: prefer initializing structs with named fields
  --> test/SineV3SmallReserveFixtures.sol:48:17
   |
48 |         r[37] = Row(585722722222222222222222, 34454277777777777777777, 1000000, 75000000000000, 125143624815999);
   |                 ^^^^^^^^^^^^^^^^^^^^^^^^^^^^^^^^^^^^^^^^^^^^^^^^^^^^^^^^^^^^^^^^^^^^^^^^^^^^^^^^^^^^^^^^^^^^^^^^ help: consider using named fields: `Row({ boot: 585722722222222222222222, wavelength: 34454277777777777777777, reserve: 1000000, price: 75000000000000, expected: 125143624815999 })`
   |
   = help: https://book.getfoundry.sh/reference/forge/forge-lint#named-struct-fields

warning[erc20-unchecked-transfer]: ERC20 'transfer' and 'transferFrom' calls should check the return value
  --> test/SineFee.t.sol:59:9
   |
59 |         mixETH.transfer(rando, 100_000e18); // the buyer wallet (fresh, unattributed)
   |         ^^^^^^^^^^^^^^^^^^^^^^^^^^^^^^^^^^
   |
   = help: https://book.getfoundry.sh/reference/forge/forge-lint#erc20-unchecked-transfer

warning[erc20-unchecked-transfer]: ERC20 'transfer' and 'transferFrom' calls should check the return value
  --> test/SineFee.t.sol:90:9
   |
90 |         mixETH.transfer(alice, boot);
   |         ^^^^^^^^^^^^^^^^^^^^^^^^^^^^
   |
   = help: https://book.getfoundry.sh/reference/forge/forge-lint#erc20-unchecked-transfer

warning[unsafe-typecast]: typecasts that can truncate values should be checked
   --> test/wave2/auditorB/B3_V4DeltaSpoof.t.sol:276:23
    |
276 |         uint256 out = uint256(int256(outDelta));
    |                       ^^^^^^^^^^^^^^^^^^^^^^^^^
    |
    = note: consider disabling this lint if you're certain the cast is safe
            
            // casting to 'uint256' is safe because [explain why]
            // forge-lint: disable-next-line(unsafe-typecast)
            
            
    = help: https://book.getfoundry.sh/reference/forge/forge-lint#unsafe-typecast

warning[erc20-unchecked-transfer]: ERC20 'transfer' and 'transferFrom' calls should check the return value
   --> test/TicketRulesV3.t.sol:184:9
    |
184 |         mixETH.transfer(alice, 100e18);
    |         ^^^^^^^^^^^^^^^^^^^^^^^^^^^^^^
    |
    = help: https://book.getfoundry.sh/reference/forge/forge-lint#erc20-unchecked-transfer

warning[erc20-unchecked-transfer]: ERC20 'transfer' and 'transferFrom' calls should check the return value
   --> test/TicketRulesV3.t.sol:202:9
    |
202 |         mixETH.transfer(address(hook), 1_000e18);
    |         ^^^^^^^^^^^^^^^^^^^^^^^^^^^^^^^^^^^^^^^^
    |
    = help: https://book.getfoundry.sh/reference/forge/forge-lint#erc20-unchecked-transfer

warning[erc20-unchecked-transfer]: ERC20 'transfer' and 'transferFrom' calls should check the return value
   --> test/TicketRulesV3.t.sol:246:13
    |
246 |             mixETH.transfer(who, 1_000e18);
    |             ^^^^^^^^^^^^^^^^^^^^^^^^^^^^^^
    |
    = help: https://book.getfoundry.sh/reference/forge/forge-lint#erc20-unchecked-transfer

warning[erc20-unchecked-transfer]: ERC20 'transfer' and 'transferFrom' calls should check the return value
   --> test/TicketRulesV3.t.sol:275:9
    |
275 | /         IERC20(Currency.unwrap(key.currency1 == Currency.wrap(address(mix)) ? key.currency0 : key.currency1))
276 | |             .transferFrom(msg.sender, address(this), pspIn);
    | |___________________________________________________________^
    |
    = help: https://book.getfoundry.sh/reference/forge/forge-lint#erc20-unchecked-transfer

warning[erc20-unchecked-transfer]: ERC20 'transfer' and 'transferFrom' calls should check the return value
   --> test/TicketRulesV3.t.sol:287:9
    |
287 |         IERC20(Currency.unwrap(pspCur)).transfer(address(pm), pspIn);
    |         ^^^^^^^^^^^^^^^^^^^^^^^^^^^^^^^^^^^^^^^^^^^^^^^^^^^^^^^^^^^^
    |
    = help: https://book.getfoundry.sh/reference/forge/forge-lint#erc20-unchecked-transfer

warning[unsafe-typecast]: typecasts that can truncate values should be checked
   --> test/TicketRulesV3.t.sol:292:35
    |
292 |                 amountSpecified: -int256(pspIn),
    |                                   ^^^^^^^^^^^^^
    |
    = note: consider disabling this lint if you're certain the cast is safe
            
            // casting to 'int256' is safe because [explain why]
            // forge-lint: disable-next-line(unsafe-typecast)
            
            
    = help: https://book.getfoundry.sh/reference/forge/forge-lint#unsafe-typecast

warning[unsafe-typecast]: typecasts that can truncate values should be checked
   --> test/TicketRulesV3.t.sol:300:23
    |
300 |         uint256 amt = uint256(int256(mixDelta));
    |                       ^^^^^^^^^^^^^^^^^^^^^^^^^
    |
    = note: consider disabling this lint if you're certain the cast is safe
            
            // casting to 'uint256' is safe because [explain why]
            // forge-lint: disable-next-line(unsafe-typecast)
            
            
    = help: https://book.getfoundry.sh/reference/forge/forge-lint#unsafe-typecast

note[named-struct-fields]: prefer initializing structs with named fields
  --> test/SineV3SmallReserveFixtures.sol:49:17
   |
49 |         r[38] = Row(585722722222222222222222, 34454277777777777777777, 1000000000000, 75000000000000, 125143624815999675937);
   |                 ^^^^^^^^^^^^^^^^^^^^^^^^^^^^^^^^^^^^^^^^^^^^^^^^^^^^^^^^^^^^^^^^^^^^^^^^^^^^^^^^^^^^^^^^^^^^^^^^^^^^^^^^^^^^ help: consider using named fields: `Row({ boot: 585722722222222222222222, wavelength: 34454277777777777777777, reserve: 1000000000000, price: 75000000000000, expected: 125143624815999675937 })`
   |
   = help: https://book.getfoundry.sh/reference/forge/forge-lint#named-struct-fields

note[named-struct-fields]: prefer initializing structs with named fields
  --> test/SineV3SmallReserveFixtures.sol:50:17
   |
50 |         r[39] = Row(585722722222222222222222, 34454277777777777777777, 1000000000000000, 75000000000000, 125143624815999675937006);
   |                 ^^^^^^^^^^^^^^^^^^^^^^^^^^^^^^^^^^^^^^^^^^^^^^^^^^^^^^^^^^^^^^^^^^^^^^^^^^^^^^^^^^^^^^^^^^^^^^^^^^^^^^^^^^^^^^^^^^ help: consider using named fields: `Row({ boot: 585722722222222222222222, wavelength: 34454277777777777777777, reserve: 1000000000000000, price: 75000000000000, expected: 125143624815999675937006 })`
   |
   = help: https://book.getfoundry.sh/reference/forge/forge-lint#named-struct-fields

warning[unsafe-typecast]: typecasts that can truncate values should be checked
   --> test/wave2/auditorB/B3_V4DeltaSpoof.t.sol:318:43
    |
318 |             SwapParams({amountSpecified: -int256(mixIn), sqrtPriceLimitX96: limit, zeroForOne: zeroForOne}),
    |                                           ^^^^^^^^^^^^^
    |
    = note: consider disabling this lint if you're certain the cast is safe
            
            // casting to 'int256' is safe because [explain why]
            // forge-lint: disable-next-line(unsafe-typecast)
            
            
    = help: https://book.getfoundry.sh/reference/forge/forge-lint#unsafe-typecast

warning[erc20-unchecked-transfer]: ERC20 'transfer' and 'transferFrom' calls should check the return value
   --> test/SineFee.t.sol:216:9
    |
216 |         mixETH.transfer(alice, 20e18);
    |         ^^^^^^^^^^^^^^^^^^^^^^^^^^^^^
    |
    = help: https://book.getfoundry.sh/reference/forge/forge-lint#erc20-unchecked-transfer

note[named-struct-fields]: prefer initializing structs with named fields
  --> test/SineV3SmallReserveFixtures.sol:51:17
   |
51 |         r[40] = Row(585722722222222222222222, 34454277777777777777777, 1, 1000000000000000000, 9385);
   |                 ^^^^^^^^^^^^^^^^^^^^^^^^^^^^^^^^^^^^^^^^^^^^^^^^^^^^^^^^^^^^^^^^^^^^^^^^^^^^^^^^^^^^ help: consider using named fields: `Row({ boot: 585722722222222222222222, wavelength: 34454277777777777777777, reserve: 1, price: 1000000000000000000, expected: 9385 })`
   |
   = help: https://book.getfoundry.sh/reference/forge/forge-lint#named-struct-fields

warning[unsafe-typecast]: typecasts that can truncate values should be checked
   --> test/wave2/auditorB/B3_V4DeltaSpoof.t.sol:323:23
    |
323 |         uint256 out = uint256(int256(outDelta));
    |                       ^^^^^^^^^^^^^^^^^^^^^^^^^
    |
    = note: consider disabling this lint if you're certain the cast is safe
            
            // casting to 'uint256' is safe because [explain why]
            // forge-lint: disable-next-line(unsafe-typecast)
            
            
    = help: https://book.getfoundry.sh/reference/forge/forge-lint#unsafe-typecast

warning[erc20-unchecked-transfer]: ERC20 'transfer' and 'transferFrom' calls should check the return value
   --> test/SineFee.t.sol:317:9
    |
317 |         mix.transferFrom(msg.sender, address(this), mixIn);
    |         ^^^^^^^^^^^^^^^^^^^^^^^^^^^^^^^^^^^^^^^^^^^^^^^^^^
    |
    = help: https://book.getfoundry.sh/reference/forge/forge-lint#erc20-unchecked-transfer

warning[erc20-unchecked-transfer]: ERC20 'transfer' and 'transferFrom' calls should check the return value
   --> test/SineFee.t.sol:331:9
    |
331 |         mix.transfer(address(pm), mixIn);
    |         ^^^^^^^^^^^^^^^^^^^^^^^^^^^^^^^^
    |
    = help: https://book.getfoundry.sh/reference/forge/forge-lint#erc20-unchecked-transfer

warning[unsafe-typecast]: typecasts that can truncate values should be checked
   --> test/SineFee.t.sol:337:35
    |
337 |                 amountSpecified: -int256(mixIn),
    |                                   ^^^^^^^^^^^^^
    |
    = note: consider disabling this lint if you're certain the cast is safe
            
            // casting to 'int256' is safe because [explain why]
            // forge-lint: disable-next-line(unsafe-typecast)
            
            
    = help: https://book.getfoundry.sh/reference/forge/forge-lint#unsafe-typecast

warning[unsafe-typecast]: typecasts that can truncate values should be checked
   --> test/SineFee.t.sol:345:23
    |
345 |         uint256 out = uint256(int256(pspDelta));
    |                       ^^^^^^^^^^^^^^^^^^^^^^^^^
    |
    = note: consider disabling this lint if you're certain the cast is safe
            
            // casting to 'uint256' is safe because [explain why]
            // forge-lint: disable-next-line(unsafe-typecast)
            
            
    = help: https://book.getfoundry.sh/reference/forge/forge-lint#unsafe-typecast

note[named-struct-fields]: prefer initializing structs with named fields
  --> test/SineV3SmallReserveFixtures.sol:52:17
   |
52 |         r[41] = Row(585722722222222222222222, 34454277777777777777777, 2, 1000000000000000000, 18771);
   |                 ^^^^^^^^^^^^^^^^^^^^^^^^^^^^^^^^^^^^^^^^^^^^^^^^^^^^^^^^^^^^^^^^^^^^^^^^^^^^^^^^^^^^^ help: consider using named fields: `Row({ boot: 585722722222222222222222, wavelength: 34454277777777777777777, reserve: 2, price: 1000000000000000000, expected: 18771 })`
   |
   = help: https://book.getfoundry.sh/reference/forge/forge-lint#named-struct-fields

note[named-struct-fields]: prefer initializing structs with named fields
  --> test/SineV3SmallReserveFixtures.sol:53:17
   |
53 |         r[42] = Row(585722722222222222222222, 34454277777777777777777, 1000000, 1000000000000000000, 9385771861);
   |                 ^^^^^^^^^^^^^^^^^^^^^^^^^^^^^^^^^^^^^^^^^^^^^^^^^^^^^^^^^^^^^^^^^^^^^^^^^^^^^^^^^^^^^^^^^^^^^^^^ help: consider using named fields: `Row({ boot: 585722722222222222222222, wavelength: 34454277777777777777777, reserve: 1000000, price: 1000000000000000000, expected: 9385771861 })`
   |
   = help: https://book.getfoundry.sh/reference/forge/forge-lint#named-struct-fields

note[named-struct-fields]: prefer initializing structs with named fields
  --> test/SineV3SmallReserveFixtures.sol:54:17
   |
54 |         r[43] = Row(585722722222222222222222, 34454277777777777777777, 1000000000000, 1000000000000000000, 9385771861199975);
   |                 ^^^^^^^^^^^^^^^^^^^^^^^^^^^^^^^^^^^^^^^^^^^^^^^^^^^^^^^^^^^^^^^^^^^^^^^^^^^^^^^^^^^^^^^^^^^^^^^^^^^^^^^^^^^^ help: consider using named fields: `Row({ boot: 585722722222222222222222, wavelength: 34454277777777777777777, reserve: 1000000000000, price: 1000000000000000000, expected: 9385771861199975 })`
   |
   = help: https://book.getfoundry.sh/reference/forge/forge-lint#named-struct-fields

note[named-struct-fields]: prefer initializing structs with named fields
  --> test/SineV3SmallReserveFixtures.sol:55:17
   |
55 |         r[44] = Row(585722722222222222222222, 34454277777777777777777, 1000000000000000, 1000000000000000000, 9385771861199975695);
   |                 ^^^^^^^^^^^^^^^^^^^^^^^^^^^^^^^^^^^^^^^^^^^^^^^^^^^^^^^^^^^^^^^^^^^^^^^^^^^^^^^^^^^^^^^^^^^^^^^^^^^^^^^^^^^^^^^^^^ help: consider using named fields: `Row({ boot: 585722722222222222222222, wavelength: 34454277777777777777777, reserve: 1000000000000000, price: 1000000000000000000, expected: 9385771861199975695 })`
   |
   = help: https://book.getfoundry.sh/reference/forge/forge-lint#named-struct-fields

note[named-struct-fields]: prefer initializing structs with named fields
  --> test/SineV3SmallReserveFixtures.sol:56:17
   |
56 |         r[45] = Row(611496346050000000000000, 35204165000000000000000, 1, 1000000000, 10058678778226);
   |                 ^^^^^^^^^^^^^^^^^^^^^^^^^^^^^^^^^^^^^^^^^^^^^^^^^^^^^^^^^^^^^^^^^^^^^^^^^^^^^^^^^^^^^ help: consider using named fields: `Row({ boot: 611496346050000000000000, wavelength: 35204165000000000000000, reserve: 1, price: 1000000000, expected: 10058678778226 })`
   |
   = help: https://book.getfoundry.sh/reference/forge/forge-lint#named-struct-fields

note[named-struct-fields]: prefer initializing structs with named fields
  --> test/SineV3SmallReserveFixtures.sol:57:17
   |
57 |         r[46] = Row(611496346050000000000000, 35204165000000000000000, 2, 1000000000, 20117357556452);
   |                 ^^^^^^^^^^^^^^^^^^^^^^^^^^^^^^^^^^^^^^^^^^^^^^^^^^^^^^^^^^^^^^^^^^^^^^^^^^^^^^^^^^^^^ help: consider using named fields: `Row({ boot: 611496346050000000000000, wavelength: 35204165000000000000000, reserve: 2, price: 1000000000, expected: 20117357556452 })`
   |
   = help: https://book.getfoundry.sh/reference/forge/forge-lint#named-struct-fields

note[named-struct-fields]: prefer initializing structs with named fields
  --> test/SineV3SmallReserveFixtures.sol:58:17
   |
58 |         r[47] = Row(611496346050000000000000, 35204165000000000000000, 1000000, 1000000000, 10058678778226394365);
   |                 ^^^^^^^^^^^^^^^^^^^^^^^^^^^^^^^^^^^^^^^^^^^^^^^^^^^^^^^^^^^^^^^^^^^^^^^^^^^^^^^^^^^^^^^^^^^^^^^^^ help: consider using named fields: `Row({ boot: 611496346050000000000000, wavelength: 35204165000000000000000, reserve: 1000000, price: 1000000000, expected: 10058678778226394365 })`
   |
   = help: https://book.getfoundry.sh/reference/forge/forge-lint#named-struct-fields

note[named-struct-fields]: prefer initializing structs with named fields
  --> test/SineV3SmallReserveFixtures.sol:59:17
   |
59 |         r[48] = Row(611496346050000000000000, 35204165000000000000000, 1000000000000, 1000000000, 10058678778161090950027058);
   |                 ^^^^^^^^^^^^^^^^^^^^^^^^^^^^^^^^^^^^^^^^^^^^^^^^^^^^^^^^^^^^^^^^^^^^^^^^^^^^^^^^^^^^^^^^^^^^^^^^^^^^^^^^^^^^^ help: consider using named fields: `Row({ boot: 611496346050000000000000, wavelength: 35204165000000000000000, reserve: 1000000000000, price: 1000000000, expected: 10058678778161090950027058 })`
   |
   = help: https://book.getfoundry.sh/reference/forge/forge-lint#named-struct-fields

note[named-struct-fields]: prefer initializing structs with named fields
  --> test/SineV3SmallReserveFixtures.sol:60:17
   |
60 |         r[49] = Row(611496346050000000000000, 35204165000000000000000, 1000000000000000, 1000000000, 10058678712922916039435006792);
   |                 ^^^^^^^^^^^^^^^^^^^^^^^^^^^^^^^^^^^^^^^^^^^^^^^^^^^^^^^^^^^^^^^^^^^^^^^^^^^^^^^^^^^^^^^^^^^^^^^^^^^^^^^^^^^^^^^^^^^ help: consider using named fields: `Row({ boot: 611496346050000000000000, wavelength: 35204165000000000000000, reserve: 1000000000000000, price: 1000000000, expected: 10058678712922916039435006792 })`
   |
   = help: https://book.getfoundry.sh/reference/forge/forge-lint#named-struct-fields

note[named-struct-fields]: prefer initializing structs with named fields
  --> test/SineV3SmallReserveFixtures.sol:61:17
   |
61 |         r[50] = Row(611496346050000000000000, 35204165000000000000000, 1, 75000000000000, 134115717);
   |                 ^^^^^^^^^^^^^^^^^^^^^^^^^^^^^^^^^^^^^^^^^^^^^^^^^^^^^^^^^^^^^^^^^^^^^^^^^^^^^^^^^^^^ help: consider using named fields: `Row({ boot: 611496346050000000000000, wavelength: 35204165000000000000000, reserve: 1, price: 75000000000000, expected: 134115717 })`
   |
   = help: https://book.getfoundry.sh/reference/forge/forge-lint#named-struct-fields

note[named-struct-fields]: prefer initializing structs with named fields
  --> test/SineV3SmallReserveFixtures.sol:62:17
   |
62 |         r[51] = Row(611496346050000000000000, 35204165000000000000000, 2, 75000000000000, 268231434);
   |                 ^^^^^^^^^^^^^^^^^^^^^^^^^^^^^^^^^^^^^^^^^^^^^^^^^^^^^^^^^^^^^^^^^^^^^^^^^^^^^^^^^^^^ help: consider using named fields: `Row({ boot: 611496346050000000000000, wavelength: 35204165000000000000000, reserve: 2, price: 75000000000000, expected: 268231434 })`
   |
   = help: https://book.getfoundry.sh/reference/forge/forge-lint#named-struct-fields

note[named-struct-fields]: prefer initializing structs with named fields
  --> test/SineV3SmallReserveFixtures.sol:63:17
   |
63 |         r[52] = Row(611496346050000000000000, 35204165000000000000000, 1000000, 75000000000000, 134115717043018);
   |                 ^^^^^^^^^^^^^^^^^^^^^^^^^^^^^^^^^^^^^^^^^^^^^^^^^^^^^^^^^^^^^^^^^^^^^^^^^^^^^^^^^^^^^^^^^^^^^^^^ help: consider using named fields: `Row({ boot: 611496346050000000000000, wavelength: 35204165000000000000000, reserve: 1000000, price: 75000000000000, expected: 134115717043018 })`
   |
   = help: https://book.getfoundry.sh/reference/forge/forge-lint#named-struct-fields

note[named-struct-fields]: prefer initializing structs with named fields
  --> test/SineV3SmallReserveFixtures.sol:64:17
   |
64 |         r[53] = Row(611496346050000000000000, 35204165000000000000000, 1000000000000, 75000000000000, 134115717042147879333);
   |                 ^^^^^^^^^^^^^^^^^^^^^^^^^^^^^^^^^^^^^^^^^^^^^^^^^^^^^^^^^^^^^^^^^^^^^^^^^^^^^^^^^^^^^^^^^^^^^^^^^^^^^^^^^^^^ help: consider using named fields: `Row({ boot: 611496346050000000000000, wavelength: 35204165000000000000000, reserve: 1000000000000, price: 75000000000000, expected: 134115717042147879333 })`
   |
   = help: https://book.getfoundry.sh/reference/forge/forge-lint#named-struct-fields

note[named-struct-fields]: prefer initializing structs with named fields
  --> test/SineV3SmallReserveFixtures.sol:65:17
   |
65 |         r[54] = Row(611496346050000000000000, 35204165000000000000000, 1000000000000000, 75000000000000, 134115716172305547192466);
   |                 ^^^^^^^^^^^^^^^^^^^^^^^^^^^^^^^^^^^^^^^^^^^^^^^^^^^^^^^^^^^^^^^^^^^^^^^^^^^^^^^^^^^^^^^^^^^^^^^^^^^^^^^^^^^^^^^^^^ help: consider using named fields: `Row({ boot: 611496346050000000000000, wavelength: 35204165000000000000000, reserve: 1000000000000000, price: 75000000000000, expected: 134115716172305547192466 })`
   |
   = help: https://book.getfoundry.sh/reference/forge/forge-lint#named-struct-fields

note[named-struct-fields]: prefer initializing structs with named fields
  --> test/SineV3SmallReserveFixtures.sol:66:17
   |
66 |         r[55] = Row(611496346050000000000000, 35204165000000000000000, 1, 1000000000000000000, 10058);
   |                 ^^^^^^^^^^^^^^^^^^^^^^^^^^^^^^^^^^^^^^^^^^^^^^^^^^^^^^^^^^^^^^^^^^^^^^^^^^^^^^^^^^^^^ help: consider using named fields: `Row({ boot: 611496346050000000000000, wavelength: 35204165000000000000000, reserve: 1, price: 1000000000000000000, expected: 10058 })`
   |
   = help: https://book.getfoundry.sh/reference/forge/forge-lint#named-struct-fields

note[named-struct-fields]: prefer initializing structs with named fields
  --> test/SineV3SmallReserveFixtures.sol:67:17
   |
67 |         r[56] = Row(611496346050000000000000, 35204165000000000000000, 2, 1000000000000000000, 20117);
   |                 ^^^^^^^^^^^^^^^^^^^^^^^^^^^^^^^^^^^^^^^^^^^^^^^^^^^^^^^^^^^^^^^^^^^^^^^^^^^^^^^^^^^^^ help: consider using named fields: `Row({ boot: 611496346050000000000000, wavelength: 35204165000000000000000, reserve: 2, price: 1000000000000000000, expected: 20117 })`
   |
   = help: https://book.getfoundry.sh/reference/forge/forge-lint#named-struct-fields

note[named-struct-fields]: prefer initializing structs with named fields
  --> test/SineV3SmallReserveFixtures.sol:68:17
   |
68 |         r[57] = Row(611496346050000000000000, 35204165000000000000000, 1000000, 1000000000000000000, 10058678778);
   |                 ^^^^^^^^^^^^^^^^^^^^^^^^^^^^^^^^^^^^^^^^^^^^^^^^^^^^^^^^^^^^^^^^^^^^^^^^^^^^^^^^^^^^^^^^^^^^^^^^^ help: consider using named fields: `Row({ boot: 611496346050000000000000, wavelength: 35204165000000000000000, reserve: 1000000, price: 1000000000000000000, expected: 10058678778 })`
   |
   = help: https://book.getfoundry.sh/reference/forge/forge-lint#named-struct-fields

note[named-struct-fields]: prefer initializing structs with named fields
  --> test/SineV3SmallReserveFixtures.sol:69:17
   |
69 |         r[58] = Row(611496346050000000000000, 35204165000000000000000, 1000000000000, 1000000000000000000, 10058678778161090);
   |                 ^^^^^^^^^^^^^^^^^^^^^^^^^^^^^^^^^^^^^^^^^^^^^^^^^^^^^^^^^^^^^^^^^^^^^^^^^^^^^^^^^^^^^^^^^^^^^^^^^^^^^^^^^^^^^ help: consider using named fields: `Row({ boot: 611496346050000000000000, wavelength: 35204165000000000000000, reserve: 1000000000000, price: 1000000000000000000, expected: 10058678778161090 })`
   |
   = help: https://book.getfoundry.sh/reference/forge/forge-lint#named-struct-fields

note[named-struct-fields]: prefer initializing structs with named fields
  --> test/SineV3SmallReserveFixtures.sol:70:17
   |
70 |         r[59] = Row(611496346050000000000000, 35204165000000000000000, 1000000000000000, 1000000000000000000, 10058678712922916039);
   |                 ^^^^^^^^^^^^^^^^^^^^^^^^^^^^^^^^^^^^^^^^^^^^^^^^^^^^^^^^^^^^^^^^^^^^^^^^^^^^^^^^^^^^^^^^^^^^^^^^^^^^^^^^^^^^^^^^^^^ help: consider using named fields: `Row({ boot: 611496346050000000000000, wavelength: 35204165000000000000000, reserve: 1000000000000000, price: 1000000000000000000, expected: 10058678712922916039 })`
   |
   = help: https://book.getfoundry.sh/reference/forge/forge-lint#named-struct-fields

note[named-struct-fields]: prefer initializing structs with named fields
  --> test/SineV3SmallReserveFixtures.sol:71:17
   |
71 |         r[60] = Row(8301454222222222222222222, 129710222222222222222222, 1, 1000000000, 25343117354595023);
   |                 ^^^^^^^^^^^^^^^^^^^^^^^^^^^^^^^^^^^^^^^^^^^^^^^^^^^^^^^^^^^^^^^^^^^^^^^^^^^^^^^^^^^^^^^^^^ help: consider using named fields: `Row({ boot: 8301454222222222222222222, wavelength: 129710222222222222222222, reserve: 1, price: 1000000000, expected: 25343117354595023 })`
   |
   = help: https://book.getfoundry.sh/reference/forge/forge-lint#named-struct-fields

note[named-struct-fields]: prefer initializing structs with named fields
  --> test/SineV3SmallReserveFixtures.sol:72:17
   |
72 |         r[61] = Row(8301454222222222222222222, 129710222222222222222222, 2, 1000000000, 50686234709190047);
   |                 ^^^^^^^^^^^^^^^^^^^^^^^^^^^^^^^^^^^^^^^^^^^^^^^^^^^^^^^^^^^^^^^^^^^^^^^^^^^^^^^^^^^^^^^^^^ help: consider using named fields: `Row({ boot: 8301454222222222222222222, wavelength: 129710222222222222222222, reserve: 2, price: 1000000000, expected: 50686234709190047 })`
   |
   = help: https://book.getfoundry.sh/reference/forge/forge-lint#named-struct-fields

note[named-struct-fields]: prefer initializing structs with named fields
  --> test/SineV3SmallReserveFixtures.sol:73:17
   |
73 |         r[62] = Row(8301454222222222222222222, 129710222222222222222222, 1000000, 1000000000, 25343117354595023629094);
   |                 ^^^^^^^^^^^^^^^^^^^^^^^^^^^^^^^^^^^^^^^^^^^^^^^^^^^^^^^^^^^^^^^^^^^^^^^^^^^^^^^^^^^^^^^^^^^^^^^^^^^^^^ help: consider using named fields: `Row({ boot: 8301454222222222222222222, wavelength: 129710222222222222222222, reserve: 1000000, price: 1000000000, expected: 25343117354595023629094 })`
   |
   = help: https://book.getfoundry.sh/reference/forge/forge-lint#named-struct-fields

note[named-struct-fields]: prefer initializing structs with named fields
  --> test/SineV3SmallReserveFixtures.sol:74:17
   |
74 |         r[63] = Row(8301454222222222222222222, 129710222222222222222222, 1000000000000, 1000000000, 25343117354595023629094232276);
   |                 ^^^^^^^^^^^^^^^^^^^^^^^^^^^^^^^^^^^^^^^^^^^^^^^^^^^^^^^^^^^^^^^^^^^^^^^^^^^^^^^^^^^^^^^^^^^^^^^^^^^^^^^^^^^^^^^^^^ help: consider using named fields: `Row({ boot: 8301454222222222222222222, wavelength: 129710222222222222222222, reserve: 1000000000000, price: 1000000000, expected: 25343117354595023629094232276 })`
   |
   = help: https://book.getfoundry.sh/reference/forge/forge-lint#named-struct-fields

note[named-struct-fields]: prefer initializing structs with named fields
  --> test/SineV3SmallReserveFixtures.sol:75:17
   |
75 | ... = Row(8301454222222222222222222, 129710222222222222222222, 1000000000000000, 1000000000, 25343117354595023629094230053734);
   |       ^^^^^^^^^^^^^^^^^^^^^^^^^^^^^^^^^^^^^^^^^^^^^^^^^^^^^^^^^^^^^^^^^^^^^^^^^^^^^^^^^^^^^^^^^^^^^^^^^^^^^^^^^^^^^^^^^^^^^^^^ help: consider using named fields: `Row({ boot: 8301454222222222222222222, wavelength: 129710222222222222222222, reserve: 1000000000000000, price: 1000000000, expected: 25343117354595023629094230053734 })`
   |
   = help: https://book.getfoundry.sh/reference/forge/forge-lint#named-struct-fields

note[named-struct-fields]: prefer initializing structs with named fields
  --> test/SineV3SmallReserveFixtures.sol:76:17
   |
76 |         r[65] = Row(8301454222222222222222222, 129710222222222222222222, 1, 75000000000000, 337908231394);
   |                 ^^^^^^^^^^^^^^^^^^^^^^^^^^^^^^^^^^^^^^^^^^^^^^^^^^^^^^^^^^^^^^^^^^^^^^^^^^^^^^^^^^^^^^^^^ help: consider using named fields: `Row({ boot: 8301454222222222222222222, wavelength: 129710222222222222222222, reserve: 1, price: 75000000000000, expected: 337908231394 })`
   |
   = help: https://book.getfoundry.sh/reference/forge/forge-lint#named-struct-fields

note[named-struct-fields]: prefer initializing structs with named fields
  --> test/SineV3SmallReserveFixtures.sol:77:17
   |
77 |         r[66] = Row(8301454222222222222222222, 129710222222222222222222, 2, 75000000000000, 675816462789);
   |                 ^^^^^^^^^^^^^^^^^^^^^^^^^^^^^^^^^^^^^^^^^^^^^^^^^^^^^^^^^^^^^^^^^^^^^^^^^^^^^^^^^^^^^^^^^ help: consider using named fields: `Row({ boot: 8301454222222222222222222, wavelength: 129710222222222222222222, reserve: 2, price: 75000000000000, expected: 675816462789 })`
   |
   = help: https://book.getfoundry.sh/reference/forge/forge-lint#named-struct-fields

note[named-struct-fields]: prefer initializing structs with named fields
  --> test/SineV3SmallReserveFixtures.sol:78:17
   |
78 |         r[67] = Row(8301454222222222222222222, 129710222222222222222222, 1000000, 75000000000000, 337908231394600315);
   |                 ^^^^^^^^^^^^^^^^^^^^^^^^^^^^^^^^^^^^^^^^^^^^^^^^^^^^^^^^^^^^^^^^^^^^^^^^^^^^^^^^^^^^^^^^^^^^^^^^^^^^^ help: consider using named fields: `Row({ boot: 8301454222222222222222222, wavelength: 129710222222222222222222, reserve: 1000000, price: 75000000000000, expected: 337908231394600315 })`
   |
   = help: https://book.getfoundry.sh/reference/forge/forge-lint#named-struct-fields

note[named-struct-fields]: prefer initializing structs with named fields
  --> test/SineV3SmallReserveFixtures.sol:79:17
   |
79 |         r[68] = Row(8301454222222222222222222, 129710222222222222222222, 1000000000000, 75000000000000, 337908231394600315054589);
   |                 ^^^^^^^^^^^^^^^^^^^^^^^^^^^^^^^^^^^^^^^^^^^^^^^^^^^^^^^^^^^^^^^^^^^^^^^^^^^^^^^^^^^^^^^^^^^^^^^^^^^^^^^^^^^^^^^^^ help: consider using named fields: `Row({ boot: 8301454222222222222222222, wavelength: 129710222222222222222222, reserve: 1000000000000, price: 75000000000000, expected: 337908231394600315054589 })`
   |
   = help: https://book.getfoundry.sh/reference/forge/forge-lint#named-struct-fields

note[named-struct-fields]: prefer initializing structs with named fields
  --> test/SineV3SmallReserveFixtures.sol:80:17
   |
80 | ... = Row(8301454222222222222222222, 129710222222222222222222, 1000000000000000, 75000000000000, 337908231394600315054589734);
   |       ^^^^^^^^^^^^^^^^^^^^^^^^^^^^^^^^^^^^^^^^^^^^^^^^^^^^^^^^^^^^^^^^^^^^^^^^^^^^^^^^^^^^^^^^^^^^^^^^^^^^^^^^^^^^^^^^^^^^^^^ help: consider using named fields: `Row({ boot: 8301454222222222222222222, wavelength: 129710222222222222222222, reserve: 1000000000000000, price: 75000000000000, expected: 337908231394600315054589734 })`
   |
   = help: https://book.getfoundry.sh/reference/forge/forge-lint#named-struct-fields

note[named-struct-fields]: prefer initializing structs with named fields
  --> test/SineV3SmallReserveFixtures.sol:81:17
   |
81 |         r[70] = Row(8301454222222222222222222, 129710222222222222222222, 1, 1000000000000000000, 25343117);
   |                 ^^^^^^^^^^^^^^^^^^^^^^^^^^^^^^^^^^^^^^^^^^^^^^^^^^^^^^^^^^^^^^^^^^^^^^^^^^^^^^^^^^^^^^^^^^ help: consider using named fields: `Row({ boot: 8301454222222222222222222, wavelength: 129710222222222222222222, reserve: 1, price: 1000000000000000000, expected: 25343117 })`
   |
   = help: https://book.getfoundry.sh/reference/forge/forge-lint#named-struct-fields

note[named-struct-fields]: prefer initializing structs with named fields
  --> test/SineV3SmallReserveFixtures.sol:82:17
   |
82 |         r[71] = Row(8301454222222222222222222, 129710222222222222222222, 2, 1000000000000000000, 50686234);
   |                 ^^^^^^^^^^^^^^^^^^^^^^^^^^^^^^^^^^^^^^^^^^^^^^^^^^^^^^^^^^^^^^^^^^^^^^^^^^^^^^^^^^^^^^^^^^ help: consider using named fields: `Row({ boot: 8301454222222222222222222, wavelength: 129710222222222222222222, reserve: 2, price: 1000000000000000000, expected: 50686234 })`
   |
   = help: https://book.getfoundry.sh/reference/forge/forge-lint#named-struct-fields

note[named-struct-fields]: prefer initializing structs with named fields
  --> test/SineV3SmallReserveFixtures.sol:83:17
   |
83 |         r[72] = Row(8301454222222222222222222, 129710222222222222222222, 1000000, 1000000000000000000, 25343117354595);
   |                 ^^^^^^^^^^^^^^^^^^^^^^^^^^^^^^^^^^^^^^^^^^^^^^^^^^^^^^^^^^^^^^^^^^^^^^^^^^^^^^^^^^^^^^^^^^^^^^^^^^^^^^ help: consider using named fields: `Row({ boot: 8301454222222222222222222, wavelength: 129710222222222222222222, reserve: 1000000, price: 1000000000000000000, expected: 25343117354595 })`
   |
   = help: https://book.getfoundry.sh/reference/forge/forge-lint#named-struct-fields

note[named-struct-fields]: prefer initializing structs with named fields
  --> test/SineV3SmallReserveFixtures.sol:84:17
   |
84 |         r[73] = Row(8301454222222222222222222, 129710222222222222222222, 1000000000000, 1000000000000000000, 25343117354595023629);
   |                 ^^^^^^^^^^^^^^^^^^^^^^^^^^^^^^^^^^^^^^^^^^^^^^^^^^^^^^^^^^^^^^^^^^^^^^^^^^^^^^^^^^^^^^^^^^^^^^^^^^^^^^^^^^^^^^^^^^ help: consider using named fields: `Row({ boot: 8301454222222222222222222, wavelength: 129710222222222222222222, reserve: 1000000000000, price: 1000000000000000000, expected: 25343117354595023629 })`
   |
   = help: https://book.getfoundry.sh/reference/forge/forge-lint#named-struct-fields

note[named-struct-fields]: prefer initializing structs with named fields
  --> test/SineV3SmallReserveFixtures.sol:85:17
   |
85 | ... = Row(8301454222222222222222222, 129710222222222222222222, 1000000000000000, 1000000000000000000, 25343117354595023629094);
   |       ^^^^^^^^^^^^^^^^^^^^^^^^^^^^^^^^^^^^^^^^^^^^^^^^^^^^^^^^^^^^^^^^^^^^^^^^^^^^^^^^^^^^^^^^^^^^^^^^^^^^^^^^^^^^^^^^^^^^^^^^ help: consider using named fields: `Row({ boot: 8301454222222222222222222, wavelength: 129710222222222222222222, reserve: 1000000000000000, price: 1000000000000000000, expected: 25343117354595023629094 })`
   |
   = help: https://book.getfoundry.sh/reference/forge/forge-lint#named-struct-fields

note[named-struct-fields]: prefer initializing structs with named fields
  --> test/SineV3SmallReserveFixtures.sol:86:17
   |
86 |         r[75] = Row(8397717244938888888888888, 130460109444444444444444, 1, 1000000000, 26102313889841033);
   |                 ^^^^^^^^^^^^^^^^^^^^^^^^^^^^^^^^^^^^^^^^^^^^^^^^^^^^^^^^^^^^^^^^^^^^^^^^^^^^^^^^^^^^^^^^^^ help: consider using named fields: `Row({ boot: 8397717244938888888888888, wavelength: 130460109444444444444444, reserve: 1, price: 1000000000, expected: 26102313889841033 })`
   |
   = help: https://book.getfoundry.sh/reference/forge/forge-lint#named-struct-fields

note[named-struct-fields]: prefer initializing structs with named fields
  --> test/SineV3SmallReserveFixtures.sol:87:17
   |
87 |         r[76] = Row(8397717244938888888888888, 130460109444444444444444, 2, 1000000000, 52204627779682066);
   |                 ^^^^^^^^^^^^^^^^^^^^^^^^^^^^^^^^^^^^^^^^^^^^^^^^^^^^^^^^^^^^^^^^^^^^^^^^^^^^^^^^^^^^^^^^^^ help: consider using named fields: `Row({ boot: 8397717244938888888888888, wavelength: 130460109444444444444444, reserve: 2, price: 1000000000, expected: 52204627779682066 })`
   |
   = help: https://book.getfoundry.sh/reference/forge/forge-lint#named-struct-fields

note[named-struct-fields]: prefer initializing structs with named fields
  --> test/SineV3SmallReserveFixtures.sol:88:17
   |
88 |         r[77] = Row(8397717244938888888888888, 130460109444444444444444, 1000000, 1000000000, 26102313889841033126870);
   |                 ^^^^^^^^^^^^^^^^^^^^^^^^^^^^^^^^^^^^^^^^^^^^^^^^^^^^^^^^^^^^^^^^^^^^^^^^^^^^^^^^^^^^^^^^^^^^^^^^^^^^^^ help: consider using named fields: `Row({ boot: 8397717244938888888888888, wavelength: 130460109444444444444444, reserve: 1000000, price: 1000000000, expected: 26102313889841033126870 })`
   |
   = help: https://book.getfoundry.sh/reference/forge/forge-lint#named-struct-fields

note[named-struct-fields]: prefer initializing structs with named fields
  --> test/SineV3SmallReserveFixtures.sol:89:17
   |
89 |         r[78] = Row(8397717244938888888888888, 130460109444444444444444, 1000000000000, 1000000000, 26102313889821473645899682716);
   |                 ^^^^^^^^^^^^^^^^^^^^^^^^^^^^^^^^^^^^^^^^^^^^^^^^^^^^^^^^^^^^^^^^^^^^^^^^^^^^^^^^^^^^^^^^^^^^^^^^^^^^^^^^^^^^^^^^^^ help: consider using named fields: `Row({ boot: 8397717244938888888888888, wavelength: 130460109444444444444444, reserve: 1000000000000, price: 1000000000, expected: 26102313889821473645899682716 })`
   |
   = help: https://book.getfoundry.sh/reference/forge/forge-lint#named-struct-fields

note[named-struct-fields]: prefer initializing structs with named fields
  --> test/SineV3SmallReserveFixtures.sol:90:17
   |
90 | ... = Row(8397717244938888888888888, 130460109444444444444444, 1000000000000000, 1000000000, 26102313870281532761175918997386);
   |       ^^^^^^^^^^^^^^^^^^^^^^^^^^^^^^^^^^^^^^^^^^^^^^^^^^^^^^^^^^^^^^^^^^^^^^^^^^^^^^^^^^^^^^^^^^^^^^^^^^^^^^^^^^^^^^^^^^^^^^^^ help: consider using named fields: `Row({ boot: 8397717244938888888888888, wavelength: 130460109444444444444444, reserve: 1000000000000000, price: 1000000000, expected: 26102313870281532761175918997386 })`
   |
   = help: https://book.getfoundry.sh/reference/forge/forge-lint#named-struct-fields

note[named-struct-fields]: prefer initializing structs with named fields
  --> test/SineV3SmallReserveFixtures.sol:91:17
   |
91 |         r[80] = Row(8397717244938888888888888, 130460109444444444444444, 1, 75000000000000, 348030851864);
   |                 ^^^^^^^^^^^^^^^^^^^^^^^^^^^^^^^^^^^^^^^^^^^^^^^^^^^^^^^^^^^^^^^^^^^^^^^^^^^^^^^^^^^^^^^^^ help: consider using named fields: `Row({ boot: 8397717244938888888888888, wavelength: 130460109444444444444444, reserve: 1, price: 75000000000000, expected: 348030851864 })`
   |
   = help: https://book.getfoundry.sh/reference/forge/forge-lint#named-struct-fields

note[named-struct-fields]: prefer initializing structs with named fields
  --> test/SineV3SmallReserveFixtures.sol:92:17
   |
92 |         r[81] = Row(8397717244938888888888888, 130460109444444444444444, 2, 75000000000000, 696061703729);
   |                 ^^^^^^^^^^^^^^^^^^^^^^^^^^^^^^^^^^^^^^^^^^^^^^^^^^^^^^^^^^^^^^^^^^^^^^^^^^^^^^^^^^^^^^^^^ help: consider using named fields: `Row({ boot: 8397717244938888888888888, wavelength: 130460109444444444444444, reserve: 2, price: 75000000000000, expected: 696061703729 })`
   |
   = help: https://book.getfoundry.sh/reference/forge/forge-lint#named-struct-fields

note[named-struct-fields]: prefer initializing structs with named fields
  --> test/SineV3SmallReserveFixtures.sol:93:17
   |
93 |         r[82] = Row(8397717244938888888888888, 130460109444444444444444, 1000000, 75000000000000, 348030851864547108);
   |                 ^^^^^^^^^^^^^^^^^^^^^^^^^^^^^^^^^^^^^^^^^^^^^^^^^^^^^^^^^^^^^^^^^^^^^^^^^^^^^^^^^^^^^^^^^^^^^^^^^^^^^ help: consider using named fields: `Row({ boot: 8397717244938888888888888, wavelength: 130460109444444444444444, reserve: 1000000, price: 75000000000000, expected: 348030851864547108 })`
   |
   = help: https://book.getfoundry.sh/reference/forge/forge-lint#named-struct-fields

note[named-struct-fields]: prefer initializing structs with named fields
  --> test/SineV3SmallReserveFixtures.sol:94:17
   |
94 |         r[83] = Row(8397717244938888888888888, 130460109444444444444444, 1000000000000, 75000000000000, 348030851864286315278662);
   |                 ^^^^^^^^^^^^^^^^^^^^^^^^^^^^^^^^^^^^^^^^^^^^^^^^^^^^^^^^^^^^^^^^^^^^^^^^^^^^^^^^^^^^^^^^^^^^^^^^^^^^^^^^^^^^^^^^^ help: consider using named fields: `Row({ boot: 8397717244938888888888888, wavelength: 130460109444444444444444, reserve: 1000000000000, price: 75000000000000, expected: 348030851864286315278662 })`
   |
   = help: https://book.getfoundry.sh/reference/forge/forge-lint#named-struct-fields

note[named-struct-fields]: prefer initializing structs with named fields
  --> test/SineV3SmallReserveFixtures.sol:95:17
   |
95 | ... = Row(8397717244938888888888888, 130460109444444444444444, 1000000000000000, 75000000000000, 348030851603753770149012253);
   |       ^^^^^^^^^^^^^^^^^^^^^^^^^^^^^^^^^^^^^^^^^^^^^^^^^^^^^^^^^^^^^^^^^^^^^^^^^^^^^^^^^^^^^^^^^^^^^^^^^^^^^^^^^^^^^^^^^^^^^^^ help: consider using named fields: `Row({ boot: 8397717244938888888888888, wavelength: 130460109444444444444444, reserve: 1000000000000000, price: 75000000000000, expected: 348030851603753770149012253 })`
   |
   = help: https://book.getfoundry.sh/reference/forge/forge-lint#named-struct-fields

note[named-struct-fields]: prefer initializing structs with named fields
  --> test/SineV3SmallReserveFixtures.sol:96:17
   |
96 |         r[85] = Row(8397717244938888888888888, 130460109444444444444444, 1, 1000000000000000000, 26102313);
   |                 ^^^^^^^^^^^^^^^^^^^^^^^^^^^^^^^^^^^^^^^^^^^^^^^^^^^^^^^^^^^^^^^^^^^^^^^^^^^^^^^^^^^^^^^^^^ help: consider using named fields: `Row({ boot: 8397717244938888888888888, wavelength: 130460109444444444444444, reserve: 1, price: 1000000000000000000, expected: 26102313 })`
   |
   = help: https://book.getfoundry.sh/reference/forge/forge-lint#named-struct-fields

note[named-struct-fields]: prefer initializing structs with named fields
  --> test/SineV3SmallReserveFixtures.sol:97:17
   |
97 |         r[86] = Row(8397717244938888888888888, 130460109444444444444444, 2, 1000000000000000000, 52204627);
   |                 ^^^^^^^^^^^^^^^^^^^^^^^^^^^^^^^^^^^^^^^^^^^^^^^^^^^^^^^^^^^^^^^^^^^^^^^^^^^^^^^^^^^^^^^^^^ help: consider using named fields: `Row({ boot: 8397717244938888888888888, wavelength: 130460109444444444444444, reserve: 2, price: 1000000000000000000, expected: 52204627 })`
   |
   = help: https://book.getfoundry.sh/reference/forge/forge-lint#named-struct-fields

note[named-struct-fields]: prefer initializing structs with named fields
  --> test/SineV3SmallReserveFixtures.sol:98:17
   |
98 |         r[87] = Row(8397717244938888888888888, 130460109444444444444444, 1000000, 1000000000000000000, 26102313889841);
   |                 ^^^^^^^^^^^^^^^^^^^^^^^^^^^^^^^^^^^^^^^^^^^^^^^^^^^^^^^^^^^^^^^^^^^^^^^^^^^^^^^^^^^^^^^^^^^^^^^^^^^^^^ help: consider using named fields: `Row({ boot: 8397717244938888888888888, wavelength: 130460109444444444444444, reserve: 1000000, price: 1000000000000000000, expected: 26102313889841 })`
   |
   = help: https://book.getfoundry.sh/reference/forge/forge-lint#named-struct-fields

note[named-struct-fields]: prefer initializing structs with named fields
  --> test/SineV3SmallReserveFixtures.sol:99:17
   |
99 |         r[88] = Row(8397717244938888888888888, 130460109444444444444444, 1000000000000, 1000000000000000000, 26102313889821473645);
   |                 ^^^^^^^^^^^^^^^^^^^^^^^^^^^^^^^^^^^^^^^^^^^^^^^^^^^^^^^^^^^^^^^^^^^^^^^^^^^^^^^^^^^^^^^^^^^^^^^^^^^^^^^^^^^^^^^^^^ help: consider using named fields: `Row({ boot: 8397717244938888888888888, wavelength: 130460109444444444444444, reserve: 1000000000000, price: 1000000000000000000, expected: 26102313889821473645 })`
   |
   = help: https://book.getfoundry.sh/reference/forge/forge-lint#named-struct-fields

note[named-struct-fields]: prefer initializing structs with named fields
   --> test/SineV3SmallReserveFixtures.sol:100:17
    |
100 | ... = Row(8397717244938888888888888, 130460109444444444444444, 1000000000000000, 1000000000000000000, 26102313870281532761175);
    |       ^^^^^^^^^^^^^^^^^^^^^^^^^^^^^^^^^^^^^^^^^^^^^^^^^^^^^^^^^^^^^^^^^^^^^^^^^^^^^^^^^^^^^^^^^^^^^^^^^^^^^^^^^^^^^^^^^^^^^^^^ help: consider using named fields: `Row({ boot: 8397717244938888888888888, wavelength: 130460109444444444444444, reserve: 1000000000000000, price: 1000000000000000000, expected: 26102313870281532761175 })`
    |
    = help: https://book.getfoundry.sh/reference/forge/forge-lint#named-struct-fields

note[named-struct-fields]: prefer initializing structs with named fields
   --> test/SineV3SmallReserveFixtures.sol:101:17
    |
101 |         r[90] = Row(20267222222222222222222222, 202672222222222222222222, 1, 1000000000, 919188104066853572);
    |                 ^^^^^^^^^^^^^^^^^^^^^^^^^^^^^^^^^^^^^^^^^^^^^^^^^^^^^^^^^^^^^^^^^^^^^^^^^^^^^^^^^^^^^^^^^^^^ help: consider using named fields: `Row({ boot: 20267222222222222222222222, wavelength: 202672222222222222222222, reserve: 1, price: 1000000000, expected: 919188104066853572 })`
    |
    = help: https://book.getfoundry.sh/reference/forge/forge-lint#named-struct-fields

note[named-struct-fields]: prefer initializing structs with named fields
   --> test/SineV3SmallReserveFixtures.sol:102:17
    |
102 |         r[91] = Row(20267222222222222222222222, 202672222222222222222222, 2, 1000000000, 1838376208133707145);
    |                 ^^^^^^^^^^^^^^^^^^^^^^^^^^^^^^^^^^^^^^^^^^^^^^^^^^^^^^^^^^^^^^^^^^^^^^^^^^^^^^^^^^^^^^^^^^^^^ help: consider using named fields: `Row({ boot: 20267222222222222222222222, wavelength: 202672222222222222222222, reserve: 2, price: 1000000000, expected: 1838376208133707145 })`
    |
    = help: https://book.getfoundry.sh/reference/forge/forge-lint#named-struct-fields

note[named-struct-fields]: prefer initializing structs with named fields
   --> test/SineV3SmallReserveFixtures.sol:103:17
    |
103 |         r[92] = Row(20267222222222222222222222, 202672222222222222222222, 1000000, 1000000000, 919188104066853572795037);
    |                 ^^^^^^^^^^^^^^^^^^^^^^^^^^^^^^^^^^^^^^^^^^^^^^^^^^^^^^^^^^^^^^^^^^^^^^^^^^^^^^^^^^^^^^^^^^^^^^^^^^^^^^^^ help: consider using named fields: `Row({ boot: 20267222222222222222222222, wavelength: 202672222222222222222222, reserve: 1000000, price: 1000000000, expected: 919188104066853572795037 })`
    |
    = help: https://book.getfoundry.sh/reference/forge/forge-lint#named-struct-fields

note[named-struct-fields]: prefer initializing structs with named fields
   --> test/SineV3SmallReserveFixtures.sol:104:17
    |
104 |         r[93] = Row(20267222222222222222222222, 202672222222222222222222, 1000000000000, 1000000000, 919188104066853572795037934836);
    |                 ^^^^^^^^^^^^^^^^^^^^^^^^^^^^^^^^^^^^^^^^^^^^^^^^^^^^^^^^^^^^^^^^^^^^^^^^^^^^^^^^^^^^^^^^^^^^^^^^^^^^^^^^^^^^^^^^^^^^ help: consider using named fields: `Row({ boot: 20267222222222222222222222, wavelength: 202672222222222222222222, reserve: 1000000000000, price: 1000000000, expected: 919188104066853572795037934836 })`
    |
    = help: https://book.getfoundry.sh/reference/forge/forge-lint#named-struct-fields

note[named-struct-fields]: prefer initializing structs with named fields
   --> test/SineV3SmallReserveFixtures.sol:105:17
    |
105 | ... = Row(20267222222222222222222222, 202672222222222222222222, 1000000000000000, 1000000000, 919188104066853572795037919081797);
    |       ^^^^^^^^^^^^^^^^^^^^^^^^^^^^^^^^^^^^^^^^^^^^^^^^^^^^^^^^^^^^^^^^^^^^^^^^^^^^^^^^^^^^^^^^^^^^^^^^^^^^^^^^^^^^^^^^^^^^^^^^^^ help: consider using named fields: `Row({ boot: 20267222222222222222222222, wavelength: 202672222222222222222222, reserve: 1000000000000000, price: 1000000000, expected: 919188104066853572795037919081797 })`
    |
    = help: https://book.getfoundry.sh/reference/forge/forge-lint#named-struct-fields

note[named-struct-fields]: prefer initializing structs with named fields
   --> test/SineV3SmallReserveFixtures.sol:106:17
    |
106 |         r[95] = Row(20267222222222222222222222, 202672222222222222222222, 1, 75000000000000, 12255841387558);
    |                 ^^^^^^^^^^^^^^^^^^^^^^^^^^^^^^^^^^^^^^^^^^^^^^^^^^^^^^^^^^^^^^^^^^^^^^^^^^^^^^^^^^^^^^^^^^^^ help: consider using named fields: `Row({ boot: 20267222222222222222222222, wavelength: 202672222222222222222222, reserve: 1, price: 75000000000000, expected: 12255841387558 })`
    |
    = help: https://book.getfoundry.sh/reference/forge/forge-lint#named-struct-fields

note[named-struct-fields]: prefer initializing structs with named fields
   --> test/SineV3SmallReserveFixtures.sol:107:17
    |
107 |         r[96] = Row(20267222222222222222222222, 202672222222222222222222, 2, 75000000000000, 24511682775116);
    |                 ^^^^^^^^^^^^^^^^^^^^^^^^^^^^^^^^^^^^^^^^^^^^^^^^^^^^^^^^^^^^^^^^^^^^^^^^^^^^^^^^^^^^^^^^^^^^ help: consider using named fields: `Row({ boot: 20267222222222222222222222, wavelength: 202672222222222222222222, reserve: 2, price: 75000000000000, expected: 24511682775116 })`
    |
    = help: https://book.getfoundry.sh/reference/forge/forge-lint#named-struct-fields

note[named-struct-fields]: prefer initializing structs with named fields
   --> test/SineV3SmallReserveFixtures.sol:108:17
    |
108 |         r[97] = Row(20267222222222222222222222, 202672222222222222222222, 1000000, 75000000000000, 12255841387558047637);
    |                 ^^^^^^^^^^^^^^^^^^^^^^^^^^^^^^^^^^^^^^^^^^^^^^^^^^^^^^^^^^^^^^^^^^^^^^^^^^^^^^^^^^^^^^^^^^^^^^^^^^^^^^^^ help: consider using named fields: `Row({ boot: 20267222222222222222222222, wavelength: 202672222222222222222222, reserve: 1000000, price: 75000000000000, expected: 12255841387558047637 })`
    |
    = help: https://book.getfoundry.sh/reference/forge/forge-lint#named-struct-fields

note[named-struct-fields]: prefer initializing structs with named fields
   --> test/SineV3SmallReserveFixtures.sol:109:17
    |
109 |         r[98] = Row(20267222222222222222222222, 202672222222222222222222, 1000000000000, 75000000000000, 12255841387558047637267172);
    |                 ^^^^^^^^^^^^^^^^^^^^^^^^^^^^^^^^^^^^^^^^^^^^^^^^^^^^^^^^^^^^^^^^^^^^^^^^^^^^^^^^^^^^^^^^^^^^^^^^^^^^^^^^^^^^^^^^^^^^ help: consider using named fields: `Row({ boot: 20267222222222222222222222, wavelength: 202672222222222222222222, reserve: 1000000000000, price: 75000000000000, expected: 12255841387558047637267172 })`
    |
    = help: https://book.getfoundry.sh/reference/forge/forge-lint#named-struct-fields

note[named-struct-fields]: prefer initializing structs with named fields
   --> test/SineV3SmallReserveFixtures.sol:110:17
    |
110 | ... = Row(20267222222222222222222222, 202672222222222222222222, 1000000000000000, 75000000000000, 12255841387558047637267172254);
    |       ^^^^^^^^^^^^^^^^^^^^^^^^^^^^^^^^^^^^^^^^^^^^^^^^^^^^^^^^^^^^^^^^^^^^^^^^^^^^^^^^^^^^^^^^^^^^^^^^^^^^^^^^^^^^^^^^^^^^^^^^^^ help: consider using named fields: `Row({ boot: 20267222222222222222222222, wavelength: 202672222222222222222222, reserve: 1000000000000000, price: 75000000000000, expected: 12255841387558047637267172254 })`
    |
    = help: https://book.getfoundry.sh/reference/forge/forge-lint#named-struct-fields

note[named-struct-fields]: prefer initializing structs with named fields
   --> test/SineV3SmallReserveFixtures.sol:111:18
    |
111 |         r[100] = Row(20267222222222222222222222, 202672222222222222222222, 1, 1000000000000000000, 919188104);
    |                  ^^^^^^^^^^^^^^^^^^^^^^^^^^^^^^^^^^^^^^^^^^^^^^^^^^^^^^^^^^^^^^^^^^^^^^^^^^^^^^^^^^^^^^^^^^^^ help: consider using named fields: `Row({ boot: 20267222222222222222222222, wavelength: 202672222222222222222222, reserve: 1, price: 1000000000000000000, expected: 919188104 })`
    |
    = help: https://book.getfoundry.sh/reference/forge/forge-lint#named-struct-fields

note[named-struct-fields]: prefer initializing structs with named fields
   --> test/SineV3SmallReserveFixtures.sol:112:18
    |
112 |         r[101] = Row(20267222222222222222222222, 202672222222222222222222, 2, 1000000000000000000, 1838376208);
    |                  ^^^^^^^^^^^^^^^^^^^^^^^^^^^^^^^^^^^^^^^^^^^^^^^^^^^^^^^^^^^^^^^^^^^^^^^^^^^^^^^^^^^^^^^^^^^^^ help: consider using named fields: `Row({ boot: 20267222222222222222222222, wavelength: 202672222222222222222222, reserve: 2, price: 1000000000000000000, expected: 1838376208 })`
    |
    = help: https://book.getfoundry.sh/reference/forge/forge-lint#named-struct-fields

note[named-struct-fields]: prefer initializing structs with named fields
   --> test/SineV3SmallReserveFixtures.sol:113:18
    |
113 |         r[102] = Row(20267222222222222222222222, 202672222222222222222222, 1000000, 1000000000000000000, 919188104066853);
    |                  ^^^^^^^^^^^^^^^^^^^^^^^^^^^^^^^^^^^^^^^^^^^^^^^^^^^^^^^^^^^^^^^^^^^^^^^^^^^^^^^^^^^^^^^^^^^^^^^^^^^^^^^^ help: consider using named fields: `Row({ boot: 20267222222222222222222222, wavelength: 202672222222222222222222, reserve: 1000000, price: 1000000000000000000, expected: 919188104066853 })`
    |
    = help: https://book.getfoundry.sh/reference/forge/forge-lint#named-struct-fields

note[named-struct-fields]: prefer initializing structs with named fields
   --> test/SineV3SmallReserveFixtures.sol:114:18
    |
114 |         r[103] = Row(20267222222222222222222222, 202672222222222222222222, 1000000000000, 1000000000000000000, 919188104066853572795);
    |                  ^^^^^^^^^^^^^^^^^^^^^^^^^^^^^^^^^^^^^^^^^^^^^^^^^^^^^^^^^^^^^^^^^^^^^^^^^^^^^^^^^^^^^^^^^^^^^^^^^^^^^^^^^^^^^^^^^^^^ help: consider using named fields: `Row({ boot: 20267222222222222222222222, wavelength: 202672222222222222222222, reserve: 1000000000000, price: 1000000000000000000, expected: 919188104066853572795 })`
    |
    = help: https://book.getfoundry.sh/reference/forge/forge-lint#named-struct-fields

note[named-struct-fields]: prefer initializing structs with named fields
   --> test/SineV3SmallReserveFixtures.sol:115:18
    |
115 | ... = Row(20267222222222222222222222, 202672222222222222222222, 1000000000000000, 1000000000000000000, 919188104066853572795037);
    |       ^^^^^^^^^^^^^^^^^^^^^^^^^^^^^^^^^^^^^^^^^^^^^^^^^^^^^^^^^^^^^^^^^^^^^^^^^^^^^^^^^^^^^^^^^^^^^^^^^^^^^^^^^^^^^^^^^^^^^^^^^^ help: consider using named fields: `Row({ boot: 20267222222222222222222222, wavelength: 202672222222222222222222, reserve: 1000000000000000, price: 1000000000000000000, expected: 919188104066853572795037 })`
    |
    = help: https://book.getfoundry.sh/reference/forge/forge-lint#named-struct-fields

note[named-struct-fields]: prefer initializing structs with named fields
   --> test/SineV3SmallReserveFixtures.sol:116:18
    |
116 |         r[105] = Row(20417477124938888888888888, 203422109444444444444444, 1, 1000000000, 939645849423800988);
    |                  ^^^^^^^^^^^^^^^^^^^^^^^^^^^^^^^^^^^^^^^^^^^^^^^^^^^^^^^^^^^^^^^^^^^^^^^^^^^^^^^^^^^^^^^^^^^^ help: consider using named fields: `Row({ boot: 20417477124938888888888888, wavelength: 203422109444444444444444, reserve: 1, price: 1000000000, expected: 939645849423800988 })`
    |
    = help: https://book.getfoundry.sh/reference/forge/forge-lint#named-struct-fields

note[named-struct-fields]: prefer initializing structs with named fields
   --> test/SineV3SmallReserveFixtures.sol:117:18
    |
117 |         r[106] = Row(20417477124938888888888888, 203422109444444444444444, 2, 1000000000, 1879291698847601977);
    |                  ^^^^^^^^^^^^^^^^^^^^^^^^^^^^^^^^^^^^^^^^^^^^^^^^^^^^^^^^^^^^^^^^^^^^^^^^^^^^^^^^^^^^^^^^^^^^^ help: consider using named fields: `Row({ boot: 20417477124938888888888888, wavelength: 203422109444444444444444, reserve: 2, price: 1000000000, expected: 1879291698847601977 })`
    |
    = help: https://book.getfoundry.sh/reference/forge/forge-lint#named-struct-fields

note[named-struct-fields]: prefer initializing structs with named fields
   --> test/SineV3SmallReserveFixtures.sol:118:18
    |
118 |         r[107] = Row(20417477124938888888888888, 203422109444444444444444, 1000000, 1000000000, 939645849423800988515145);
    |                  ^^^^^^^^^^^^^^^^^^^^^^^^^^^^^^^^^^^^^^^^^^^^^^^^^^^^^^^^^^^^^^^^^^^^^^^^^^^^^^^^^^^^^^^^^^^^^^^^^^^^^^^^ help: consider using named fields: `Row({ boot: 20417477124938888888888888, wavelength: 203422109444444444444444, reserve: 1000000, price: 1000000000, expected: 939645849423800988515145 })`
    |
    = help: https://book.getfoundry.sh/reference/forge/forge-lint#named-struct-fields

note[named-struct-fields]: prefer initializing structs with named fields
   --> test/SineV3SmallReserveFixtures.sol:119:18
    |
119 |         r[108] = Row(20417477124938888888888888, 203422109444444444444444, 1000000000000, 1000000000, 939645849423464074787919649714);
    |                  ^^^^^^^^^^^^^^^^^^^^^^^^^^^^^^^^^^^^^^^^^^^^^^^^^^^^^^^^^^^^^^^^^^^^^^^^^^^^^^^^^^^^^^^^^^^^^^^^^^^^^^^^^^^^^^^^^^^^ help: consider using named fields: `Row({ boot: 20417477124938888888888888, wavelength: 203422109444444444444444, reserve: 1000000000000, price: 1000000000, expected: 939645849423464074787919649714 })`
    |
    = help: https://book.getfoundry.sh/reference/forge/forge-lint#named-struct-fields

note[named-struct-fields]: prefer initializing structs with named fields
   --> test/SineV3SmallReserveFixtures.sol:120:18
    |
120 | ... = Row(20417477124938888888888888, 203422109444444444444444, 1000000000000000, 1000000000, 939645849086886926286541228744710);
    |       ^^^^^^^^^^^^^^^^^^^^^^^^^^^^^^^^^^^^^^^^^^^^^^^^^^^^^^^^^^^^^^^^^^^^^^^^^^^^^^^^^^^^^^^^^^^^^^^^^^^^^^^^^^^^^^^^^^^^^^^^^^ help: consider using named fields: `Row({ boot: 20417477124938888888888888, wavelength: 203422109444444444444444, reserve: 1000000000000000, price: 1000000000, expected: 939645849086886926286541228744710 })`
    |
    = help: https://book.getfoundry.sh/reference/forge/forge-lint#named-struct-fields

note[named-struct-fields]: prefer initializing structs with named fields
   --> test/SineV3SmallReserveFixtures.sol:121:18
    |
121 |         r[110] = Row(20417477124938888888888888, 203422109444444444444444, 1, 75000000000000, 12528611325650);
    |                  ^^^^^^^^^^^^^^^^^^^^^^^^^^^^^^^^^^^^^^^^^^^^^^^^^^^^^^^^^^^^^^^^^^^^^^^^^^^^^^^^^^^^^^^^^^^^ help: consider using named fields: `Row({ boot: 20417477124938888888888888, wavelength: 203422109444444444444444, reserve: 1, price: 75000000000000, expected: 12528611325650 })`
    |
    = help: https://book.getfoundry.sh/reference/forge/forge-lint#named-struct-fields

note[named-struct-fields]: prefer initializing structs with named fields
   --> test/SineV3SmallReserveFixtures.sol:122:18
    |
122 |         r[111] = Row(20417477124938888888888888, 203422109444444444444444, 2, 75000000000000, 25057222651301);
    |                  ^^^^^^^^^^^^^^^^^^^^^^^^^^^^^^^^^^^^^^^^^^^^^^^^^^^^^^^^^^^^^^^^^^^^^^^^^^^^^^^^^^^^^^^^^^^^ help: consider using named fields: `Row({ boot: 20417477124938888888888888, wavelength: 203422109444444444444444, reserve: 2, price: 75000000000000, expected: 25057222651301 })`
    |
    = help: https://book.getfoundry.sh/reference/forge/forge-lint#named-struct-fields

note[named-struct-fields]: prefer initializing structs with named fields
   --> test/SineV3SmallReserveFixtures.sol:123:18
    |
123 |         r[112] = Row(20417477124938888888888888, 203422109444444444444444, 1000000, 75000000000000, 12528611325650679846);
    |                  ^^^^^^^^^^^^^^^^^^^^^^^^^^^^^^^^^^^^^^^^^^^^^^^^^^^^^^^^^^^^^^^^^^^^^^^^^^^^^^^^^^^^^^^^^^^^^^^^^^^^^^^^ help: consider using named fields: `Row({ boot: 20417477124938888888888888, wavelength: 203422109444444444444444, reserve: 1000000, price: 75000000000000, expected: 12528611325650679846 })`
    |
    = help: https://book.getfoundry.sh/reference/forge/forge-lint#named-struct-fields

note[named-struct-fields]: prefer initializing structs with named fields
   --> test/SineV3SmallReserveFixtures.sol:124:18
    |
124 |         r[113] = Row(20417477124938888888888888, 203422109444444444444444, 1000000000000, 75000000000000, 12528611325646187663838928);
    |                  ^^^^^^^^^^^^^^^^^^^^^^^^^^^^^^^^^^^^^^^^^^^^^^^^^^^^^^^^^^^^^^^^^^^^^^^^^^^^^^^^^^^^^^^^^^^^^^^^^^^^^^^^^^^^^^^^^^^^ help: consider using named fields: `Row({ boot: 20417477124938888888888888, wavelength: 203422109444444444444444, reserve: 1000000000000, price: 75000000000000, expected: 12528611325646187663838928 })`
    |
    = help: https://book.getfoundry.sh/reference/forge/forge-lint#named-struct-fields

note[named-struct-fields]: prefer initializing structs with named fields
   --> test/SineV3SmallReserveFixtures.sol:125:18
    |
125 | ... = Row(20417477124938888888888888, 203422109444444444444444, 1000000000000000, 75000000000000, 12528611321158492350487216383);
    |       ^^^^^^^^^^^^^^^^^^^^^^^^^^^^^^^^^^^^^^^^^^^^^^^^^^^^^^^^^^^^^^^^^^^^^^^^^^^^^^^^^^^^^^^^^^^^^^^^^^^^^^^^^^^^^^^^^^^^^^^^^^ help: consider using named fields: `Row({ boot: 20417477124938888888888888, wavelength: 203422109444444444444444, reserve: 1000000000000000, price: 75000000000000, expected: 12528611321158492350487216383 })`
    |
    = help: https://book.getfoundry.sh/reference/forge/forge-lint#named-struct-fields

note[named-struct-fields]: prefer initializing structs with named fields
   --> test/SineV3SmallReserveFixtures.sol:126:18
    |
126 |         r[115] = Row(20417477124938888888888888, 203422109444444444444444, 1, 1000000000000000000, 939645849);
    |                  ^^^^^^^^^^^^^^^^^^^^^^^^^^^^^^^^^^^^^^^^^^^^^^^^^^^^^^^^^^^^^^^^^^^^^^^^^^^^^^^^^^^^^^^^^^^^ help: consider using named fields: `Row({ boot: 20417477124938888888888888, wavelength: 203422109444444444444444, reserve: 1, price: 1000000000000000000, expected: 939645849 })`
    |
    = help: https://book.getfoundry.sh/reference/forge/forge-lint#named-struct-fields

note[named-struct-fields]: prefer initializing structs with named fields
   --> test/SineV3SmallReserveFixtures.sol:127:18
    |
127 |         r[116] = Row(20417477124938888888888888, 203422109444444444444444, 2, 1000000000000000000, 1879291698);
    |                  ^^^^^^^^^^^^^^^^^^^^^^^^^^^^^^^^^^^^^^^^^^^^^^^^^^^^^^^^^^^^^^^^^^^^^^^^^^^^^^^^^^^^^^^^^^^^^ help: consider using named fields: `Row({ boot: 20417477124938888888888888, wavelength: 203422109444444444444444, reserve: 2, price: 1000000000000000000, expected: 1879291698 })`
    |
    = help: https://book.getfoundry.sh/reference/forge/forge-lint#named-struct-fields

note[named-struct-fields]: prefer initializing structs with named fields
   --> test/SineV3SmallReserveFixtures.sol:128:18
    |
128 |         r[117] = Row(20417477124938888888888888, 203422109444444444444444, 1000000, 1000000000000000000, 939645849423800);
    |                  ^^^^^^^^^^^^^^^^^^^^^^^^^^^^^^^^^^^^^^^^^^^^^^^^^^^^^^^^^^^^^^^^^^^^^^^^^^^^^^^^^^^^^^^^^^^^^^^^^^^^^^^^ help: consider using named fields: `Row({ boot: 20417477124938888888888888, wavelength: 203422109444444444444444, reserve: 1000000, price: 1000000000000000000, expected: 939645849423800 })`
    |
    = help: https://book.getfoundry.sh/reference/forge/forge-lint#named-struct-fields

note[named-struct-fields]: prefer initializing structs with named fields
   --> test/SineV3SmallReserveFixtures.sol:129:18
    |
129 |         r[118] = Row(20417477124938888888888888, 203422109444444444444444, 1000000000000, 1000000000000000000, 939645849423464074787);
    |                  ^^^^^^^^^^^^^^^^^^^^^^^^^^^^^^^^^^^^^^^^^^^^^^^^^^^^^^^^^^^^^^^^^^^^^^^^^^^^^^^^^^^^^^^^^^^^^^^^^^^^^^^^^^^^^^^^^^^^ help: consider using named fields: `Row({ boot: 20417477124938888888888888, wavelength: 203422109444444444444444, reserve: 1000000000000, price: 1000000000000000000, expected: 939645849423464074787 })`
    |
    = help: https://book.getfoundry.sh/reference/forge/forge-lint#named-struct-fields

note[named-struct-fields]: prefer initializing structs with named fields
   --> test/SineV3SmallReserveFixtures.sol:130:18
    |
130 | ... = Row(20417477124938888888888888, 203422109444444444444444, 1000000000000000, 1000000000000000000, 939645849086886926286541);
    |       ^^^^^^^^^^^^^^^^^^^^^^^^^^^^^^^^^^^^^^^^^^^^^^^^^^^^^^^^^^^^^^^^^^^^^^^^^^^^^^^^^^^^^^^^^^^^^^^^^^^^^^^^^^^^^^^^^^^^^^^^^^ help: consider using named fields: `Row({ boot: 20417477124938888888888888, wavelength: 203422109444444444444444, reserve: 1000000000000000, price: 1000000000000000000, expected: 939645849086886926286541 })`
    |
    = help: https://book.getfoundry.sh/reference/forge/forge-lint#named-struct-fields

note[named-struct-fields]: prefer initializing structs with named fields
   --> test/SineV3SmallReserveFixtures.sol:131:18
    |
131 |         r[120] = Row(170447338888888888888888888, 587749444444444444444444, 1, 75000000000000, 824342401623068059);
    |                  ^^^^^^^^^^^^^^^^^^^^^^^^^^^^^^^^^^^^^^^^^^^^^^^^^^^^^^^^^^^^^^^^^^^^^^^^^^^^^^^^^^^^^^^^^^^^^^^^^ help: consider using named fields: `Row({ boot: 170447338888888888888888888, wavelength: 587749444444444444444444, reserve: 1, price: 75000000000000, expected: 824342401623068059 })`
    |
    = help: https://book.getfoundry.sh/reference/forge/forge-lint#named-struct-fields

note[named-struct-fields]: prefer initializing structs with named fields
   --> test/SineV3SmallReserveFixtures.sol:132:18
    |
132 |         r[121] = Row(170447338888888888888888888, 587749444444444444444444, 2, 75000000000000, 1648684803246136119);
    |                  ^^^^^^^^^^^^^^^^^^^^^^^^^^^^^^^^^^^^^^^^^^^^^^^^^^^^^^^^^^^^^^^^^^^^^^^^^^^^^^^^^^^^^^^^^^^^^^^^^^ help: consider using named fields: `Row({ boot: 170447338888888888888888888, wavelength: 587749444444444444444444, reserve: 2, price: 75000000000000, expected: 1648684803246136119 })`
    |
    = help: https://book.getfoundry.sh/reference/forge/forge-lint#named-struct-fields

note[named-struct-fields]: prefer initializing structs with named fields
   --> test/SineV3SmallReserveFixtures.sol:133:18
    |
133 |         r[122] = Row(170447338888888888888888888, 587749444444444444444444, 1000000, 75000000000000, 824342401623068059569440);
    |                  ^^^^^^^^^^^^^^^^^^^^^^^^^^^^^^^^^^^^^^^^^^^^^^^^^^^^^^^^^^^^^^^^^^^^^^^^^^^^^^^^^^^^^^^^^^^^^^^^^^^^^^^^^^^^^ help: consider using named fields: `Row({ boot: 170447338888888888888888888, wavelength: 587749444444444444444444, reserve: 1000000, price: 75000000000000, expected: 824342401623068059569440 })`
    |
    = help: https://book.getfoundry.sh/reference/forge/forge-lint#named-struct-fields

note[named-struct-fields]: prefer initializing structs with named fields
   --> test/SineV3SmallReserveFixtures.sol:134:18
    |
134 | ... = Row(170447338888888888888888888, 587749444444444444444444, 1000000000000, 75000000000000, 824342401623068059569440316257);
    |       ^^^^^^^^^^^^^^^^^^^^^^^^^^^^^^^^^^^^^^^^^^^^^^^^^^^^^^^^^^^^^^^^^^^^^^^^^^^^^^^^^^^^^^^^^^^^^^^^^^^^^^^^^^^^^^^^^^^^^^^^^ help: consider using named fields: `Row({ boot: 170447338888888888888888888, wavelength: 587749444444444444444444, reserve: 1000000000000, price: 75000000000000, expected: 824342401623068059569440316257 })`
    |
    = help: https://book.getfoundry.sh/reference/forge/forge-lint#named-struct-fields

note[named-struct-fields]: prefer initializing structs with named fields
   --> test/SineV3SmallReserveFixtures.sol:135:18
    |
135 | ... = Row(170447338888888888888888888, 587749444444444444444444, 1000000000000000, 75000000000000, 824342401623068059569440315971330);
    |       ^^^^^^^^^^^^^^^^^^^^^^^^^^^^^^^^^^^^^^^^^^^^^^^^^^^^^^^^^^^^^^^^^^^^^^^^^^^^^^^^^^^^^^^^^^^^^^^^^^^^^^^^^^^^^^^^^^^^^^^^^^^^^^^ help: consider using named fields: `Row({ boot: 170447338888888888888888888, wavelength: 587749444444444444444444, reserve: 1000000000000000, price: 75000000000000, expected: 824342401623068059569440315971330 })`
    |
    = help: https://book.getfoundry.sh/reference/forge/forge-lint#named-struct-fields

note[named-struct-fields]: prefer initializing structs with named fields
   --> test/SineV3SmallReserveFixtures.sol:136:18
    |
136 |         r[125] = Row(170447338888888888888888888, 587749444444444444444444, 1, 1000000000000000000, 61825680121730);
    |                  ^^^^^^^^^^^^^^^^^^^^^^^^^^^^^^^^^^^^^^^^^^^^^^^^^^^^^^^^^^^^^^^^^^^^^^^^^^^^^^^^^^^^^^^^^^^^^^^^^^ help: consider using named fields: `Row({ boot: 170447338888888888888888888, wavelength: 587749444444444444444444, reserve: 1, price: 1000000000000000000, expected: 61825680121730 })`
    |
    = help: https://book.getfoundry.sh/reference/forge/forge-lint#named-struct-fields

note[named-struct-fields]: prefer initializing structs with named fields
   --> test/SineV3SmallReserveFixtures.sol:137:18
    |
137 |         r[126] = Row(170447338888888888888888888, 587749444444444444444444, 2, 1000000000000000000, 123651360243460);
    |                  ^^^^^^^^^^^^^^^^^^^^^^^^^^^^^^^^^^^^^^^^^^^^^^^^^^^^^^^^^^^^^^^^^^^^^^^^^^^^^^^^^^^^^^^^^^^^^^^^^^^ help: consider using named fields: `Row({ boot: 170447338888888888888888888, wavelength: 587749444444444444444444, reserve: 2, price: 1000000000000000000, expected: 123651360243460 })`
    |
    = help: https://book.getfoundry.sh/reference/forge/forge-lint#named-struct-fields

note[named-struct-fields]: prefer initializing structs with named fields
   --> test/SineV3SmallReserveFixtures.sol:138:18
    |
138 |         r[127] = Row(170447338888888888888888888, 587749444444444444444444, 1000000, 1000000000000000000, 61825680121730104467);
    |                  ^^^^^^^^^^^^^^^^^^^^^^^^^^^^^^^^^^^^^^^^^^^^^^^^^^^^^^^^^^^^^^^^^^^^^^^^^^^^^^^^^^^^^^^^^^^^^^^^^^^^^^^^^^^^^^ help: consider using named fields: `Row({ boot: 170447338888888888888888888, wavelength: 587749444444444444444444, reserve: 1000000, price: 1000000000000000000, expected: 61825680121730104467 })`
    |
    = help: https://book.getfoundry.sh/reference/forge/forge-lint#named-struct-fields

note[named-struct-fields]: prefer initializing structs with named fields
   --> test/SineV3SmallReserveFixtures.sol:139:18
    |
139 | ... = Row(170447338888888888888888888, 587749444444444444444444, 1000000000000, 1000000000000000000, 61825680121730104467708023);
    |       ^^^^^^^^^^^^^^^^^^^^^^^^^^^^^^^^^^^^^^^^^^^^^^^^^^^^^^^^^^^^^^^^^^^^^^^^^^^^^^^^^^^^^^^^^^^^^^^^^^^^^^^^^^^^^^^^^^^^^^^^^^ help: consider using named fields: `Row({ boot: 170447338888888888888888888, wavelength: 587749444444444444444444, reserve: 1000000000000, price: 1000000000000000000, expected: 61825680121730104467708023 })`
    |
    = help: https://book.getfoundry.sh/reference/forge/forge-lint#named-struct-fields

note[named-struct-fields]: prefer initializing structs with named fields
   --> test/SineV3SmallReserveFixtures.sol:140:18
    |
140 | ... = Row(170447338888888888888888888, 587749444444444444444444, 1000000000000000, 1000000000000000000, 61825680121730104467708023697);
    |       ^^^^^^^^^^^^^^^^^^^^^^^^^^^^^^^^^^^^^^^^^^^^^^^^^^^^^^^^^^^^^^^^^^^^^^^^^^^^^^^^^^^^^^^^^^^^^^^^^^^^^^^^^^^^^^^^^^^^^^^^^^^^^^^^ help: consider using named fields: `Row({ boot: 170447338888888888888888888, wavelength: 587749444444444444444444, reserve: 1000000000000000, price: 1000000000000000000, expected: 61825680121730104467708023697 })`
    |
    = help: https://book.getfoundry.sh/reference/forge/forge-lint#named-struct-fields

note[named-struct-fields]: prefer initializing structs with named fields
   --> test/SineV3SmallReserveFixtures.sol:141:18
    |
141 |         r[130] = Row(170882550936050000000000000, 588499331666666666666666, 1, 75000000000000, 833357962596257923);
    |                  ^^^^^^^^^^^^^^^^^^^^^^^^^^^^^^^^^^^^^^^^^^^^^^^^^^^^^^^^^^^^^^^^^^^^^^^^^^^^^^^^^^^^^^^^^^^^^^^^^ help: consider using named fields: `Row({ boot: 170882550936050000000000000, wavelength: 588499331666666666666666, reserve: 1, price: 75000000000000, expected: 833357962596257923 })`
    |
    = help: https://book.getfoundry.sh/reference/forge/forge-lint#named-struct-fields

note[named-struct-fields]: prefer initializing structs with named fields
   --> test/SineV3SmallReserveFixtures.sol:142:18
    |
142 |         r[131] = Row(170882550936050000000000000, 588499331666666666666666, 2, 75000000000000, 1666715925192515847);
    |                  ^^^^^^^^^^^^^^^^^^^^^^^^^^^^^^^^^^^^^^^^^^^^^^^^^^^^^^^^^^^^^^^^^^^^^^^^^^^^^^^^^^^^^^^^^^^^^^^^^^ help: consider using named fields: `Row({ boot: 170882550936050000000000000, wavelength: 588499331666666666666666, reserve: 2, price: 75000000000000, expected: 1666715925192515847 })`
    |
    = help: https://book.getfoundry.sh/reference/forge/forge-lint#named-struct-fields

note[named-struct-fields]: prefer initializing structs with named fields
   --> test/SineV3SmallReserveFixtures.sol:143:18
    |
143 |         r[132] = Row(170882550936050000000000000, 588499331666666666666666, 1000000, 75000000000000, 833357962596257923915868);
    |                  ^^^^^^^^^^^^^^^^^^^^^^^^^^^^^^^^^^^^^^^^^^^^^^^^^^^^^^^^^^^^^^^^^^^^^^^^^^^^^^^^^^^^^^^^^^^^^^^^^^^^^^^^^^^^^ help: consider using named fields: `Row({ boot: 170882550936050000000000000, wavelength: 588499331666666666666666, reserve: 1000000, price: 75000000000000, expected: 833357962596257923915868 })`
    |
    = help: https://book.getfoundry.sh/reference/forge/forge-lint#named-struct-fields

note[named-struct-fields]: prefer initializing structs with named fields
   --> test/SineV3SmallReserveFixtures.sol:144:18
    |
144 | ... = Row(170882550936050000000000000, 588499331666666666666666, 1000000000000, 75000000000000, 833357962596206857924561887380);
    |       ^^^^^^^^^^^^^^^^^^^^^^^^^^^^^^^^^^^^^^^^^^^^^^^^^^^^^^^^^^^^^^^^^^^^^^^^^^^^^^^^^^^^^^^^^^^^^^^^^^^^^^^^^^^^^^^^^^^^^^^^^ help: consider using named fields: `Row({ boot: 170882550936050000000000000, wavelength: 588499331666666666666666, reserve: 1000000000000, price: 75000000000000, expected: 833357962596206857924561887380 })`
    |
    = help: https://book.getfoundry.sh/reference/forge/forge-lint#named-struct-fields

note[named-struct-fields]: prefer initializing structs with named fields
   --> test/SineV3SmallReserveFixtures.sol:145:18
    |
145 | ... = Row(170882550936050000000000000, 588499331666666666666666, 1000000000000000, 75000000000000, 833357962545191881674432929830424);
    |       ^^^^^^^^^^^^^^^^^^^^^^^^^^^^^^^^^^^^^^^^^^^^^^^^^^^^^^^^^^^^^^^^^^^^^^^^^^^^^^^^^^^^^^^^^^^^^^^^^^^^^^^^^^^^^^^^^^^^^^^^^^^^^^^ help: consider using named fields: `Row({ boot: 170882550936050000000000000, wavelength: 588499331666666666666666, reserve: 1000000000000000, price: 75000000000000, expected: 833357962545191881674432929830424 })`
    |
    = help: https://book.getfoundry.sh/reference/forge/forge-lint#named-struct-fields

note[named-struct-fields]: prefer initializing structs with named fields
   --> test/SineV3SmallReserveFixtures.sol:146:18
    |
146 |         r[135] = Row(170882550936050000000000000, 588499331666666666666666, 1, 1000000000000000000, 62501847194719);
    |                  ^^^^^^^^^^^^^^^^^^^^^^^^^^^^^^^^^^^^^^^^^^^^^^^^^^^^^^^^^^^^^^^^^^^^^^^^^^^^^^^^^^^^^^^^^^^^^^^^^^ help: consider using named fields: `Row({ boot: 170882550936050000000000000, wavelength: 588499331666666666666666, reserve: 1, price: 1000000000000000000, expected: 62501847194719 })`
    |
    = help: https://book.getfoundry.sh/reference/forge/forge-lint#named-struct-fields

note[named-struct-fields]: prefer initializing structs with named fields
   --> test/SineV3SmallReserveFixtures.sol:147:18
    |
147 |         r[136] = Row(170882550936050000000000000, 588499331666666666666666, 2, 1000000000000000000, 125003694389438);
    |                  ^^^^^^^^^^^^^^^^^^^^^^^^^^^^^^^^^^^^^^^^^^^^^^^^^^^^^^^^^^^^^^^^^^^^^^^^^^^^^^^^^^^^^^^^^^^^^^^^^^^ help: consider using named fields: `Row({ boot: 170882550936050000000000000, wavelength: 588499331666666666666666, reserve: 2, price: 1000000000000000000, expected: 125003694389438 })`
    |
    = help: https://book.getfoundry.sh/reference/forge/forge-lint#named-struct-fields

note[named-struct-fields]: prefer initializing structs with named fields
   --> test/SineV3SmallReserveFixtures.sol:148:18
    |
148 |         r[137] = Row(170882550936050000000000000, 588499331666666666666666, 1000000, 1000000000000000000, 62501847194719344293);
    |                  ^^^^^^^^^^^^^^^^^^^^^^^^^^^^^^^^^^^^^^^^^^^^^^^^^^^^^^^^^^^^^^^^^^^^^^^^^^^^^^^^^^^^^^^^^^^^^^^^^^^^^^^^^^^^^^ help: consider using named fields: `Row({ boot: 170882550936050000000000000, wavelength: 588499331666666666666666, reserve: 1000000, price: 1000000000000000000, expected: 62501847194719344293 })`
    |
    = help: https://book.getfoundry.sh/reference/forge/forge-lint#named-struct-fields

note[named-struct-fields]: prefer initializing structs with named fields
   --> test/SineV3SmallReserveFixtures.sol:149:18
    |
149 | ... = Row(170882550936050000000000000, 588499331666666666666666, 1000000000000, 1000000000000000000, 62501847194715514344342141);
    |       ^^^^^^^^^^^^^^^^^^^^^^^^^^^^^^^^^^^^^^^^^^^^^^^^^^^^^^^^^^^^^^^^^^^^^^^^^^^^^^^^^^^^^^^^^^^^^^^^^^^^^^^^^^^^^^^^^^^^^^^^^^ help: consider using named fields: `Row({ boot: 170882550936050000000000000, wavelength: 588499331666666666666666, reserve: 1000000000000, price: 1000000000000000000, expected: 62501847194715514344342141 })`
    |
    = help: https://book.getfoundry.sh/reference/forge/forge-lint#named-struct-fields

note[named-struct-fields]: prefer initializing structs with named fields
   --> test/SineV3SmallReserveFixtures.sol:150:18
    |
150 | ... = Row(170882550936050000000000000, 588499331666666666666666, 1000000000000000, 1000000000000000000, 62501847190889391125582469737);
    |       ^^^^^^^^^^^^^^^^^^^^^^^^^^^^^^^^^^^^^^^^^^^^^^^^^^^^^^^^^^^^^^^^^^^^^^^^^^^^^^^^^^^^^^^^^^^^^^^^^^^^^^^^^^^^^^^^^^^^^^^^^^^^^^^^ help: consider using named fields: `Row({ boot: 170882550936050000000000000, wavelength: 588499331666666666666666, reserve: 1000000000000000, price: 1000000000000000000, expected: 62501847190889391125582469737 })`
    |
    = help: https://book.getfoundry.sh/reference/forge/forge-lint#named-struct-fields

note[named-struct-fields]: prefer initializing structs with named fields
   --> test/SineV3SmallReserveFixtures.sol:151:18
    |
151 |         r[140] = Row(679440384500000000000000000, 1173472166666666666666666, 1, 1000000000000000000, 975861072183638862);
    |                  ^^^^^^^^^^^^^^^^^^^^^^^^^^^^^^^^^^^^^^^^^^^^^^^^^^^^^^^^^^^^^^^^^^^^^^^^^^^^^^^^^^^^^^^^^^^^^^^^^^^^^^^ help: consider using named fields: `Row({ boot: 679440384500000000000000000, wavelength: 1173472166666666666666666, reserve: 1, price: 1000000000000000000, expected: 975861072183638862 })`
    |
    = help: https://book.getfoundry.sh/reference/forge/forge-lint#named-struct-fields

note[named-struct-fields]: prefer initializing structs with named fields
   --> test/SineV3SmallReserveFixtures.sol:152:18
    |
152 |         r[141] = Row(679440384500000000000000000, 1173472166666666666666666, 2, 1000000000000000000, 1951722144367277724);
    |                  ^^^^^^^^^^^^^^^^^^^^^^^^^^^^^^^^^^^^^^^^^^^^^^^^^^^^^^^^^^^^^^^^^^^^^^^^^^^^^^^^^^^^^^^^^^^^^^^^^^^^^^^^ help: consider using named fields: `Row({ boot: 679440384500000000000000000, wavelength: 1173472166666666666666666, reserve: 2, price: 1000000000000000000, expected: 1951722144367277724 })`
    |
    = help: https://book.getfoundry.sh/reference/forge/forge-lint#named-struct-fields

note[named-struct-fields]: prefer initializing structs with named fields
   --> test/SineV3SmallReserveFixtures.sol:153:18
    |
153 |         r[142] = Row(679440384500000000000000000, 1173472166666666666666666, 1000000, 1000000000000000000, 975861072183638862072626);
    |                  ^^^^^^^^^^^^^^^^^^^^^^^^^^^^^^^^^^^^^^^^^^^^^^^^^^^^^^^^^^^^^^^^^^^^^^^^^^^^^^^^^^^^^^^^^^^^^^^^^^^^^^^^^^^^^^^^^^^ help: consider using named fields: `Row({ boot: 679440384500000000000000000, wavelength: 1173472166666666666666666, reserve: 1000000, price: 1000000000000000000, expected: 975861072183638862072626 })`
    |
    = help: https://book.getfoundry.sh/reference/forge/forge-lint#named-struct-fields

note[named-struct-fields]: prefer initializing structs with named fields
   --> test/SineV3SmallReserveFixtures.sol:154:18
    |
154 | ... = Row(679440384500000000000000000, 1173472166666666666666666, 1000000000000, 1000000000000000000, 975861072183638862072626999337);
    |       ^^^^^^^^^^^^^^^^^^^^^^^^^^^^^^^^^^^^^^^^^^^^^^^^^^^^^^^^^^^^^^^^^^^^^^^^^^^^^^^^^^^^^^^^^^^^^^^^^^^^^^^^^^^^^^^^^^^^^^^^^^^^^^^ help: consider using named fields: `Row({ boot: 679440384500000000000000000, wavelength: 1173472166666666666666666, reserve: 1000000000000, price: 1000000000000000000, expected: 975861072183638862072626999337 })`
    |
    = help: https://book.getfoundry.sh/reference/forge/forge-lint#named-struct-fields

note[named-struct-fields]: prefer initializing structs with named fields
   --> test/SineV3SmallReserveFixtures.sol:155:18
    |
155 | ... = Row(679440384500000000000000000, 1173472166666666666666666, 1000000000000000, 1000000000000000000, 975861072183638862072626999310476);
    |       ^^^^^^^^^^^^^^^^^^^^^^^^^^^^^^^^^^^^^^^^^^^^^^^^^^^^^^^^^^^^^^^^^^^^^^^^^^^^^^^^^^^^^^^^^^^^^^^^^^^^^^^^^^^^^^^^^^^^^^^^^^^^^^^^^^^^^ help: consider using named fields: `Row({ boot: 679440384500000000000000000, wavelength: 1173472166666666666666666, reserve: 1000000000000000, price: 1000000000000000000, expected: 975861072183638862072626999310476 })`
    |
    = help: https://book.getfoundry.sh/reference/forge/forge-lint#named-struct-fields

note[named-struct-fields]: prefer initializing structs with named fields
   --> test/SineV3SmallReserveFixtures.sol:156:18
    |
156 |         r[145] = Row(680309031361605555555555555, 1174222053888888888888888, 1, 1000000000000000000, 982587343086948317);
    |                  ^^^^^^^^^^^^^^^^^^^^^^^^^^^^^^^^^^^^^^^^^^^^^^^^^^^^^^^^^^^^^^^^^^^^^^^^^^^^^^^^^^^^^^^^^^^^^^^^^^^^^^^ help: consider using named fields: `Row({ boot: 680309031361605555555555555, wavelength: 1174222053888888888888888, reserve: 1, price: 1000000000000000000, expected: 982587343086948317 })`
    |
    = help: https://book.getfoundry.sh/reference/forge/forge-lint#named-struct-fields

note[named-struct-fields]: prefer initializing structs with named fields
   --> test/SineV3SmallReserveFixtures.sol:157:18
    |
157 |         r[146] = Row(680309031361605555555555555, 1174222053888888888888888, 2, 1000000000000000000, 1965174686173896634);
    |                  ^^^^^^^^^^^^^^^^^^^^^^^^^^^^^^^^^^^^^^^^^^^^^^^^^^^^^^^^^^^^^^^^^^^^^^^^^^^^^^^^^^^^^^^^^^^^^^^^^^^^^^^^ help: consider using named fields: `Row({ boot: 680309031361605555555555555, wavelength: 1174222053888888888888888, reserve: 2, price: 1000000000000000000, expected: 1965174686173896634 })`
    |
    = help: https://book.getfoundry.sh/reference/forge/forge-lint#named-struct-fields

note[named-struct-fields]: prefer initializing structs with named fields
   --> test/SineV3SmallReserveFixtures.sol:158:18
    |
158 |         r[147] = Row(680309031361605555555555555, 1174222053888888888888888, 1000000, 1000000000000000000, 982587343086948317114660);
    |                  ^^^^^^^^^^^^^^^^^^^^^^^^^^^^^^^^^^^^^^^^^^^^^^^^^^^^^^^^^^^^^^^^^^^^^^^^^^^^^^^^^^^^^^^^^^^^^^^^^^^^^^^^^^^^^^^^^^^ help: consider using named fields: `Row({ boot: 680309031361605555555555555, wavelength: 1174222053888888888888888, reserve: 1000000, price: 1000000000000000000, expected: 982587343086948317114660 })`
    |
    = help: https://book.getfoundry.sh/reference/forge/forge-lint#named-struct-fields

note[named-struct-fields]: prefer initializing structs with named fields
   --> test/SineV3SmallReserveFixtures.sol:159:18
    |
159 | ... = Row(680309031361605555555555555, 1174222053888888888888888, 1000000000000, 1000000000000000000, 982587343086929257991700910769);
    |       ^^^^^^^^^^^^^^^^^^^^^^^^^^^^^^^^^^^^^^^^^^^^^^^^^^^^^^^^^^^^^^^^^^^^^^^^^^^^^^^^^^^^^^^^^^^^^^^^^^^^^^^^^^^^^^^^^^^^^^^^^^^^^^^ help: consider using named fields: `Row({ boot: 680309031361605555555555555, wavelength: 1174222053888888888888888, reserve: 1000000000000, price: 1000000000000000000, expected: 982587343086929257991700910769 })`
    |
    = help: https://book.getfoundry.sh/reference/forge/forge-lint#named-struct-fields

note[named-struct-fields]: prefer initializing structs with named fields
   --> test/SineV3SmallReserveFixtures.sol:160:18
    |
160 | ... = Row(680309031361605555555555555, 1174222053888888888888888, 1000000000000000, 1000000000000000000, 982587343067889175129557541248249);
    |       ^^^^^^^^^^^^^^^^^^^^^^^^^^^^^^^^^^^^^^^^^^^^^^^^^^^^^^^^^^^^^^^^^^^^^^^^^^^^^^^^^^^^^^^^^^^^^^^^^^^^^^^^^^^^^^^^^^^^^^^^^^^^^^^^^^^^^ help: consider using named fields: `Row({ boot: 680309031361605555555555555, wavelength: 1174222053888888888888888, reserve: 1000000000000000, price: 1000000000000000000, expected: 982587343067889175129557541248249 })`
    |
    = help: https://book.getfoundry.sh/reference/forge/forge-lint#named-struct-fields

