No files changed, compilation skipped
note[mixed-case-variable]: mutable variables should use mixedCase
  --> src/PSPStaker.sol:79:78
   |
79 |     event FeesDeferred(address indexed user, uint256 indexed pepeId, uint256 mixETHAmount);
   |                                                                              ^^^^^^^^^^^^ help: consider using: `mixEthAmount`
   |
   = help: https://book.getfoundry.sh/reference/forge/forge-lint#mixed-case-variable

note[screaming-snake-case-immutable]: immutables should use SCREAMING_SNAKE_CASE
  --> src/HookDeployer.sol:47:36
   |
47 |     IHookInitCode public immutable initOracle;
   |                                    ^^^^^^^^^^ help: consider using: `INIT_ORACLE`
   |
   = help: https://book.getfoundry.sh/reference/forge/forge-lint#screaming-snake-case-immutable

note[mixed-case-function]: function names should use mixedCase
  --> src/testnet/SepoliaMixETH.sol:40:14
   |
40 |     function depositETH() external payable returns (uint256 shares) {
   |              ^^^^^^^^^^ help: consider using: `depositEth`
   |
   = help: https://book.getfoundry.sh/reference/forge/forge-lint#mixed-case-function

note[mixed-case-function]: function names should use mixedCase
  --> src/testnet/SepoliaMixETH.sol:50:14
   |
50 |     function redeemETH(uint256 shareAmount) external returns (uint256 ethOut) {
   |              ^^^^^^^^^ help: consider using: `redeemEth`
   |
   = help: https://book.getfoundry.sh/reference/forge/forge-lint#mixed-case-function

note[screaming-snake-case-immutable]: immutables should use SCREAMING_SNAKE_CASE
  --> src/testnet/MixETHFaucet.sol:24:35
   |
24 |     IMintableMix public immutable mixETH;
   |                                   ^^^^^^ help: consider using: `MIX_ETH`
   |
   = help: https://book.getfoundry.sh/reference/forge/forge-lint#screaming-snake-case-immutable

note[mixed-case-variable]: mutable variables should use mixedCase
  --> src/testnet/MixETHFaucet.sol:30:24
   |
30 |     constructor(IERC20 _mixETH) {
   |                        ^^^^^^^ help: consider using: `_mixEth`
   |
   = help: https://book.getfoundry.sh/reference/forge/forge-lint#mixed-case-variable

note[asm-keccak256]: use of inefficient hashing mechanism; consider using inline assembly
  --> src/HookDeployer.sol:86:16
   |
86 |         return keccak256(abi.encode(block.prevrandao, block.timestamp, block.number, controller));
   |                ^^^^^^^^^^^^^^^^^^^^^^^^^^^^^^^^^^^^^^^^^^^^^^^^^^^^^^^^^^^^^^^^^^^^^^^^^^^^^^^^^^
   |
   = help: https://book.getfoundry.sh/reference/forge/forge-lint#asm-keccak256

note[screaming-snake-case-immutable]: immutables should use SCREAMING_SNAKE_CASE
  --> src/PSPToken.sol:18:30
   |
18 |     address public immutable factory;
   |                              ^^^^^^^ help: consider using: `FACTORY`
   |
   = help: https://book.getfoundry.sh/reference/forge/forge-lint#screaming-snake-case-immutable

note[unwrapped-modifier-logic]: wrap modifier logic to reduce code size
  --> src/PSPToken.sol:21:5
   |
21 | /     modifier onlyController() {
22 | |         if (msg.sender != controller) revert OnlyController();
23 | |         _;
24 | |     }
   | |_____^
   |
help: wrap modifier logic to reduce code size
   |
21 ~     modifier onlyController() {
22 +         _onlyController();
23 +         _;
24 +     }
25 + 
26 +     function _onlyController() internal {
27 +         if (msg.sender != controller) revert OnlyController();
28 +     }
   |
   = help: https://book.getfoundry.sh/reference/forge/forge-lint#unwrapped-modifier-logic

note[screaming-snake-case-immutable]: immutables should use SCREAMING_SNAKE_CASE
  --> src/PSPZapOut.sol:24:30
   |
24 |     IMixETH public immutable mixETH;
   |                              ^^^^^^ help: consider using: `MIX_ETH`
   |
   = help: https://book.getfoundry.sh/reference/forge/forge-lint#screaming-snake-case-immutable

note[screaming-snake-case-immutable]: immutables should use SCREAMING_SNAKE_CASE
  --> src/PSPZapOut.sol:25:35
   |
25 |     IPoolManager public immutable poolManager;
   |                                   ^^^^^^^^^^^ help: consider using: `POOL_MANAGER`
   |
   = help: https://book.getfoundry.sh/reference/forge/forge-lint#screaming-snake-case-immutable

note[mixed-case-variable]: mutable variables should use mixedCase
  --> src/PSPZapOut.sol:42:25
   |
42 |     constructor(IMixETH _mixETH, IPoolManager _poolManager) {
   |                         ^^^^^^^ help: consider using: `_mixEth`
   |
   = help: https://book.getfoundry.sh/reference/forge/forge-lint#mixed-case-variable

warning[unsafe-typecast]: typecasts that can truncate values should be checked
   --> src/SineV3Math.sol:114:37
    |
114 |         return FPML.fullMulDiv(lam, uint256(fR - f0), pL * WAD);
    |                                     ^^^^^^^^^^^^^^^^
    |
    = note: consider disabling this lint if you're certain the cast is safe
            
            // casting to 'uint256' is safe because [explain why]
            // forge-lint: disable-next-line(unsafe-typecast)
            
            
    = help: https://book.getfoundry.sh/reference/forge/forge-lint#unsafe-typecast

warning[unsafe-typecast]: typecasts that can truncate values should be checked
   --> src/PSPZapOut.sol:158:26
    |
158 |         uint256 mixOut = uint256(int256(mixDelta));
    |                          ^^^^^^^^^^^^^^^^^^^^^^^^^
    |
    = note: consider disabling this lint if you're certain the cast is safe
            
            // casting to 'uint256' is safe because [explain why]
            // forge-lint: disable-next-line(unsafe-typecast)
            
            
    = help: https://book.getfoundry.sh/reference/forge/forge-lint#unsafe-typecast

note[screaming-snake-case-immutable]: immutables should use SCREAMING_SNAKE_CASE
  --> src/names/PSPStakeNameGate.sol:23:39
   |
23 |     INameGateFactory public immutable factory;
   |                                       ^^^^^^^ help: consider using: `FACTORY`
   |
   = help: https://book.getfoundry.sh/reference/forge/forge-lint#screaming-snake-case-immutable

note[mixed-case-function]: function names should use mixedCase
  --> src/VectorPepeDescriptor.sol:41:14
   |
41 |     function renderSVG(uint256 dna) public pure returns (string memory) {
   |              ^^^^^^^^^ help: consider using: `renderSvg`
   |
   = help: https://book.getfoundry.sh/reference/forge/forge-lint#mixed-case-function

note[mixed-case-function]: function names should use mixedCase
   --> src/PepeDescriptor.sol:151:14
    |
151 |     function renderSVG(uint256 dna) public pure returns (string memory) {
    |              ^^^^^^^^^ help: consider using: `renderSvg`
    |
    = help: https://book.getfoundry.sh/reference/forge/forge-lint#mixed-case-function

warning[unsafe-typecast]: typecasts that can truncate values should be checked
  --> src/VectorPepeDescriptor.sol:29:18
   |
29 |         t.expr = uint8(dna & 7);
   |                  ^^^^^^^^^^^^^^
   |
   = note: consider disabling this lint if you're certain the cast is safe
           
           // casting to 'uint8' is safe because [explain why]
           // forge-lint: disable-next-line(unsafe-typecast)
           
           
   = help: https://book.getfoundry.sh/reference/forge/forge-lint#unsafe-typecast

note[mixed-case-variable]: mutable variables should use mixedCase
   --> src/PepeDescriptor.sol:267:17
    |
267 |         bytes16 HEX = "0123456789ABCDEF";
    |                 ^^^ help: consider using: `hex`
    |
    = help: https://book.getfoundry.sh/reference/forge/forge-lint#mixed-case-variable

note[mixed-case-function]: function names should use mixedCase
  --> src/interfaces/IRoundController.sol:10:14
   |
10 |     function getPSP() external view returns (address);
   |              ^^^^^^ help: consider using: `getPsp`
   |
   = help: https://book.getfoundry.sh/reference/forge/forge-lint#mixed-case-function

note[mixed-case-function]: function names should use mixedCase
  --> src/interfaces/IRoundController.sol:11:14
   |
11 |     function getMixETH() external view returns (Currency);
   |              ^^^^^^^^^ help: consider using: `getMixEth`
   |
   = help: https://book.getfoundry.sh/reference/forge/forge-lint#mixed-case-function

note[mixed-case-function]: function names should use mixedCase
  --> src/interfaces/IRoundController.sol:14:14
   |
14 |     function mixETHToETH(uint256 mixETHAmount) external view returns (uint256);
   |              ^^^^^^^^^^^ help: consider using: `mixEthToEth`
   |
   = help: https://book.getfoundry.sh/reference/forge/forge-lint#mixed-case-function

note[mixed-case-variable]: mutable variables should use mixedCase
  --> src/interfaces/IRoundController.sol:14:34
   |
14 |     function mixETHToETH(uint256 mixETHAmount) external view returns (uint256);
   |                                  ^^^^^^^^^^^^ help: consider using: `mixEthAmount`
   |
   = help: https://book.getfoundry.sh/reference/forge/forge-lint#mixed-case-variable

note[mixed-case-function]: function names should use mixedCase
  --> src/interfaces/IRoundController.sol:17:14
   |
17 |     function mintPSPForSwap(uint256 amount) external;
   |              ^^^^^^^^^^^^^^ help: consider using: `mintPspForSwap`
   |
   = help: https://book.getfoundry.sh/reference/forge/forge-lint#mixed-case-function

note[mixed-case-function]: function names should use mixedCase
  --> src/interfaces/IRoundController.sol:18:14
   |
18 |     function burnPSPForSwap(uint256 amount) external;
   |              ^^^^^^^^^^^^^^ help: consider using: `burnPspForSwap`
   |
   = help: https://book.getfoundry.sh/reference/forge/forge-lint#mixed-case-function

note[mixed-case-variable]: mutable variables should use mixedCase
  --> src/interfaces/IRoundController.sol:19:30
   |
19 |     function addFees(uint256 mixETHAmount) external;
   |                              ^^^^^^^^^^^^ help: consider using: `mixEthAmount`
   |
   = help: https://book.getfoundry.sh/reference/forge/forge-lint#mixed-case-variable

note[screaming-snake-case-immutable]: immutables should use SCREAMING_SNAKE_CASE
  --> src/names/PSPNameCustody.sol:15:32
   |
15 |     IWeiNames public immutable names;
   |                                ^^^^^ help: consider using: `NAMES`
   |
   = help: https://book.getfoundry.sh/reference/forge/forge-lint#screaming-snake-case-immutable

note[screaming-snake-case-immutable]: immutables should use SCREAMING_SNAKE_CASE
  --> src/names/PSPNameCustody.sol:16:30
   |
16 |     uint256 public immutable parentId;
   |                              ^^^^^^^^ help: consider using: `PARENT_ID`
   |
   = help: https://book.getfoundry.sh/reference/forge/forge-lint#screaming-snake-case-immutable

note[mixed-case-variable]: mutable variables should use mixedCase
  --> script/DeployPSP.s.sol:42:17
   |
42 |         uint128 sinePL = _sinePL();
   |                 ^^^^^^ help: consider using: `sinePl`
   |
   = help: https://book.getfoundry.sh/reference/forge/forge-lint#mixed-case-variable

note[unsafe-cheatcode]: usage of unsafe cheatcodes that can perform dangerous operations
  --> script/DeployPSP.s.sol:45:39
   |
45 |         string memory htmlSource = vm.readFile(htmlPath);
   |                                       ^^^^^^^^
   |
   = help: https://book.getfoundry.sh/reference/forge/forge-lint#unsafe-cheatcode

note[mixed-case-variable]: mutable variables should use mixedCase
  --> script/DeployPSP.s.sol:55:29
   |
55 |             MockPoolManager mockPM = new MockPoolManager();
   |                             ^^^^^^ help: consider using: `mockPm`
   |
   = help: https://book.getfoundry.sh/reference/forge/forge-lint#mixed-case-variable

note[mixed-case-function]: function names should use mixedCase
   --> script/DeploymentSupport.sol:155:14
    |
155 |     function _sinePL() internal view returns (uint128) {
    |              ^^^^^^^ help: consider using: `_sinePl`
    |
    = help: https://book.getfoundry.sh/reference/forge/forge-lint#mixed-case-function

warning[unsafe-typecast]: typecasts that can truncate values should be checked
   --> script/DeploymentSupport.sol:169:16
    |
169 |         return uint128(pL);
    |                ^^^^^^^^^^^
    |
    = note: consider disabling this lint if you're certain the cast is safe
            
            // casting to 'uint128' is safe because [explain why]
            // forge-lint: disable-next-line(unsafe-typecast)
            
            
    = help: https://book.getfoundry.sh/reference/forge/forge-lint#unsafe-typecast

note[unsafe-cheatcode]: usage of unsafe cheatcodes that can perform dangerous operations
  --> script/CompleteBaseDeploy.s.sol:31:34
   |
31 |             html = vm.replace(vm.readFile(_htmlPath(testnet)), "__FACTORY__", vm.toString(address(factory)));
   |                                  ^^^^^^^^
   |
   = help: https://book.getfoundry.sh/reference/forge/forge-lint#unsafe-cheatcode

note[mixed-case-variable]: mutable variables should use mixedCase
  --> src/libraries/CurveMath.sol:33:17
   |
33 |         uint256 P0;           // starting price at supply=0 (1e18 ETH)
   |                 ^^ help: consider using: `p0`
   |
   = help: https://book.getfoundry.sh/reference/forge/forge-lint#mixed-case-variable

note[mixed-case-variable]: mutable variables should use mixedCase
   --> src/libraries/CurveMath.sol:271:36
    |
271 |     function curveIntegral(uint256 S1, uint256 S2, CurveConfig memory cc)
    |                                    ^^ help: consider using: `s1`
    |
    = help: https://book.getfoundry.sh/reference/forge/forge-lint#mixed-case-variable

note[mixed-case-variable]: mutable variables should use mixedCase
   --> src/libraries/CurveMath.sol:271:48
    |
271 |     function curveIntegral(uint256 S1, uint256 S2, CurveConfig memory cc)
    |                                                ^^ help: consider using: `s2`
    |
    = help: https://book.getfoundry.sh/reference/forge/forge-lint#mixed-case-variable

note[mixed-case-variable]: mutable variables should use mixedCase
   --> src/libraries/CurveMath.sol:395:16
    |
395 |         int256 F_end = int256(FPML.mulWad(segEnd, WAD - k))
    |                ^^^^^ help: consider using: `fEnd`
    |
    = help: https://book.getfoundry.sh/reference/forge/forge-lint#mixed-case-variable

note[mixed-case-variable]: mutable variables should use mixedCase
   --> src/libraries/CurveMath.sol:397:16
    |
397 |         int256 F_start = int256(FPML.mulWad(segStart, WAD - k))
    |                ^^^^^^^ help: consider using: `fStart`
    |
    = help: https://book.getfoundry.sh/reference/forge/forge-lint#mixed-case-variable

note[mixed-case-variable]: mutable variables should use mixedCase
   --> src/libraries/CurveMath.sol:412:17
    |
412 |         uint256 P0,
    |                 ^^ help: consider using: `p0`
    |
    = help: https://book.getfoundry.sh/reference/forge/forge-lint#mixed-case-variable

note[mixed-case-variable]: mutable variables should use mixedCase
   --> src/libraries/CurveMath.sol:413:17
    |
413 |         uint256 S_inf,
    |                 ^^^^^ help: consider using: `sInf`
    |
    = help: https://book.getfoundry.sh/reference/forge/forge-lint#mixed-case-variable

note[mixed-case-variable]: mutable variables should use mixedCase
   --> src/libraries/CurveMath.sol:438:17
    |
438 |         uint256 P0,
    |                 ^^ help: consider using: `p0`
    |
    = help: https://book.getfoundry.sh/reference/forge/forge-lint#mixed-case-variable

warning[incorrect-shift]: the order of args in a shift operation is incorrect
   --> src/libraries/CurveMath.sol:543:47
    |
543 |     uint256 internal constant TIMINGS_MASK = (1 << TIMINGS_WIDTH) - 1;
    |                                               ^^^^^^^^^^^^^^^^^^
    |
    = help: https://book.getfoundry.sh/reference/forge/forge-lint#incorrect-shift

warning[incorrect-shift]: the order of args in a shift operation is incorrect
   --> src/libraries/CurveMath.sol:550:54
    |
550 |     uint256 internal constant TIMINGS_LAYOUT_GUARD = 1 << (TIMINGS_COUNT * TIMINGS_WIDTH - 1);
    |                                                      ^^^^^^^^^^^^^^^^^^^^^^^^^^^^^^^^^^^^^^^^
    |
    = help: https://book.getfoundry.sh/reference/forge/forge-lint#incorrect-shift

warning[incorrect-shift]: the order of args in a shift operation is incorrect
   --> src/libraries/CurveMath.sol:560:28
    |
560 |         if (predeposit >= (1 << TIMINGS_WIDTH) || vest >= (1 << TIMINGS_WIDTH)) {
    |                            ^^^^^^^^^^^^^^^^^^
    |
    = help: https://book.getfoundry.sh/reference/forge/forge-lint#incorrect-shift

warning[incorrect-shift]: the order of args in a shift operation is incorrect
   --> src/libraries/CurveMath.sol:560:60
    |
560 |         if (predeposit >= (1 << TIMINGS_WIDTH) || vest >= (1 << TIMINGS_WIDTH)) {
    |                                                            ^^^^^^^^^^^^^^^^^^
    |
    = help: https://book.getfoundry.sh/reference/forge/forge-lint#incorrect-shift

warning[incorrect-shift]: the order of args in a shift operation is incorrect
   --> src/libraries/CurveMath.sol:578:34
    |
578 |         if (detWindowSeconds >= (1 << TIMINGS_WIDTH)) revert TimingsOverflow();
    |                                  ^^^^^^^^^^^^^^^^^^
    |
    = help: https://book.getfoundry.sh/reference/forge/forge-lint#incorrect-shift

warning[incorrect-shift]: the order of args in a shift operation is incorrect
   --> src/libraries/CurveMath.sol:579:30
    |
579 |         if (walletCapMix >= (1 << TIMINGS_WIDTH)) revert TimingsOverflow();
    |                              ^^^^^^^^^^^^^^^^^^
    |
    = help: https://book.getfoundry.sh/reference/forge/forge-lint#incorrect-shift

warning[unsafe-typecast]: typecasts that can truncate values should be checked
  --> src/libraries/CurveMath.sol:84:35
   |
84 |         int256 ePow = FPML.expWad(int256(expInput));
   |                                   ^^^^^^^^^^^^^^^^
   |
   = note: consider disabling this lint if you're certain the cast is safe
           
           // casting to 'int256' is safe because [explain why]
           // forge-lint: disable-next-line(unsafe-typecast)
           
           
   = help: https://book.getfoundry.sh/reference/forge/forge-lint#unsafe-typecast

warning[unsafe-typecast]: typecasts that can truncate values should be checked
  --> src/libraries/CurveMath.sol:85:36
   |
85 |         return FPML.mulWad(pStart, uint256(ePow));
   |                                    ^^^^^^^^^^^^^
   |
   = note: consider disabling this lint if you're certain the cast is safe
           
           // casting to 'uint256' is safe because [explain why]
           // forge-lint: disable-next-line(unsafe-typecast)
           
           
   = help: https://book.getfoundry.sh/reference/forge/forge-lint#unsafe-typecast

warning[unsafe-typecast]: typecasts that can truncate values should be checked
   --> src/libraries/CurveMath.sol:100:39
    |
100 |         uint256 lnAbs = lnRatio > 0 ? uint256(lnRatio) : uint256(0);
    |                                       ^^^^^^^^^^^^^^^^
    |
    = note: consider disabling this lint if you're certain the cast is safe
            
            // casting to 'uint256' is safe because [explain why]
            // forge-lint: disable-next-line(unsafe-typecast)
            
            
    = help: https://book.getfoundry.sh/reference/forge/forge-lint#unsafe-typecast

warning[unsafe-typecast]: typecasts that can truncate values should be checked
   --> src/libraries/CurveMath.sol:368:64
    |
368 |         uint256 fEnd = FPML.mulWad(pOverK, uint256(FPML.expWad(int256(expEnd))));
    |                                                                ^^^^^^^^^^^^^^
    |
    = note: consider disabling this lint if you're certain the cast is safe
            
            // casting to 'int256' is safe because [explain why]
            // forge-lint: disable-next-line(unsafe-typecast)
            
            
    = help: https://book.getfoundry.sh/reference/forge/forge-lint#unsafe-typecast

warning[unsafe-typecast]: typecasts that can truncate values should be checked
   --> src/libraries/CurveMath.sol:369:66
    |
369 |         uint256 fStart = FPML.mulWad(pOverK, uint256(FPML.expWad(int256(expStart))));
    |                                                                  ^^^^^^^^^^^^^^^^
    |
    = note: consider disabling this lint if you're certain the cast is safe
            
            // casting to 'int256' is safe because [explain why]
            // forge-lint: disable-next-line(unsafe-typecast)
            
            
    = help: https://book.getfoundry.sh/reference/forge/forge-lint#unsafe-typecast

warning[unsafe-typecast]: typecasts that can truncate values should be checked
   --> src/libraries/CurveMath.sol:396:58
    |
396 |             + int256(FPML.mulWad(FPML.mulWad(k, segEnd), uint256(lnEnd)));
    |                                                          ^^^^^^^^^^^^^^
    |
    = note: consider disabling this lint if you're certain the cast is safe
            
            // casting to 'uint256' is safe because [explain why]
            // forge-lint: disable-next-line(unsafe-typecast)
            
            
    = help: https://book.getfoundry.sh/reference/forge/forge-lint#unsafe-typecast

warning[unsafe-typecast]: typecasts that can truncate values should be checked
   --> src/libraries/CurveMath.sol:398:60
    |
398 |             + int256(FPML.mulWad(FPML.mulWad(k, segStart), uint256(lnStart)));
    |                                                            ^^^^^^^^^^^^^^^^
    |
    = note: consider disabling this lint if you're certain the cast is safe
            
            // casting to 'uint256' is safe because [explain why]
            // forge-lint: disable-next-line(unsafe-typecast)
            
            
    = help: https://book.getfoundry.sh/reference/forge/forge-lint#unsafe-typecast

warning[unsafe-typecast]: typecasts that can truncate values should be checked
   --> src/libraries/CurveMath.sol:401:24
    |
401 |         uint256 diff = uint256(F_end - F_start);
    |                        ^^^^^^^^^^^^^^^^^^^^^^^^
    |
    = note: consider disabling this lint if you're certain the cast is safe
            
            // casting to 'uint256' is safe because [explain why]
            // forge-lint: disable-next-line(unsafe-typecast)
            
            
    = help: https://book.getfoundry.sh/reference/forge/forge-lint#unsafe-typecast

note[asm-keccak256]: use of inefficient hashing mechanism; consider using inline assembly
  --> src/utils/HookMiner.sol:33:28
   |
33 |         bytes32 codeHash = keccak256(abi.encodePacked(creationCode, constructorArgs));
   |                            ^^^^^^^^^^^^^^^^^^^^^^^^^^^^^^^^^^^^^^^^^^^^^^^^^^^^^^^^^^
   |
   = help: https://book.getfoundry.sh/reference/forge/forge-lint#asm-keccak256

note[asm-keccak256]: use of inefficient hashing mechanism; consider using inline assembly
   --> src/utils/HookMiner.sol:162:28
    |
162 |         bytes32 codeHash = keccak256(abi.encodePacked(creationCode, constructorArgs));
    |                            ^^^^^^^^^^^^^^^^^^^^^^^^^^^^^^^^^^^^^^^^^^^^^^^^^^^^^^^^^^
    |
    = help: https://book.getfoundry.sh/reference/forge/forge-lint#asm-keccak256

note[screaming-snake-case-immutable]: immutables should use SCREAMING_SNAKE_CASE
  --> src/PSPZapIn.sol:26:30
   |
26 |     IMixETH public immutable mixETH;
   |                              ^^^^^^ help: consider using: `MIX_ETH`
   |
   = help: https://book.getfoundry.sh/reference/forge/forge-lint#screaming-snake-case-immutable

note[screaming-snake-case-immutable]: immutables should use SCREAMING_SNAKE_CASE
  --> src/PSPZapIn.sol:27:35
   |
27 |     IPoolManager public immutable poolManager;
   |                                   ^^^^^^^^^^^ help: consider using: `POOL_MANAGER`
   |
   = help: https://book.getfoundry.sh/reference/forge/forge-lint#screaming-snake-case-immutable

note[mixed-case-variable]: mutable variables should use mixedCase
  --> src/PSPZapIn.sol:46:25
   |
46 |     constructor(IMixETH _mixETH, IPoolManager _poolManager) {
   |                         ^^^^^^^ help: consider using: `_mixEth`
   |
   = help: https://book.getfoundry.sh/reference/forge/forge-lint#mixed-case-variable

warning[unsafe-typecast]: typecasts that can truncate values should be checked
   --> src/PSPZapIn.sol:228:26
    |
228 |         uint256 pspOut = uint256(int256(pspDelta));
    |                          ^^^^^^^^^^^^^^^^^^^^^^^^^
    |
    = note: consider disabling this lint if you're certain the cast is safe
            
            // casting to 'uint256' is safe because [explain why]
            // forge-lint: disable-next-line(unsafe-typecast)
            
            
    = help: https://book.getfoundry.sh/reference/forge/forge-lint#unsafe-typecast

note[mixed-case-variable]: mutable variables should use mixedCase
  --> src/PSPFactory.sol:41:82
   |
41 |     event ETHCarried(uint256 indexed fromRound, uint256 indexed toRound, uint256 mixETHAmount);
   |                                                                                  ^^^^^^^^^^^^ help: consider using: `mixEthAmount`
   |
   = help: https://book.getfoundry.sh/reference/forge/forge-lint#mixed-case-variable

note[screaming-snake-case-immutable]: immutables should use SCREAMING_SNAKE_CASE
  --> src/PSPFactory.sol:59:35
   |
59 |     IPoolManager public immutable poolManager;
   |                                   ^^^^^^^^^^^ help: consider using: `POOL_MANAGER`
   |
   = help: https://book.getfoundry.sh/reference/forge/forge-lint#screaming-snake-case-immutable

note[screaming-snake-case-immutable]: immutables should use SCREAMING_SNAKE_CASE
  --> src/PSPFactory.sol:60:29
   |
60 |     IERC20 public immutable mixETH;
   |                             ^^^^^^ help: consider using: `MIX_ETH`
   |
   = help: https://book.getfoundry.sh/reference/forge/forge-lint#screaming-snake-case-immutable

note[screaming-snake-case-immutable]: immutables should use SCREAMING_SNAKE_CASE
  --> src/PSPFactory.sol:63:35
   |
63 |     HookDeployer public immutable hookDeployer;
   |                                   ^^^^^^^^^^^^ help: consider using: `HOOK_DEPLOYER`
   |
   = help: https://book.getfoundry.sh/reference/forge/forge-lint#screaming-snake-case-immutable

note[screaming-snake-case-immutable]: immutables should use SCREAMING_SNAKE_CASE
  --> src/PSPFactory.sol:65:41
   |
65 |     ControllerDeployer public immutable controllerDeployer;
   |                                         ^^^^^^^^^^^^^^^^^^ help: consider using: `CONTROLLER_DEPLOYER`
   |
   = help: https://book.getfoundry.sh/reference/forge/forge-lint#screaming-snake-case-immutable

note[screaming-snake-case-immutable]: immutables should use SCREAMING_SNAKE_CASE
  --> src/PSPFactory.sol:70:37
   |
70 |     StakerDeployer public immutable stakerDeployer;
   |                                     ^^^^^^^^^^^^^^ help: consider using: `STAKER_DEPLOYER`
   |
   = help: https://book.getfoundry.sh/reference/forge/forge-lint#screaming-snake-case-immutable

note[screaming-snake-case-immutable]: immutables should use SCREAMING_SNAKE_CASE
  --> src/PSPFactory.sol:76:36
   |
76 |     TokenDeployer public immutable tokenDeployer;
   |                                    ^^^^^^^^^^^^^ help: consider using: `TOKEN_DEPLOYER`
   |
   = help: https://book.getfoundry.sh/reference/forge/forge-lint#screaming-snake-case-immutable

note[screaming-snake-case-const]: constants should use SCREAMING_SNAKE_CASE
  --> src/PSPFactory.sol:90:27
   |
90 |     int24 public constant tickSpacing = 60;
   |                           ^^^^^^^^^^^ help: consider using: `TICK_SPACING`
   |
   = help: https://book.getfoundry.sh/reference/forge/forge-lint#screaming-snake-case-const

note[mixed-case-variable]: mutable variables should use mixedCase
   --> src/PSPFactory.sol:100:20
    |
100 |     uint128 public gameSinePL;
    |                    ^^^^^^^^^^ help: consider using: `gameSinePl`
    |
    = help: https://book.getfoundry.sh/reference/forge/forge-lint#mixed-case-variable

note[screaming-snake-case-immutable]: immutables should use SCREAMING_SNAKE_CASE
   --> src/PSPFactory.sol:105:30
    |
105 |     address public immutable sineV3Table;
    |                              ^^^^^^^^^^^ help: consider using: `SINE_V3_TABLE`
    |
    = help: https://book.getfoundry.sh/reference/forge/forge-lint#screaming-snake-case-immutable

note[mixed-case-variable]: mutable variables should use mixedCase
   --> src/PSPFactory.sol:144:51
    |
144 |     constructor(IPoolManager _poolManager, IERC20 _mixETH, HookDeployer _hookDeployer, ControllerDeployer _controllerDeployer, Stak...
    |                                                   ^^^^^^^ help: consider using: `_mixEth`
    |
    = help: https://book.getfoundry.sh/reference/forge/forge-lint#mixed-case-variable

note[screaming-snake-case-immutable]: immutables should use SCREAMING_SNAKE_CASE
   --> src/PSPFactory.sol:165:30
    |
165 |     uint256 public immutable roundTimings;
    |                              ^^^^^^^^^^^^ help: consider using: `ROUND_TIMINGS`
    |
    = help: https://book.getfoundry.sh/reference/forge/forge-lint#screaming-snake-case-immutable

note[screaming-snake-case-immutable]: immutables should use SCREAMING_SNAKE_CASE
   --> src/PSPFactory.sol:166:30
    |
166 |     address public immutable deployerCutTo;
    |                              ^^^^^^^^^^^^^ help: consider using: `DEPLOYER_CUT_TO`
    |
    = help: https://book.getfoundry.sh/reference/forge/forge-lint#screaming-snake-case-immutable

note[unused-import]: unused imports should be removed
  --> src/PSPFactory.sol:12:9
   |
12 | import {Hooks} from "@uniswap/v4-core/src/libraries/Hooks.sol";
   |         ^^^^^
   |
   = help: https://book.getfoundry.sh/reference/forge/forge-lint#unused-import

note[unused-import]: unused imports should be removed
  --> src/PSPFactory.sol:15:9
   |
15 | import {HookMiner} from "./utils/HookMiner.sol";
   |         ^^^^^^^^^
   |
   = help: https://book.getfoundry.sh/reference/forge/forge-lint#unused-import

warning[unsafe-typecast]: typecasts that can truncate values should be checked
   --> src/PSPFactory.sol:290:13
    |
290 |             uint128(fromRoundId),
    |             ^^^^^^^^^^^^^^^^^^^^
    |
    = note: consider disabling this lint if you're certain the cast is safe
            
            // casting to 'uint128' is safe because [explain why]
            // forge-lint: disable-next-line(unsafe-typecast)
            
            
    = help: https://book.getfoundry.sh/reference/forge/forge-lint#unsafe-typecast

note[asm-keccak256]: use of inefficient hashing mechanism; consider using inline assembly
   --> src/PSPFactory.sol:370:24
    |
370 |         bytes32 root = keccak256(abi.encode(block.prevrandao, block.timestamp, block.number, newRoundId));
    |                        ^^^^^^^^^^^^^^^^^^^^^^^^^^^^^^^^^^^^^^^^^^^^^^^^^^^^^^^^^^^^^^^^^^^^^^^^^^^^^^^^^^
    |
    = help: https://book.getfoundry.sh/reference/forge/forge-lint#asm-keccak256

note[asm-keccak256]: use of inefficient hashing mechanism; consider using inline assembly
   --> src/PSPFactory.sol:371:29
    |
371 |         bytes32 tokenSalt = keccak256(abi.encode(root, "token"));
    |                             ^^^^^^^^^^^^^^^^^^^^^^^^^^^^^^^^^^^^
    |
    = help: https://book.getfoundry.sh/reference/forge/forge-lint#asm-keccak256

note[asm-keccak256]: use of inefficient hashing mechanism; consider using inline assembly
   --> src/PSPFactory.sol:372:34
    |
372 |         bytes32 controllerSalt = keccak256(abi.encode(root, "controller"));
    |                                  ^^^^^^^^^^^^^^^^^^^^^^^^^^^^^^^^^^^^^^^^^
    |
    = help: https://book.getfoundry.sh/reference/forge/forge-lint#asm-keccak256

note[asm-keccak256]: use of inefficient hashing mechanism; consider using inline assembly
   --> src/PSPFactory.sol:380:30
    |
380 |         bytes32 stakerSalt = keccak256(abi.encode(controller, "psp-staker"));
    |                              ^^^^^^^^^^^^^^^^^^^^^^^^^^^^^^^^^^^^^^^^^^^^^^^
    |
    = help: https://book.getfoundry.sh/reference/forge/forge-lint#asm-keccak256

note[asm-keccak256]: use of inefficient hashing mechanism; consider using inline assembly
   --> src/PSPFactory.sol:384:32
    |
384 |         bytes32 registrySalt = keccak256(abi.encode(controller, "psp-registry"));
    |                                ^^^^^^^^^^^^^^^^^^^^^^^^^^^^^^^^^^^^^^^^^^^^^^^^^
    |
    = help: https://book.getfoundry.sh/reference/forge/forge-lint#asm-keccak256

warning[unsafe-typecast]: typecasts that can truncate values should be checked
   --> src/PSPFactory.sol:392:25
    |
392 |             newRoundId: uint128(newRoundId),
    |                         ^^^^^^^^^^^^^^^^^^^
    |
    = note: consider disabling this lint if you're certain the cast is safe
            
            // casting to 'uint128' is safe because [explain why]
            // forge-lint: disable-next-line(unsafe-typecast)
            
            
    = help: https://book.getfoundry.sh/reference/forge/forge-lint#unsafe-typecast

note[asm-keccak256]: use of inefficient hashing mechanism; consider using inline assembly
   --> src/PSPFactory.sol:460:32
    |
460 |         bytes32 registrySalt = keccak256(abi.encode(r.controller, "psp-registry"));
    |                                ^^^^^^^^^^^^^^^^^^^^^^^^^^^^^^^^^^^^^^^^^^^^^^^^^^^
    |
    = help: https://book.getfoundry.sh/reference/forge/forge-lint#asm-keccak256

warning[unsafe-typecast]: typecasts that can truncate values should be checked
   --> src/PSPFactory.sol:577:13
    |
577 |             uint128(fromRoundId),
    |             ^^^^^^^^^^^^^^^^^^^^
    |
    = note: consider disabling this lint if you're certain the cast is safe
            
            // casting to 'uint128' is safe because [explain why]
            // forge-lint: disable-next-line(unsafe-typecast)
            
            
    = help: https://book.getfoundry.sh/reference/forge/forge-lint#unsafe-typecast

note[mixed-case-function]: function names should use mixedCase
   --> src/PepeDescriptor8Bit.sol:191:14
    |
191 |     function renderSVG(uint256 dna) public pure returns (string memory) {
    |              ^^^^^^^^^ help: consider using: `renderSvg`
    |
    = help: https://book.getfoundry.sh/reference/forge/forge-lint#mixed-case-function

note[mixed-case-variable]: mutable variables should use mixedCase
   --> src/PepeDescriptor8Bit.sol:306:17
    |
306 |         bytes16 HEX = "0123456789ABCDEF";
    |                 ^^^ help: consider using: `hex`
    |
    = help: https://book.getfoundry.sh/reference/forge/forge-lint#mixed-case-variable

note[screaming-snake-case-immutable]: immutables should use SCREAMING_SNAKE_CASE
  --> src/SineV3Primitive.sol:15:31
   |
15 |     address private immutable _data0;
   |                               ^^^^^^ help: consider using: `_DATA0`
   |
   = help: https://book.getfoundry.sh/reference/forge/forge-lint#screaming-snake-case-immutable

note[screaming-snake-case-immutable]: immutables should use SCREAMING_SNAKE_CASE
  --> src/SineV3Primitive.sol:16:31
   |
16 |     address private immutable _data1;
   |                               ^^^^^^ help: consider using: `_DATA1`
   |
   = help: https://book.getfoundry.sh/reference/forge/forge-lint#screaming-snake-case-immutable

note[screaming-snake-case-immutable]: immutables should use SCREAMING_SNAKE_CASE
  --> src/SineV3Primitive.sol:17:31
   |
17 |     address private immutable _data2;
   |                               ^^^^^^ help: consider using: `_DATA2`
   |
   = help: https://book.getfoundry.sh/reference/forge/forge-lint#screaming-snake-case-immutable

note[screaming-snake-case-immutable]: immutables should use SCREAMING_SNAKE_CASE
  --> src/SineV3Primitive.sol:18:31
   |
18 |     address private immutable _data3;
   |                               ^^^^^^ help: consider using: `_DATA3`
   |
   = help: https://book.getfoundry.sh/reference/forge/forge-lint#screaming-snake-case-immutable

note[asm-keccak256]: use of inefficient hashing mechanism; consider using inline assembly
  --> src/names/PSPNameRegistrar.sol:65:16
   |
65 |         return keccak256(abi.encode(address(this), block.chainid, parentId, account, keccak256(bytes(label)), salt));
   |                ^^^^^^^^^^^^^^^^^^^^^^^^^^^^^^^^^^^^^^^^^^^^^^^^^^^^^^^^^^^^^^^^^^^^^^^^^^^^^^^^^^^^^^^^^^^^^^^^^^^^^
   |
   = help: https://book.getfoundry.sh/reference/forge/forge-lint#asm-keccak256

note[mixed-case-variable]: mutable variables should use mixedCase
  --> src/RoundController.sol:55:73
   |
55 |     event Predeposited(address indexed user, uint256 ethAmount, uint256 mixETHAmount);
   |                                                                         ^^^^^^^^^^^^ help: consider using: `mixEthAmount`
   |
   = help: https://book.getfoundry.sh/reference/forge/forge-lint#mixed-case-variable

note[mixed-case-variable]: mutable variables should use mixedCase
  --> src/RoundController.sol:56:31
   |
56 |     event CarrySeeded(uint256 mixETHAmount);
   |                               ^^^^^^^^^^^^ help: consider using: `mixEthAmount`
   |
   = help: https://book.getfoundry.sh/reference/forge/forge-lint#mixed-case-variable

note[mixed-case-variable]: mutable variables should use mixedCase
  --> src/RoundController.sol:57:28
   |
57 |     event Launched(uint256 totalMixETH, uint256 totalPSP);
   |                            ^^^^^^^^^^^ help: consider using: `totalMixEth`
   |
   = help: https://book.getfoundry.sh/reference/forge/forge-lint#mixed-case-variable

note[mixed-case-variable]: mutable variables should use mixedCase
  --> src/RoundController.sol:57:49
   |
57 |     event Launched(uint256 totalMixETH, uint256 totalPSP);
   |                                                 ^^^^^^^^ help: consider using: `totalPsp`
   |
   = help: https://book.getfoundry.sh/reference/forge/forge-lint#mixed-case-variable

note[mixed-case-variable]: mutable variables should use mixedCase
  --> src/RoundController.sol:66:29
   |
66 |     event FeesAdded(uint256 mixETHAmount);
   |                             ^^^^^^^^^^^^ help: consider using: `mixEthAmount`
   |
   = help: https://book.getfoundry.sh/reference/forge/forge-lint#mixed-case-variable

note[screaming-snake-case-immutable]: immutables should use SCREAMING_SNAKE_CASE
  --> src/RoundController.sol:69:31
   |
69 |     PSPToken public immutable pspToken;
   |                               ^^^^^^^^ help: consider using: `PSP_TOKEN`
   |
   = help: https://book.getfoundry.sh/reference/forge/forge-lint#screaming-snake-case-immutable

note[screaming-snake-case-immutable]: immutables should use SCREAMING_SNAKE_CASE
  --> src/RoundController.sol:70:29
   |
70 |     IERC20 public immutable mixETH;
   |                             ^^^^^^ help: consider using: `MIX_ETH`
   |
   = help: https://book.getfoundry.sh/reference/forge/forge-lint#screaming-snake-case-immutable

note[screaming-snake-case-immutable]: immutables should use SCREAMING_SNAKE_CASE
  --> src/RoundController.sol:72:30
   |
72 |     address public immutable factory;
   |                              ^^^^^^^ help: consider using: `FACTORY`
   |
   = help: https://book.getfoundry.sh/reference/forge/forge-lint#screaming-snake-case-immutable

note[screaming-snake-case-immutable]: immutables should use SCREAMING_SNAKE_CASE
  --> src/RoundController.sol:79:32
   |
79 |     PSPStaker public immutable staker;
   |                                ^^^^^^ help: consider using: `STAKER`
   |
   = help: https://book.getfoundry.sh/reference/forge/forge-lint#screaming-snake-case-immutable

note[mixed-case-variable]: mutable variables should use mixedCase
  --> src/RoundController.sol:86:17
   |
86 |         uint256 mixETHAmount;
   |                 ^^^^^^^^^^^^ help: consider using: `mixEthAmount`
   |
   = help: https://book.getfoundry.sh/reference/forge/forge-lint#mixed-case-variable

note[mixed-case-variable]: mutable variables should use mixedCase
  --> src/RoundController.sol:90:20
   |
90 |     uint256 public totalPredepositMixETH;
   |                    ^^^^^^^^^^^^^^^^^^^^^ help: consider using: `totalPredepositMixEth`
   |
   = help: https://book.getfoundry.sh/reference/forge/forge-lint#mixed-case-variable

note[mixed-case-variable]: mutable variables should use mixedCase
  --> src/RoundController.sol:92:20
   |
92 |     uint256 public totalInitialPSP; // snapshot of PSP minted at launch
   |                    ^^^^^^^^^^^^^^^ help: consider using: `totalInitialPsp`
   |
   = help: https://book.getfoundry.sh/reference/forge/forge-lint#mixed-case-variable

note[mixed-case-variable]: mutable variables should use mixedCase
   --> src/RoundController.sol:136:20
    |
136 |     uint256 public genesisPSPSnapshot;
    |                    ^^^^^^^^^^^^^^^^^^ help: consider using: `genesisPspSnapshot`
    |
    = help: https://book.getfoundry.sh/reference/forge/forge-lint#mixed-case-variable

warning[unsafe-typecast]: typecasts that can truncate values should be checked
  --> src/SineV3Primitive.sol:88:28
   |
88 |         return negative ? -int256(value) : int256(value);
   |                            ^^^^^^^^^^^^^
   |
   = note: consider disabling this lint if you're certain the cast is safe
           
           // casting to 'int256' is safe because [explain why]
           // forge-lint: disable-next-line(unsafe-typecast)
           
           
   = help: https://book.getfoundry.sh/reference/forge/forge-lint#unsafe-typecast

warning[unsafe-typecast]: typecasts that can truncate values should be checked
  --> src/SineV3Primitive.sol:88:44
   |
88 |         return negative ? -int256(value) : int256(value);
   |                                            ^^^^^^^^^^^^^
   |
   = note: consider disabling this lint if you're certain the cast is safe
           
           // casting to 'int256' is safe because [explain why]
           // forge-lint: disable-next-line(unsafe-typecast)
           
           
   = help: https://book.getfoundry.sh/reference/forge/forge-lint#unsafe-typecast

warning[unsafe-typecast]: typecasts that can truncate values should be checked
  --> src/SineV3Primitive.sol:96:65
   |
96 |         if (i <= SineV3DataInfo.LAST_QUARTER_INDEX) return -4 + int256(i - SineV3DataInfo.FIRST_QUARTER_INDEX);
   |                                                                 ^^^^^^^^^^^^^^^^^^^^^^^^^^^^^^^^^^^^^^^^^^^^^^
   |
   = note: consider disabling this lint if you're certain the cast is safe
           
           // casting to 'int256' is safe because [explain why]
           // forge-lint: disable-next-line(unsafe-typecast)
           
           
   = help: https://book.getfoundry.sh/reference/forge/forge-lint#unsafe-typecast

warning[unsafe-typecast]: typecasts that can truncate values should be checked
   --> src/SineV3Primitive.sol:109:32
    |
109 |         int256 z = R >= boot ? int256(4 * (R - boot) / lam) : -int256(FPML.divUp(4 * (boot - R), lam));
    |                                ^^^^^^^^^^^^^^^^^^^^^^^^^^^^
    |
    = note: consider disabling this lint if you're certain the cast is safe
            
            // casting to 'int256' is safe because [explain why]
            // forge-lint: disable-next-line(unsafe-typecast)
            
            
    = help: https://book.getfoundry.sh/reference/forge/forge-lint#unsafe-typecast

warning[unsafe-typecast]: typecasts that can truncate values should be checked
   --> src/SineV3Primitive.sol:111:34
    |
111 |         if (z < -512) return 1 + uint256(z + 2320) / 4;
    |                                  ^^^^^^^^^^^^^^^^^
    |
    = note: consider disabling this lint if you're certain the cast is safe
            
            // casting to 'uint256' is safe because [explain why]
            // forge-lint: disable-next-line(unsafe-typecast)
            
            
    = help: https://book.getfoundry.sh/reference/forge/forge-lint#unsafe-typecast

warning[unsafe-typecast]: typecasts that can truncate values should be checked
   --> src/SineV3Primitive.sol:112:62
    |
112 |         if (z < -4) return SineV3DataInfo.FIRST_HALF_INDEX + uint256(z + 512) / 2;
    |                                                              ^^^^^^^^^^^^^^^^
    |
    = note: consider disabling this lint if you're certain the cast is safe
            
            // casting to 'uint256' is safe because [explain why]
            // forge-lint: disable-next-line(unsafe-typecast)
            
            
    = help: https://book.getfoundry.sh/reference/forge/forge-lint#unsafe-typecast

warning[unsafe-typecast]: typecasts that can truncate values should be checked
   --> src/SineV3Primitive.sol:113:64
    |
113 |         if (z < 4) return SineV3DataInfo.FIRST_QUARTER_INDEX + uint256(z + 4);
    |                                                                ^^^^^^^^^^^^^^
    |
    = note: consider disabling this lint if you're certain the cast is safe
            
            // casting to 'uint256' is safe because [explain why]
            // forge-lint: disable-next-line(unsafe-typecast)
            
            
    = help: https://book.getfoundry.sh/reference/forge/forge-lint#unsafe-typecast

warning[unsafe-typecast]: typecasts that can truncate values should be checked
   --> src/SineV3Primitive.sol:114:65
    |
114 |         if (z < 512) return SineV3DataInfo.LAST_QUARTER_INDEX + uint256(z - 4) / 2;
    |                                                                 ^^^^^^^^^^^^^^
    |
    = note: consider disabling this lint if you're certain the cast is safe
            
            // casting to 'uint256' is safe because [explain why]
            // forge-lint: disable-next-line(unsafe-typecast)
            
            
    = help: https://book.getfoundry.sh/reference/forge/forge-lint#unsafe-typecast

warning[unsafe-typecast]: typecasts that can truncate values should be checked
   --> src/SineV3Primitive.sol:115:49
    |
115 |         return SineV3DataInfo.LAST_HALF_INDEX + uint256(z - 512) / 4;
    |                                                 ^^^^^^^^^^^^^^^^
    |
    = note: consider disabling this lint if you're certain the cast is safe
            
            // casting to 'uint256' is safe because [explain why]
            // forge-lint: disable-next-line(unsafe-typecast)
            
            
    = help: https://book.getfoundry.sh/reference/forge/forge-lint#unsafe-typecast

warning[unsafe-typecast]: typecasts that can truncate values should be checked
   --> src/SineV3Primitive.sol:128:29
    |
128 |         uint256 fraction4 = uint256(cell.left4 - 4 * base);
    |                             ^^^^^^^^^^^^^^^^^^^^^^^^^^^^^^
    |
    = note: consider disabling this lint if you're certain the cast is safe
            
            // casting to 'uint256' is safe because [explain why]
            // forge-lint: disable-next-line(unsafe-typecast)
            
            
    = help: https://book.getfoundry.sh/reference/forge/forge-lint#unsafe-typecast

warning[unsafe-typecast]: typecasts that can truncate values should be checked
   --> src/SineV3Primitive.sol:138:67
    |
138 |             samples[j] = SineV3Price.densityAtPhase(base * 1e18 + int256(phase), scale);
    |                                                                   ^^^^^^^^^^^^^
    |
    = note: consider disabling this lint if you're certain the cast is safe
            
            // casting to 'int256' is safe because [explain why]
            // forge-lint: disable-next-line(unsafe-typecast)
            
            
    = help: https://book.getfoundry.sh/reference/forge/forge-lint#unsafe-typecast

warning[unsafe-typecast]: typecasts that can truncate values should be checked
   --> src/SineV3Primitive.sol:149:46
    |
149 |                 coefficient += weight < 0 ? -int256(magnitude) : int256(magnitude);
    |                                              ^^^^^^^^^^^^^^^^^
    |
    = note: consider disabling this lint if you're certain the cast is safe
            
            // casting to 'int256' is safe because [explain why]
            // forge-lint: disable-next-line(unsafe-typecast)
            
            
    = help: https://book.getfoundry.sh/reference/forge/forge-lint#unsafe-typecast

warning[unsafe-typecast]: typecasts that can truncate values should be checked
   --> src/SineV3Primitive.sol:149:66
    |
149 |                 coefficient += weight < 0 ? -int256(magnitude) : int256(magnitude);
    |                                                                  ^^^^^^^^^^^^^^^^^
    |
    = note: consider disabling this lint if you're certain the cast is safe
            
            // casting to 'int256' is safe because [explain why]
            // forge-lint: disable-next-line(unsafe-typecast)
            
            
    = help: https://book.getfoundry.sh/reference/forge/forge-lint#unsafe-typecast

warning[unsafe-typecast]: typecasts that can truncate values should be checked
   --> src/SineV3Primitive.sol:152:22
    |
152 |             total += uint256(coefficient);
    |                      ^^^^^^^^^^^^^^^^^^^^
    |
    = note: consider disabling this lint if you're certain the cast is safe
            
            // casting to 'uint256' is safe because [explain why]
            // forge-lint: disable-next-line(unsafe-typecast)
            
            
    = help: https://book.getfoundry.sh/reference/forge/forge-lint#unsafe-typecast

note[mixed-case-variable]: mutable variables should use mixedCase
   --> src/PSPStaker.sol:130:20
    |
130 |     uint256 public pendingFeesMixETH; // orphaned (zero-weight) fees + rolling remainder
    |                    ^^^^^^^^^^^^^^^^^ help: consider using: `pendingFeesMixEth`
    |
    = help: https://book.getfoundry.sh/reference/forge/forge-lint#mixed-case-variable

note[screaming-snake-case-immutable]: immutables should use SCREAMING_SNAKE_CASE
   --> src/PSPStaker.sol:151:29
    |
151 |     IERC20 public immutable psp;
    |                             ^^^ help: consider using: `PSP`
    |
    = help: https://book.getfoundry.sh/reference/forge/forge-lint#screaming-snake-case-immutable

note[screaming-snake-case-immutable]: immutables should use SCREAMING_SNAKE_CASE
   --> src/PSPStaker.sol:152:39
    |
152 |     IRoundController public immutable controller;
    |                                       ^^^^^^^^^^ help: consider using: `CONTROLLER`
    |
    = help: https://book.getfoundry.sh/reference/forge/forge-lint#screaming-snake-case-immutable

note[screaming-snake-case-const]: constants should use SCREAMING_SNAKE_CASE
   --> src/PSPStaker.sol:163:28
    |
163 |     string public constant name = "Positive Sum Pepe Position";
    |                            ^^^^ help: consider using: `NAME`
    |
    = help: https://book.getfoundry.sh/reference/forge/forge-lint#screaming-snake-case-const

note[screaming-snake-case-const]: constants should use SCREAMING_SNAKE_CASE
   --> src/PSPStaker.sol:164:28
    |
164 |     string public constant symbol = "PSPP";
    |                            ^^^^^^ help: consider using: `SYMBOL`
    |
    = help: https://book.getfoundry.sh/reference/forge/forge-lint#screaming-snake-case-const

note[screaming-snake-case-immutable]: immutables should use SCREAMING_SNAKE_CASE
   --> src/PSPStaker.sol:184:30
    |
184 |     address public immutable descriptor;
    |                              ^^^^^^^^^^ help: consider using: `DESCRIPTOR`
    |
    = help: https://book.getfoundry.sh/reference/forge/forge-lint#screaming-snake-case-immutable

note[screaming-snake-case-immutable]: immutables should use SCREAMING_SNAKE_CASE
   --> src/PSPStaker.sol:196:31
    |
196 |     uint256 private immutable _artCombinations;
    |                               ^^^^^^^^^^^^^^^^ help: consider using: `_ART_COMBINATIONS`
    |
    = help: https://book.getfoundry.sh/reference/forge/forge-lint#screaming-snake-case-immutable

note[screaming-snake-case-immutable]: immutables should use SCREAMING_SNAKE_CASE
   --> src/PSPStaker.sol:200:31
    |
200 |     bytes32 private immutable _genesisArtSeed;
    |                               ^^^^^^^^^^^^^^^ help: consider using: `_GENESIS_ART_SEED`
    |
    = help: https://book.getfoundry.sh/reference/forge/forge-lint#screaming-snake-case-immutable

note[mixed-case-variable]: mutable variables should use mixedCase
  --> src/interfaces/ICurveHook.sol:11:43
   |
11 |     function sendFees(address to, uint256 mixETHAmount) external;
   |                                           ^^^^^^^^^^^^ help: consider using: `mixEthAmount`
   |
   = help: https://book.getfoundry.sh/reference/forge/forge-lint#mixed-case-variable

note[mixed-case-variable]: mutable variables should use mixedCase
   --> src/PSPStaker.sol:900:30
    |
900 |     function addFees(uint256 mixETHAmount) external nonReentrant {
    |                              ^^^^^^^^^^^^ help: consider using: `mixEthAmount`
    |
    = help: https://book.getfoundry.sh/reference/forge/forge-lint#mixed-case-variable

note[named-struct-fields]: prefer initializing structs with named fields
   --> src/PSPStaker.sol:923:28
    |
923 |             feeEpochs.push(FeeEpoch(epoch, creditPerWeight));
    |                            ^^^^^^^^^^^^^^^^^^^^^^^^^^^^^^^^ help: consider using named fields: `FeeEpoch({ epoch: epoch, creditBefore: creditPerWeight })`
    |
    = help: https://book.getfoundry.sh/reference/forge/forge-lint#named-struct-fields

note[mixed-case-variable]: mutable variables should use mixedCase
  --> src/PSPReferralRegistry.sol:95:22
   |
95 |     uint24[5] public TIER_BPS = [8000, 1200, 500, 200, 100];
   |                      ^^^^^^^^ help: consider using: `tierBps`
   |
   = help: https://book.getfoundry.sh/reference/forge/forge-lint#mixed-case-variable

note[screaming-snake-case-immutable]: immutables should use SCREAMING_SNAKE_CASE
   --> src/PSPReferralRegistry.sol:101:33
    |
101 |     IPSPStaker public immutable staker; // this round's staker (min-stake oracle)
    |                                 ^^^^^^ help: consider using: `STAKER`
    |
    = help: https://book.getfoundry.sh/reference/forge/forge-lint#screaming-snake-case-immutable

note[mixed-case-variable]: mutable variables should use mixedCase
   --> src/PSPReferralRegistry.sol:120:42
    |
120 |     constructor(address _staker, uint256 _minStakePSP) {
    |                                          ^^^^^^^^^^^^ help: consider using: `_minStakePsp`
    |
    = help: https://book.getfoundry.sh/reference/forge/forge-lint#mixed-case-variable

note[named-struct-fields]: prefer initializing structs with named fields
   --> src/PSPReferralRegistry.sol:219:40
    |
219 |         bytes memory data = abi.encode(Purchase(key, mixIn, minPspOut, msg.sender, mixIsZero, maxTicketPrice));
    |                                        ^^^^^^^^^^^^^^^^^^^^^^^^^^^^^^^^^^^^^^^^^^^^^^^^^^^^^^^^^^^^^^^^^^^^^^ help: consider using named fields: `Purchase({ key: key, mixIn: mixIn, minPspOut: minPspOut, buyer: msg.sender, mixIsZero: mixIsZero, maxTicketPrice: maxTicketPrice })`
    |
    = help: https://book.getfoundry.sh/reference/forge/forge-lint#named-struct-fields

warning[unsafe-typecast]: typecasts that can truncate values should be checked
   --> src/VectorPepeDescriptor.sol:138:52
    |
138 |         if (v < 0) return string.concat('-', _utoa(uint256(uint16(-v)) * 10));
    |                                                    ^^^^^^^^^^^^^^^^^^^
    |
    = note: consider disabling this lint if you're certain the cast is safe
            
            // casting to 'uint256' is safe because [explain why]
            // forge-lint: disable-next-line(unsafe-typecast)
            
            
    = help: https://book.getfoundry.sh/reference/forge/forge-lint#unsafe-typecast

warning[unsafe-typecast]: typecasts that can truncate values should be checked
   --> src/VectorPepeDescriptor.sol:138:60
    |
138 |         if (v < 0) return string.concat('-', _utoa(uint256(uint16(-v)) * 10));
    |                                                            ^^^^^^^^^^
    |
    = note: consider disabling this lint if you're certain the cast is safe
            
            // casting to 'uint16' is safe because [explain why]
            // forge-lint: disable-next-line(unsafe-typecast)
            
            
    = help: https://book.getfoundry.sh/reference/forge/forge-lint#unsafe-typecast

warning[unsafe-typecast]: typecasts that can truncate values should be checked
   --> src/VectorPepeDescriptor.sol:139:22
    |
139 |         return _utoa(uint256(uint16(v)) * 10);
    |                      ^^^^^^^^^^^^^^^^^^
    |
    = note: consider disabling this lint if you're certain the cast is safe
            
            // casting to 'uint256' is safe because [explain why]
            // forge-lint: disable-next-line(unsafe-typecast)
            
            
    = help: https://book.getfoundry.sh/reference/forge/forge-lint#unsafe-typecast

warning[unsafe-typecast]: typecasts that can truncate values should be checked
   --> src/VectorPepeDescriptor.sol:139:30
    |
139 |         return _utoa(uint256(uint16(v)) * 10);
    |                              ^^^^^^^^^
    |
    = note: consider disabling this lint if you're certain the cast is safe
            
            // casting to 'uint16' is safe because [explain why]
            // forge-lint: disable-next-line(unsafe-typecast)
            
            
    = help: https://book.getfoundry.sh/reference/forge/forge-lint#unsafe-typecast

warning[unsafe-typecast]: typecasts that can truncate values should be checked
  --> src/SineV3Price.sol:44:25
   |
44 |         return x < 0 ? -int256(value) : int256(value);
   |                         ^^^^^^^^^^^^^
   |
   = note: consider disabling this lint if you're certain the cast is safe
           
           // casting to 'int256' is safe because [explain why]
           // forge-lint: disable-next-line(unsafe-typecast)
           
           
   = help: https://book.getfoundry.sh/reference/forge/forge-lint#unsafe-typecast

warning[unsafe-typecast]: typecasts that can truncate values should be checked
  --> src/SineV3Price.sol:44:41
   |
44 |         return x < 0 ? -int256(value) : int256(value);
   |                                         ^^^^^^^^^^^^^
   |
   = note: consider disabling this lint if you're certain the cast is safe
           
           // casting to 'int256' is safe because [explain why]
           // forge-lint: disable-next-line(unsafe-typecast)
           
           
   = help: https://book.getfoundry.sh/reference/forge/forge-lint#unsafe-typecast

warning[unsafe-typecast]: typecasts that can truncate values should be checked
  --> src/SineV3Price.sol:66:25
   |
66 |         return s < 0 ? -int256(exponent) : int256(exponent);
   |                         ^^^^^^^^^^^^^^^^
   |
   = note: consider disabling this lint if you're certain the cast is safe
           
           // casting to 'int256' is safe because [explain why]
           // forge-lint: disable-next-line(unsafe-typecast)
           
           
   = help: https://book.getfoundry.sh/reference/forge/forge-lint#unsafe-typecast

warning[unsafe-typecast]: typecasts that can truncate values should be checked
  --> src/SineV3Price.sol:66:44
   |
66 |         return s < 0 ? -int256(exponent) : int256(exponent);
   |                                            ^^^^^^^^^^^^^^^^
   |
   = note: consider disabling this lint if you're certain the cast is safe
           
           // casting to 'int256' is safe because [explain why]
           // forge-lint: disable-next-line(unsafe-typecast)
           
           
   = help: https://book.getfoundry.sh/reference/forge/forge-lint#unsafe-typecast

warning[unsafe-typecast]: typecasts that can truncate values should be checked
  --> src/SineV3Price.sol:89:42
   |
89 |         uint256 normalized = _expReduced(uint256(remainder));
   |                                          ^^^^^^^^^^^^^^^^^^
   |
   = note: consider disabling this lint if you're certain the cast is safe
           
           // casting to 'uint256' is safe because [explain why]
           // forge-lint: disable-next-line(unsafe-typecast)
           
           
   = help: https://book.getfoundry.sh/reference/forge/forge-lint#unsafe-typecast

warning[unsafe-typecast]: typecasts that can truncate values should be checked
  --> src/SineV3Price.sol:91:29
   |
91 |             uint256 shift = uint256(k);
   |                             ^^^^^^^^^^
   |
   = note: consider disabling this lint if you're certain the cast is safe
           
           // casting to 'uint256' is safe because [explain why]
           // forge-lint: disable-next-line(unsafe-typecast)
           
           
   = help: https://book.getfoundry.sh/reference/forge/forge-lint#unsafe-typecast

warning[unsafe-typecast]: typecasts that can truncate values should be checked
  --> src/SineV3Price.sol:95:30
   |
95 |         uint256 rightShift = uint256(-k);
   |                              ^^^^^^^^^^^
   |
   = note: consider disabling this lint if you're certain the cast is safe
           
           // casting to 'uint256' is safe because [explain why]
           // forge-lint: disable-next-line(unsafe-typecast)
           
           
   = help: https://book.getfoundry.sh/reference/forge/forge-lint#unsafe-typecast

note[screaming-snake-case-immutable]: immutables should use SCREAMING_SNAKE_CASE
  --> src/HookInitCode.sol:47:30
   |
47 |     address public immutable first;
   |                              ^^^^^ help: consider using: `FIRST`
   |
   = help: https://book.getfoundry.sh/reference/forge/forge-lint#screaming-snake-case-immutable

note[screaming-snake-case-immutable]: immutables should use SCREAMING_SNAKE_CASE
  --> src/HookInitCode.sol:48:30
   |
48 |     address public immutable second;
   |                              ^^^^^^ help: consider using: `SECOND`
   |
   = help: https://book.getfoundry.sh/reference/forge/forge-lint#screaming-snake-case-immutable

note[mixed-case-function]: function names should use mixedCase
 --> src/interfaces/IMixETH.sol:8:14
  |
8 |     function depositETH() external payable returns (uint256 shares);
  |              ^^^^^^^^^^ help: consider using: `depositEth`
  |
  = help: https://book.getfoundry.sh/reference/forge/forge-lint#mixed-case-function

note[mixed-case-function]: function names should use mixedCase
 --> src/interfaces/IMixETH.sol:9:14
  |
9 |     function redeemETH(uint256 shareAmount) external returns (uint256 ethOut);
  |              ^^^^^^^^^ help: consider using: `redeemEth`
  |
  = help: https://book.getfoundry.sh/reference/forge/forge-lint#mixed-case-function

note[screaming-snake-case-immutable]: immutables should use SCREAMING_SNAKE_CASE
  --> src/PSPReinvestor.sol:33:33
   |
33 |     IPSPStaker public immutable staker;
   |                                 ^^^^^^ help: consider using: `STAKER`
   |
   = help: https://book.getfoundry.sh/reference/forge/forge-lint#screaming-snake-case-immutable

note[screaming-snake-case-immutable]: immutables should use SCREAMING_SNAKE_CASE
  --> src/PSPReinvestor.sol:34:32
   |
34 |     IPSPZapIn public immutable zapIn;
   |                                ^^^^^ help: consider using: `ZAP_IN`
   |
   = help: https://book.getfoundry.sh/reference/forge/forge-lint#screaming-snake-case-immutable

note[screaming-snake-case-immutable]: immutables should use SCREAMING_SNAKE_CASE
  --> src/PSPReinvestor.sol:35:29
   |
35 |     IERC20 public immutable mix;
   |                             ^^^ help: consider using: `MIX`
   |
   = help: https://book.getfoundry.sh/reference/forge/forge-lint#screaming-snake-case-immutable

note[screaming-snake-case-immutable]: immutables should use SCREAMING_SNAKE_CASE
  --> src/PSPReinvestor.sol:36:29
   |
36 |     IERC20 public immutable psp;
   |                             ^^^ help: consider using: `PSP`
   |
   = help: https://book.getfoundry.sh/reference/forge/forge-lint#screaming-snake-case-immutable

note[screaming-snake-case-immutable]: immutables should use SCREAMING_SNAKE_CASE
  --> src/PepeExpandedDescriptor.sol:15:30
   |
15 |     address public immutable artData;
   |                              ^^^^^^^ help: consider using: `ART_DATA`
   |
   = help: https://book.getfoundry.sh/reference/forge/forge-lint#screaming-snake-case-immutable

note[mixed-case-function]: function names should use mixedCase
   --> src/PepeExpandedDescriptor.sol:139:14
    |
139 |     function renderSVG(uint256 dna) public view returns (string memory) {
    |              ^^^^^^^^^ help: consider using: `renderSvg`
    |
    = help: https://book.getfoundry.sh/reference/forge/forge-lint#mixed-case-function

note[mixed-case-variable]: mutable variables should use mixedCase
   --> src/PepeExpandedDescriptor.sol:255:17
    |
255 |         bytes16 HEX = "0123456789ABCDEF";
    |                 ^^^ help: consider using: `hex`
    |
    = help: https://book.getfoundry.sh/reference/forge/forge-lint#mixed-case-variable

note[mixed-case-variable]: mutable variables should use mixedCase
  --> src/PSPGraveZap.sol:11:73
   |
11 |     function redeemBacking(uint256 pspAmount) external returns (uint256 mixETHOut);
   |                                                                         ^^^^^^^^^ help: consider using: `mixEthOut`
   |
   = help: https://book.getfoundry.sh/reference/forge/forge-lint#mixed-case-variable

note[screaming-snake-case-immutable]: immutables should use SCREAMING_SNAKE_CASE
  --> src/PSPGraveZap.sol:47:30
   |
47 |     address public immutable mixETH;
   |                              ^^^^^^ help: consider using: `MIX_ETH`
   |
   = help: https://book.getfoundry.sh/reference/forge/forge-lint#screaming-snake-case-immutable

note[mixed-case-variable]: mutable variables should use mixedCase
  --> src/PSPGraveZap.sol:49:25
   |
49 |     constructor(address _mixETH) {
   |                         ^^^^^^^ help: consider using: `_mixEth`
   |
   = help: https://book.getfoundry.sh/reference/forge/forge-lint#mixed-case-variable

note[screaming-snake-case-immutable]: immutables should use SCREAMING_SNAKE_CASE
  --> src/names/PSPRemoteNameGate.sol:18:30
   |
18 |     uint256 public immutable sourceChainId;
   |                              ^^^^^^^^^^^^^ help: consider using: `SOURCE_CHAIN_ID`
   |
   = help: https://book.getfoundry.sh/reference/forge/forge-lint#screaming-snake-case-immutable

note[screaming-snake-case-immutable]: immutables should use SCREAMING_SNAKE_CASE
  --> src/names/PSPRemoteNameGate.sol:19:30
   |
19 |     address public immutable factory;
   |                              ^^^^^^^ help: consider using: `FACTORY`
   |
   = help: https://book.getfoundry.sh/reference/forge/forge-lint#screaming-snake-case-immutable

note[mixed-case-function]: function names should use mixedCase
 --> test/dinosat/VerificationSentinels.t.sol:9:14
  |
9 |     function check_false_assertion(uint256 x) public pure {
  |              ^^^^^^^^^^^^^^^^^^^^^ help: consider using: `checkFalseAssertion`
  |
  = help: https://book.getfoundry.sh/reference/forge/forge-lint#mixed-case-function

note[mixed-case-function]: function names should use mixedCase
  --> test/dinosat/VerificationSentinels.t.sol:13:14
   |
13 |     function check_empty_domain(uint256 x) public pure {
   |              ^^^^^^^^^^^^^^^^^^ help: consider using: `checkEmptyDomain`
   |
   = help: https://book.getfoundry.sh/reference/forge/forge-lint#mixed-case-function

note[unsafe-cheatcode]: usage of unsafe cheatcodes that can perform dangerous operations
  --> test/dinosat/HookRulesSymbolic.t.sol:91:12
   |
91 |         vm.writeFile("out/hook-rules-runtime.hex", vm.toString(address(actual).code));
   |            ^^^^^^^^^
   |
   = help: https://book.getfoundry.sh/reference/forge/forge-lint#unsafe-cheatcode

note[mixed-case-function]: function names should use mixedCase
  --> test/dinosat/HookRulesSymbolic.t.sol:96:14
   |
96 |     function check_ticket_interval(uint256 pot, uint256 unrelatedGenesisPot) public {
   |              ^^^^^^^^^^^^^^^^^^^^^ help: consider using: `checkTicketInterval`
   |
   = help: https://book.getfoundry.sh/reference/forge/forge-lint#mixed-case-function

note[mixed-case-function]: function names should use mixedCase
   --> test/dinosat/HookRulesSymbolic.t.sol:114:14
    |
114 |     function check_active_minimum_positive(uint256 pot) public {
    |              ^^^^^^^^^^^^^^^^^^^^^^^^^^^^^ help: consider using: `checkActiveMinimumPositive`
    |
    = help: https://book.getfoundry.sh/reference/forge/forge-lint#mixed-case-function

note[mixed-case-function]: function names should use mixedCase
   --> test/dinosat/HookRulesSymbolic.t.sol:122:14
    |
122 |     function check_ticket_genesis_independent(uint256 pot, uint256 genesisA, uint256 genesisB) public {
    |              ^^^^^^^^^^^^^^^^^^^^^^^^^^^^^^^^ help: consider using: `checkTicketGenesisIndependent`
    |
    = help: https://book.getfoundry.sh/reference/forge/forge-lint#mixed-case-function

note[mixed-case-function]: function names should use mixedCase
   --> test/dinosat/HookRulesSymbolic.t.sol:131:14
    |
131 |     function check_ticket_adjacent(uint256 pot) public {
    |              ^^^^^^^^^^^^^^^^^^^^^ help: consider using: `checkTicketAdjacent`
    |
    = help: https://book.getfoundry.sh/reference/forge/forge-lint#mixed-case-function

note[mixed-case-function]: function names should use mixedCase
   --> test/dinosat/HookRulesSymbolic.t.sol:143:14
    |
143 |     function check_prelaunch_minimum(bool configured) public {
    |              ^^^^^^^^^^^^^^^^^^^^^^^ help: consider using: `checkPrelaunchMinimum`
    |
    = help: https://book.getfoundry.sh/reference/forge/forge-lint#mixed-case-function

note[mixed-case-function]: function names should use mixedCase
   --> test/dinosat/HookRulesSymbolic.t.sol:151:14
    |
151 |     function check_legacy_minimum(uint256 pot, bool initialized) public {
    |              ^^^^^^^^^^^^^^^^^^^^ help: consider using: `checkLegacyMinimum`
    |
    = help: https://book.getfoundry.sh/reference/forge/forge-lint#mixed-case-function

note[screaming-snake-case-immutable]: immutables should use SCREAMING_SNAKE_CASE
  --> src/CurveHook.sol:66:39
   |
66 |     IRoundController public immutable controller;
   |                                       ^^^^^^^^^^ help: consider using: `CONTROLLER`
   |
   = help: https://book.getfoundry.sh/reference/forge/forge-lint#screaming-snake-case-immutable

note[mixed-case-function]: function names should use mixedCase
   --> test/dinosat/HookRulesSymbolic.t.sol:158:14
    |
158 |     function check_setMode_unauthorized(address caller, uint8 initialMode, uint8 targetMode) public {
    |              ^^^^^^^^^^^^^^^^^^^^^^^^^^ help: consider using: `checkSetModeUnauthorized`
    |
    = help: https://book.getfoundry.sh/reference/forge/forge-lint#mixed-case-function

warning[unsafe-typecast]: typecasts that can truncate values should be checked
   --> test/dinosat/HookRulesSymbolic.t.sol:168:16
    |
168 |         assert(bytes4(reason) == CurveHook.NotController.selector);
    |                ^^^^^^^^^^^^^^
    |
    = note: consider disabling this lint if you're certain the cast is safe
            
            // casting to 'bytes4' is safe because [explain why]
            // forge-lint: disable-next-line(unsafe-typecast)
            
            
    = help: https://book.getfoundry.sh/reference/forge/forge-lint#unsafe-typecast

note[mixed-case-function]: function names should use mixedCase
  --> test/dinosat/SineV3PriceSymbolic.t.sol:25:14
   |
25 |     function check_phaseat_monotone_pos_q1(uint88 frac) public pure {
   |              ^^^^^^^^^^^^^^^^^^^^^^^^^^^^^ help: consider using: `checkPhaseatMonotonePosQ1`
   |
   = help: https://book.getfoundry.sh/reference/forge/forge-lint#mixed-case-function

note[mixed-case-function]: function names should use mixedCase
  --> test/dinosat/SineV3PriceSymbolic.t.sol:34:14
   |
34 |     function check_phaseat_monotone_pos_q2(uint88 frac) public pure {
   |              ^^^^^^^^^^^^^^^^^^^^^^^^^^^^^ help: consider using: `checkPhaseatMonotonePosQ2`
   |
   = help: https://book.getfoundry.sh/reference/forge/forge-lint#mixed-case-function

note[mixed-case-function]: function names should use mixedCase
  --> test/dinosat/SineV3PriceSymbolic.t.sol:41:14
   |
41 |     function check_phaseat_monotone_pos_q3(uint88 frac) public pure {
   |              ^^^^^^^^^^^^^^^^^^^^^^^^^^^^^ help: consider using: `checkPhaseatMonotonePosQ3`
   |
   = help: https://book.getfoundry.sh/reference/forge/forge-lint#mixed-case-function

note[mixed-case-function]: function names should use mixedCase
  --> test/dinosat/SineV3PriceSymbolic.t.sol:48:14
   |
48 |     function check_phaseat_monotone_pos_q4(uint88 frac) public pure {
   |              ^^^^^^^^^^^^^^^^^^^^^^^^^^^^^ help: consider using: `checkPhaseatMonotonePosQ4`
   |
   = help: https://book.getfoundry.sh/reference/forge/forge-lint#mixed-case-function

note[mixed-case-function]: function names should use mixedCase
  --> test/dinosat/SineV3PriceSymbolic.t.sol:55:14
   |
55 |     function check_phaseat_monotone_neg(uint88 frac) public pure {
   |              ^^^^^^^^^^^^^^^^^^^^^^^^^^ help: consider using: `checkPhaseatMonotoneNeg`
   |
   = help: https://book.getfoundry.sh/reference/forge/forge-lint#mixed-case-function

note[mixed-case-function]: function names should use mixedCase
  --> test/dinosat/SineV3PriceSymbolic.t.sol:94:14
   |
94 |     function check_phaseat_odd(uint88 x) public pure {
   |              ^^^^^^^^^^^^^^^^^ help: consider using: `checkPhaseatOdd`
   |
   = help: https://book.getfoundry.sh/reference/forge/forge-lint#mixed-case-function

note[mixed-case-function]: function names should use mixedCase
   --> test/dinosat/SineV3PriceSymbolic.t.sol:112:14
    |
112 |     function check_phaseat_displacement_pos(uint88 x) public pure {
    |              ^^^^^^^^^^^^^^^^^^^^^^^^^^^^^^ help: consider using: `checkPhaseatDisplacementPos`
    |
    = help: https://book.getfoundry.sh/reference/forge/forge-lint#mixed-case-function

note[mixed-case-function]: function names should use mixedCase
   --> test/dinosat/SineV3PriceSymbolic.t.sol:120:14
    |
120 |     function check_phaseat_displacement_neg(uint88 x) public pure {
    |              ^^^^^^^^^^^^^^^^^^^^^^^^^^^^^^ help: consider using: `checkPhaseatDisplacementNeg`
    |
    = help: https://book.getfoundry.sh/reference/forge/forge-lint#mixed-case-function

note[mixed-case-function]: function names should use mixedCase
   --> test/dinosat/SineV3PriceSymbolic.t.sol:137:14
    |
137 |     function check_scaledexp_monotone(int72 e) public pure {
    |              ^^^^^^^^^^^^^^^^^^^^^^^^ help: consider using: `checkScaledexpMonotone`
    |
    = help: https://book.getfoundry.sh/reference/forge/forge-lint#mixed-case-function

note[mixed-case-function]: function names should use mixedCase
   --> test/dinosat/SineV3PriceSymbolic.t.sol:145:14
    |
145 |     function check_scaledexp_reverts_huge_scale(uint256 scale) public {
    |              ^^^^^^^^^^^^^^^^^^^^^^^^^^^^^^^^^^ help: consider using: `checkScaledexpRevertsHugeScale`
    |
    = help: https://book.getfoundry.sh/reference/forge/forge-lint#mixed-case-function

warning[unsafe-typecast]: typecasts that can truncate values should be checked
  --> test/dinosat/SineV3PriceSymbolic.t.sol:29:36
   |
29 |         assert(SineV3Price.phaseAt(int256(x)) <= SineV3Price.phaseAt(int256(x + 1)));
   |                                    ^^^^^^^^^
   |
   = note: consider disabling this lint if you're certain the cast is safe
           
           // casting to 'int256' is safe because [explain why]
           // forge-lint: disable-next-line(unsafe-typecast)
           
           
   = help: https://book.getfoundry.sh/reference/forge/forge-lint#unsafe-typecast

warning[unsafe-typecast]: typecasts that can truncate values should be checked
  --> test/dinosat/SineV3PriceSymbolic.t.sol:29:70
   |
29 |         assert(SineV3Price.phaseAt(int256(x)) <= SineV3Price.phaseAt(int256(x + 1)));
   |                                                                      ^^^^^^^^^^^^^
   |
   = note: consider disabling this lint if you're certain the cast is safe
           
           // casting to 'int256' is safe because [explain why]
           // forge-lint: disable-next-line(unsafe-typecast)
           
           
   = help: https://book.getfoundry.sh/reference/forge/forge-lint#unsafe-typecast

warning[unsafe-typecast]: typecasts that can truncate values should be checked
  --> test/dinosat/SineV3PriceSymbolic.t.sol:66:36
   |
66 |         assert(SineV3Price.phaseAt(int256(WAD - 1)) <= SineV3Price.phaseAt(int256(WAD)));
   |                                    ^^^^^^^^^^^^^^^
   |
   = note: consider disabling this lint if you're certain the cast is safe
           
           // casting to 'int256' is safe because [explain why]
           // forge-lint: disable-next-line(unsafe-typecast)
           
           
   = help: https://book.getfoundry.sh/reference/forge/forge-lint#unsafe-typecast

warning[unsafe-typecast]: typecasts that can truncate values should be checked
  --> test/dinosat/SineV3PriceSymbolic.t.sol:66:76
   |
66 |         assert(SineV3Price.phaseAt(int256(WAD - 1)) <= SineV3Price.phaseAt(int256(WAD)));
   |                                                                            ^^^^^^^^^^^
   |
   = note: consider disabling this lint if you're certain the cast is safe
           
           // casting to 'int256' is safe because [explain why]
           // forge-lint: disable-next-line(unsafe-typecast)
           
           
   = help: https://book.getfoundry.sh/reference/forge/forge-lint#unsafe-typecast

warning[unsafe-typecast]: typecasts that can truncate values should be checked
  --> test/dinosat/SineV3PriceSymbolic.t.sol:72:36
   |
72 |         assert(SineV3Price.phaseAt(int256(WAD / 4 - 1)) <= SineV3Price.phaseAt(int256(WAD / 4)));
   |                                    ^^^^^^^^^^^^^^^^^^^
   |
   = note: consider disabling this lint if you're certain the cast is safe
           
           // casting to 'int256' is safe because [explain why]
           // forge-lint: disable-next-line(unsafe-typecast)
           
           
   = help: https://book.getfoundry.sh/reference/forge/forge-lint#unsafe-typecast

warning[unsafe-typecast]: typecasts that can truncate values should be checked
  --> test/dinosat/SineV3PriceSymbolic.t.sol:72:80
   |
72 |         assert(SineV3Price.phaseAt(int256(WAD / 4 - 1)) <= SineV3Price.phaseAt(int256(WAD / 4)));
   |                                                                                ^^^^^^^^^^^^^^^
   |
   = note: consider disabling this lint if you're certain the cast is safe
           
           // casting to 'int256' is safe because [explain why]
           // forge-lint: disable-next-line(unsafe-typecast)
           
           
   = help: https://book.getfoundry.sh/reference/forge/forge-lint#unsafe-typecast

warning[unsafe-typecast]: typecasts that can truncate values should be checked
  --> test/dinosat/SineV3PriceSymbolic.t.sol:73:36
   |
73 |         assert(SineV3Price.phaseAt(int256(WAD / 2 - 1)) <= SineV3Price.phaseAt(int256(WAD / 2)));
   |                                    ^^^^^^^^^^^^^^^^^^^
   |
   = note: consider disabling this lint if you're certain the cast is safe
           
           // casting to 'int256' is safe because [explain why]
           // forge-lint: disable-next-line(unsafe-typecast)
           
           
   = help: https://book.getfoundry.sh/reference/forge/forge-lint#unsafe-typecast

warning[unsafe-typecast]: typecasts that can truncate values should be checked
  --> test/dinosat/SineV3PriceSymbolic.t.sol:73:80
   |
73 |         assert(SineV3Price.phaseAt(int256(WAD / 2 - 1)) <= SineV3Price.phaseAt(int256(WAD / 2)));
   |                                                                                ^^^^^^^^^^^^^^^
   |
   = note: consider disabling this lint if you're certain the cast is safe
           
           // casting to 'int256' is safe because [explain why]
           // forge-lint: disable-next-line(unsafe-typecast)
           
           
   = help: https://book.getfoundry.sh/reference/forge/forge-lint#unsafe-typecast

warning[unsafe-typecast]: typecasts that can truncate values should be checked
  --> test/dinosat/SineV3PriceSymbolic.t.sol:74:36
   |
74 |         assert(SineV3Price.phaseAt(int256(3 * WAD / 4 - 1)) <= SineV3Price.phaseAt(int256(3 * WAD / 4)));
   |                                    ^^^^^^^^^^^^^^^^^^^^^^^
   |
   = note: consider disabling this lint if you're certain the cast is safe
           
           // casting to 'int256' is safe because [explain why]
           // forge-lint: disable-next-line(unsafe-typecast)
           
           
   = help: https://book.getfoundry.sh/reference/forge/forge-lint#unsafe-typecast

warning[unsafe-typecast]: typecasts that can truncate values should be checked
  --> test/dinosat/SineV3PriceSymbolic.t.sol:74:84
   |
74 |         assert(SineV3Price.phaseAt(int256(3 * WAD / 4 - 1)) <= SineV3Price.phaseAt(int256(3 * WAD / 4)));
   |                                                                                    ^^^^^^^^^^^^^^^^^^^
   |
   = note: consider disabling this lint if you're certain the cast is safe
           
           // casting to 'int256' is safe because [explain why]
           // forge-lint: disable-next-line(unsafe-typecast)
           
           
   = help: https://book.getfoundry.sh/reference/forge/forge-lint#unsafe-typecast

warning[unsafe-typecast]: typecasts that can truncate values should be checked
  --> test/dinosat/SineV3PriceSymbolic.t.sol:83:39
   |
83 |         check_phaseat_monotone_pos_q1(uint88(WAD / 4 - 1));
   |                                       ^^^^^^^^^^^^^^^^^^^
   |
   = note: consider disabling this lint if you're certain the cast is safe
           
           // casting to 'uint88' is safe because [explain why]
           // forge-lint: disable-next-line(unsafe-typecast)
           
           
   = help: https://book.getfoundry.sh/reference/forge/forge-lint#unsafe-typecast

warning[unsafe-typecast]: typecasts that can truncate values should be checked
  --> test/dinosat/SineV3PriceSymbolic.t.sol:84:39
   |
84 |         check_phaseat_monotone_pos_q2(uint88(WAD / 4));
   |                                       ^^^^^^^^^^^^^^^
   |
   = note: consider disabling this lint if you're certain the cast is safe
           
           // casting to 'uint88' is safe because [explain why]
           // forge-lint: disable-next-line(unsafe-typecast)
           
           
   = help: https://book.getfoundry.sh/reference/forge/forge-lint#unsafe-typecast

warning[unsafe-typecast]: typecasts that can truncate values should be checked
  --> test/dinosat/SineV3PriceSymbolic.t.sol:85:39
   |
85 |         check_phaseat_monotone_pos_q2(uint88(WAD / 2 - 1));
   |                                       ^^^^^^^^^^^^^^^^^^^
   |
   = note: consider disabling this lint if you're certain the cast is safe
           
           // casting to 'uint88' is safe because [explain why]
           // forge-lint: disable-next-line(unsafe-typecast)
           
           
   = help: https://book.getfoundry.sh/reference/forge/forge-lint#unsafe-typecast

warning[unsafe-typecast]: typecasts that can truncate values should be checked
  --> test/dinosat/SineV3PriceSymbolic.t.sol:86:39
   |
86 |         check_phaseat_monotone_pos_q3(uint88(WAD / 2));
   |                                       ^^^^^^^^^^^^^^^
   |
   = note: consider disabling this lint if you're certain the cast is safe
           
           // casting to 'uint88' is safe because [explain why]
           // forge-lint: disable-next-line(unsafe-typecast)
           
           
   = help: https://book.getfoundry.sh/reference/forge/forge-lint#unsafe-typecast

warning[unsafe-typecast]: typecasts that can truncate values should be checked
  --> test/dinosat/SineV3PriceSymbolic.t.sol:87:39
   |
87 |         check_phaseat_monotone_pos_q3(uint88(3 * WAD / 4 - 1));
   |                                       ^^^^^^^^^^^^^^^^^^^^^^^
   |
   = note: consider disabling this lint if you're certain the cast is safe
           
           // casting to 'uint88' is safe because [explain why]
           // forge-lint: disable-next-line(unsafe-typecast)
           
           
   = help: https://book.getfoundry.sh/reference/forge/forge-lint#unsafe-typecast

warning[unsafe-typecast]: typecasts that can truncate values should be checked
  --> test/dinosat/SineV3PriceSymbolic.t.sol:88:39
   |
88 |         check_phaseat_monotone_pos_q4(uint88(3 * WAD / 4));
   |                                       ^^^^^^^^^^^^^^^^^^^
   |
   = note: consider disabling this lint if you're certain the cast is safe
           
           // casting to 'uint88' is safe because [explain why]
           // forge-lint: disable-next-line(unsafe-typecast)
           
           
   = help: https://book.getfoundry.sh/reference/forge/forge-lint#unsafe-typecast

warning[unsafe-typecast]: typecasts that can truncate values should be checked
  --> test/dinosat/SineV3PriceSymbolic.t.sol:89:39
   |
89 |         check_phaseat_monotone_pos_q4(uint88(WAD - 1));
   |                                       ^^^^^^^^^^^^^^^
   |
   = note: consider disabling this lint if you're certain the cast is safe
           
           // casting to 'uint88' is safe because [explain why]
           // forge-lint: disable-next-line(unsafe-typecast)
           
           
   = help: https://book.getfoundry.sh/reference/forge/forge-lint#unsafe-typecast

note[screaming-snake-case-immutable]: immutables should use SCREAMING_SNAKE_CASE
  --> src/ControllerDeployer.sol:24:47
   |
24 |     ReferralRegistryInitCode public immutable registryInitOracle;
   |                                               ^^^^^^^^^^^^^^^^^^ help: consider using: `REGISTRY_INIT_ORACLE`
   |
   = help: https://book.getfoundry.sh/reference/forge/forge-lint#screaming-snake-case-immutable

note[mixed-case-variable]: mutable variables should use mixedCase
  --> src/ControllerDeployer.sol:47:16
   |
47 |         IERC20 mixETH,
   |                ^^^^^^ help: consider using: `mixEth`
   |
   = help: https://book.getfoundry.sh/reference/forge/forge-lint#mixed-case-variable

note[mixed-case-variable]: mutable variables should use mixedCase
  --> src/ControllerDeployer.sol:98:16
   |
98 |         IERC20 mixETH,
   |                ^^^^^^ help: consider using: `mixEth`
   |
   = help: https://book.getfoundry.sh/reference/forge/forge-lint#mixed-case-variable

note[mixed-case-variable]: mutable variables should use mixedCase
   --> src/ControllerDeployer.sol:135:16
    |
135 |         IERC20 mixETH,
    |                ^^^^^^ help: consider using: `mixEth`
    |
    = help: https://book.getfoundry.sh/reference/forge/forge-lint#mixed-case-variable

note[mixed-case-variable]: mutable variables should use mixedCase
   --> src/ControllerDeployer.sol:161:53
    |
161 |     function deployRegistry(address staker, uint256 minStakePSP)
    |                                                     ^^^^^^^^^^^ help: consider using: `minStakePsp`
    |
    = help: https://book.getfoundry.sh/reference/forge/forge-lint#mixed-case-variable

note[mixed-case-variable]: mutable variables should use mixedCase
   --> src/ControllerDeployer.sol:172:69
    |
172 |     function deployRegistryAt(bytes32 salt, address staker, uint256 minStakePSP)
    |                                                                     ^^^^^^^^^^^ help: consider using: `minStakePsp`
    |
    = help: https://book.getfoundry.sh/reference/forge/forge-lint#mixed-case-variable

note[mixed-case-variable]: mutable variables should use mixedCase
   --> src/ControllerDeployer.sol:195:68
    |
195 |     function predictRegistry(bytes32 salt, address staker, uint256 minStakePSP)
    |                                                                    ^^^^^^^^^^^ help: consider using: `minStakePsp`
    |
    = help: https://book.getfoundry.sh/reference/forge/forge-lint#mixed-case-variable

note[mixed-case-function]: function names should use mixedCase
  --> test/dinosat/SineV3PrimitiveSymbolic.t.sol:54:14
   |
54 |     function check_cell_monotone_0(uint256 r) public view {
   |              ^^^^^^^^^^^^^^^^^^^^^ help: consider using: `checkCellMonotone0`
   |
   = help: https://book.getfoundry.sh/reference/forge/forge-lint#mixed-case-function

note[mixed-case-function]: function names should use mixedCase
  --> test/dinosat/SineV3PrimitiveSymbolic.t.sol:59:14
   |
59 |     function check_cell_monotone_500(uint256 r) public view {
   |              ^^^^^^^^^^^^^^^^^^^^^^^ help: consider using: `checkCellMonotone500`
   |
   = help: https://book.getfoundry.sh/reference/forge/forge-lint#mixed-case-function

note[mixed-case-function]: function names should use mixedCase
  --> test/dinosat/SineV3PrimitiveSymbolic.t.sol:64:14
   |
64 |     function check_cell_monotone_708(uint256 r) public view {
   |              ^^^^^^^^^^^^^^^^^^^^^^^ help: consider using: `checkCellMonotone708`
   |
   = help: https://book.getfoundry.sh/reference/forge/forge-lint#mixed-case-function

note[mixed-case-function]: function names should use mixedCase
  --> test/dinosat/SineV3PrimitiveSymbolic.t.sol:69:14
   |
69 |     function check_cell_monotone_710(uint256 r) public view {
   |              ^^^^^^^^^^^^^^^^^^^^^^^ help: consider using: `checkCellMonotone710`
   |
   = help: https://book.getfoundry.sh/reference/forge/forge-lint#mixed-case-function

note[mixed-case-function]: function names should use mixedCase
  --> test/dinosat/SineV3PrimitiveSymbolic.t.sol:74:14
   |
74 |     function check_cell_monotone_711(uint256 r) public view {
   |              ^^^^^^^^^^^^^^^^^^^^^^^ help: consider using: `checkCellMonotone711`
   |
   = help: https://book.getfoundry.sh/reference/forge/forge-lint#mixed-case-function

note[mixed-case-function]: function names should use mixedCase
  --> test/dinosat/SineV3PrimitiveSymbolic.t.sol:79:14
   |
79 |     function check_cell_monotone_716(uint256 r) public view {
   |              ^^^^^^^^^^^^^^^^^^^^^^^ help: consider using: `checkCellMonotone716`
   |
   = help: https://book.getfoundry.sh/reference/forge/forge-lint#mixed-case-function

note[mixed-case-function]: function names should use mixedCase
  --> test/dinosat/SineV3PrimitiveSymbolic.t.sol:84:14
   |
84 |     function check_cell_monotone_1000(uint256 r) public view {
   |              ^^^^^^^^^^^^^^^^^^^^^^^^ help: consider using: `checkCellMonotone1000`
   |
   = help: https://book.getfoundry.sh/reference/forge/forge-lint#mixed-case-function

note[mixed-case-function]: function names should use mixedCase
  --> test/dinosat/SineV3PrimitiveSymbolic.t.sol:89:14
   |
89 |     function check_cell_terminal_plateau(uint256 r) public view {
   |              ^^^^^^^^^^^^^^^^^^^^^^^^^^^ help: consider using: `checkCellTerminalPlateau`
   |
   = help: https://book.getfoundry.sh/reference/forge/forge-lint#mixed-case-function

warning[unsafe-typecast]: typecasts that can truncate values should be checked
  --> test/dinosat/SineV3PrimitiveSymbolic.t.sol:23:39
   |
23 |         if (left4 >= 0) return BOOT + uint256(left4) * LAM / 4;
   |                                       ^^^^^^^^^^^^^^
   |
   = note: consider disabling this lint if you're certain the cast is safe
           
           // casting to 'uint256' is safe because [explain why]
           // forge-lint: disable-next-line(unsafe-typecast)
           
           
   = help: https://book.getfoundry.sh/reference/forge/forge-lint#unsafe-typecast

warning[unsafe-typecast]: typecasts that can truncate values should be checked
  --> test/dinosat/SineV3PrimitiveSymbolic.t.sol:24:25
   |
24 |         uint256 back = (uint256(-left4) * LAM + 3) / 4; // divUp
   |                         ^^^^^^^^^^^^^^^
   |
   = note: consider disabling this lint if you're certain the cast is safe
           
           // casting to 'uint256' is safe because [explain why]
           // forge-lint: disable-next-line(unsafe-typecast)
           
           
   = help: https://book.getfoundry.sh/reference/forge/forge-lint#unsafe-typecast

warning[unsafe-typecast]: typecasts that can truncate values should be checked
   --> test/dinosat/SineV3PrimitiveSymbolic.t.sol:102:33
    |
102 |         int256 right4 = left4 + int256(width4);
    |                                 ^^^^^^^^^^^^^^
    |
    = note: consider disabling this lint if you're certain the cast is safe
            
            // casting to 'int256' is safe because [explain why]
            // forge-lint: disable-next-line(unsafe-typecast)
            
            
    = help: https://book.getfoundry.sh/reference/forge/forge-lint#unsafe-typecast

warning[unsafe-typecast]: typecasts that can truncate values should be checked
   --> test/dinosat/SineV3PrimitiveSymbolic.t.sol:104:28
    |
104 |             uint256 back = uint256(-right4) * LAM / 4; // floor
    |                            ^^^^^^^^^^^^^^^^
    |
    = note: consider disabling this lint if you're certain the cast is safe
            
            // casting to 'uint256' is safe because [explain why]
            // forge-lint: disable-next-line(unsafe-typecast)
            
            
    = help: https://book.getfoundry.sh/reference/forge/forge-lint#unsafe-typecast

warning[unsafe-typecast]: typecasts that can truncate values should be checked
   --> test/dinosat/SineV3PrimitiveSymbolic.t.sol:108:24
    |
108 |         return BOOT + (uint256(right4) * LAM + 3) / 4;
    |                        ^^^^^^^^^^^^^^^
    |
    = note: consider disabling this lint if you're certain the cast is safe
            
            // casting to 'uint256' is safe because [explain why]
            // forge-lint: disable-next-line(unsafe-typecast)
            
            
    = help: https://book.getfoundry.sh/reference/forge/forge-lint#unsafe-typecast

note[mixed-case-variable]: mutable variables should use mixedCase
   --> src/libraries/SineMath.sol:238:17
    |
238 |         uint256 Rn = reserveAt(c, qNow - pspIn);
    |                 ^^ help: consider using: `rn`
    |
    = help: https://book.getfoundry.sh/reference/forge/forge-lint#mixed-case-variable

warning[unsafe-typecast]: typecasts that can truncate values should be checked
   --> src/libraries/SineMath.sol:108:67
    |
108 |         uint256 bootPrice = FPML.mulWad(p.p0, uint256(FPML.expWad(int256(preGrowth))));
    |                                                                   ^^^^^^^^^^^^^^^^^
    |
    = note: consider disabling this lint if you're certain the cast is safe
            
            // casting to 'int256' is safe because [explain why]
            // forge-lint: disable-next-line(unsafe-typecast)
            
            
    = help: https://book.getfoundry.sh/reference/forge/forge-lint#unsafe-typecast

warning[unsafe-typecast]: typecasts that can truncate values should be checked
   --> src/libraries/SineMath.sol:126:42
    |
126 |         c.waveTrend = uint256(FPML.lnWad(int256(lnArg))) / WAVES;
    |                                          ^^^^^^^^^^^^^
    |
    = note: consider disabling this lint if you're certain the cast is safe
            
            // casting to 'int256' is safe because [explain why]
            // forge-lint: disable-next-line(unsafe-typecast)
            
            
    = help: https://book.getfoundry.sh/reference/forge/forge-lint#unsafe-typecast

warning[unsafe-typecast]: typecasts that can truncate values should be checked
   --> src/libraries/SineMath.sol:188:53
    |
188 |         uint256 x = FPML.divWad(uint256(-FPML.lnWad(int256(gNegX))), uint256(FPML.lnWad(int256(c.g))));
    |                                                     ^^^^^^^^^^^^^
    |
    = note: consider disabling this lint if you're certain the cast is safe
            
            // casting to 'int256' is safe because [explain why]
            // forge-lint: disable-next-line(unsafe-typecast)
            
            
    = help: https://book.getfoundry.sh/reference/forge/forge-lint#unsafe-typecast

warning[unsafe-typecast]: typecasts that can truncate values should be checked
   --> src/libraries/SineMath.sol:259:58
    |
259 |             uint256 preReciprocal = uint256(FPML.expWad(-int256(preArg)));
    |                                                          ^^^^^^^^^^^^^^
    |
    = note: consider disabling this lint if you're certain the cast is safe
            
            // casting to 'int256' is safe because [explain why]
            // forge-lint: disable-next-line(unsafe-typecast)
            
            
    = help: https://book.getfoundry.sh/reference/forge/forge-lint#unsafe-typecast

warning[unsafe-typecast]: typecasts that can truncate values should be checked
   --> src/libraries/SineMath.sol:277:42
    |
277 |             ? -int256(FPML.mulWad(c.amp, uint256(-sinv)))
    |                                          ^^^^^^^^^^^^^^
    |
    = note: consider disabling this lint if you're certain the cast is safe
            
            // casting to 'uint256' is safe because [explain why]
            // forge-lint: disable-next-line(unsafe-typecast)
            
            
    = help: https://book.getfoundry.sh/reference/forge/forge-lint#unsafe-typecast

warning[unsafe-typecast]: typecasts that can truncate values should be checked
   --> src/libraries/SineMath.sol:278:41
    |
278 |             : int256(FPML.mulWad(c.amp, uint256(sinv)));
    |                                         ^^^^^^^^^^^^^
    |
    = note: consider disabling this lint if you're certain the cast is safe
            
            // casting to 'uint256' is safe because [explain why]
            // forge-lint: disable-next-line(unsafe-typecast)
            
            
    = help: https://book.getfoundry.sh/reference/forge/forge-lint#unsafe-typecast

warning[unsafe-typecast]: typecasts that can truncate values should be checked
   --> src/libraries/SineMath.sol:280:24
    |
280 |         if (trendArg > uint256(MAX_EXP_ARG) + c.amp) revert ExpPriceArg();
    |                        ^^^^^^^^^^^^^^^^^^^^
    |
    = note: consider disabling this lint if you're certain the cast is safe
            
            // casting to 'uint256' is safe because [explain why]
            // forge-lint: disable-next-line(unsafe-typecast)
            
            
    = help: https://book.getfoundry.sh/reference/forge/forge-lint#unsafe-typecast

warning[unsafe-typecast]: typecasts that can truncate values should be checked
   --> src/libraries/SineMath.sol:281:16
    |
281 |         return int256(trendArg) + ampTerm;
    |                ^^^^^^^^^^^^^^^^
    |
    = note: consider disabling this lint if you're certain the cast is safe
            
            // casting to 'int256' is safe because [explain why]
            // forge-lint: disable-next-line(unsafe-typecast)
            
            
    = help: https://book.getfoundry.sh/reference/forge/forge-lint#unsafe-typecast

warning[unsafe-typecast]: typecasts that can truncate values should be checked
   --> src/libraries/SineMath.sol:288:47
    |
288 |         uint256 expNeg = uint256(FPML.expWad(-int256(arg)));
    |                                               ^^^^^^^^^^^
    |
    = note: consider disabling this lint if you're certain the cast is safe
            
            // casting to 'int256' is safe because [explain why]
            // forge-lint: disable-next-line(unsafe-typecast)
            
            
    = help: https://book.getfoundry.sh/reference/forge/forge-lint#unsafe-typecast

warning[unsafe-typecast]: typecasts that can truncate values should be checked
   --> src/PSPReferralRegistry.sol:244:28
    |
244 |         if (output <= 0 || uint256(output) < p.minPspOut) revert InsufficientOutput();
    |                            ^^^^^^^^^^^^^^^
    |
    = note: consider disabling this lint if you're certain the cast is safe
            
            // casting to 'uint256' is safe because [explain why]
            // forge-lint: disable-next-line(unsafe-typecast)
            
            
    = help: https://book.getfoundry.sh/reference/forge/forge-lint#unsafe-typecast

warning[unsafe-typecast]: typecasts that can truncate values should be checked
   --> src/PSPReferralRegistry.sol:245:80
    |
245 |         manager.take(p.mixIsZero ? p.key.currency1 : p.key.currency0, p.buyer, uint256(output));
    |                                                                                ^^^^^^^^^^^^^^^
    |
    = note: consider disabling this lint if you're certain the cast is safe
            
            // casting to 'uint256' is safe because [explain why]
            // forge-lint: disable-next-line(unsafe-typecast)
            
            
    = help: https://book.getfoundry.sh/reference/forge/forge-lint#unsafe-typecast

warning[unsafe-typecast]: typecasts that can truncate values should be checked
   --> src/PSPReferralRegistry.sol:246:27
    |
246 |         return abi.encode(uint256(output));
    |                           ^^^^^^^^^^^^^^^
    |
    = note: consider disabling this lint if you're certain the cast is safe
            
            // casting to 'uint256' is safe because [explain why]
            // forge-lint: disable-next-line(unsafe-typecast)
            
            
    = help: https://book.getfoundry.sh/reference/forge/forge-lint#unsafe-typecast

note[mixed-case-variable]: mutable variables should use mixedCase
  --> src/ReferralRegistryInitCode.sol:10:55
   |
10 |     function registryInitCode(address staker, uint256 minStakePSP) external pure returns (bytes memory) {
   |                                                       ^^^^^^^^^^^ help: consider using: `minStakePsp`
   |
   = help: https://book.getfoundry.sh/reference/forge/forge-lint#mixed-case-variable

note[named-struct-fields]: prefer initializing structs with named fields
  --> src/names/PSPNameRegistrar.sol:73:35
   |
73 |         commitments[msg.sender] = Commitment(hash, uint64(block.timestamp), parentEpoch, gateVersion);
   |                                   ^^^^^^^^^^^^^^^^^^^^^^^^^^^^^^^^^^^^^^^^^^^^^^^^^^^^^^^^^^^^^^^^^^^ help: consider using named fields: `Commitment({ hash: hash, createdAt: uint64(block.timestamp), epoch: parentEpoch, gateVersion: gateVersion })`
   |
   = help: https://book.getfoundry.sh/reference/forge/forge-lint#named-struct-fields

note[mixed-case-function]: function names should use mixedCase
  --> test/dinosat/SineV3MathSymbolic.t.sol:83:14
   |
83 |     function check_domain_rejects_invalid_price(uint256 pL) public {
   |              ^^^^^^^^^^^^^^^^^^^^^^^^^^^^^^^^^^ help: consider using: `checkDomainRejectsInvalidPrice`
   |
   = help: https://book.getfoundry.sh/reference/forge/forge-lint#mixed-case-function

note[mixed-case-function]: function names should use mixedCase
  --> test/dinosat/SineV3MathSymbolic.t.sol:95:14
   |
95 |     function check_domain_rejects_excess_reserve(uint256 reserve) public {
   |              ^^^^^^^^^^^^^^^^^^^^^^^^^^^^^^^^^^^ help: consider using: `checkDomainRejectsExcessReserve`
   |
   = help: https://book.getfoundry.sh/reference/forge/forge-lint#mixed-case-function

note[mixed-case-function]: function names should use mixedCase
   --> test/dinosat/SineV3MathSymbolic.t.sol:135:14
    |
135 |     function check_buyout_spot_bound(uint112 spend) public view {
    |              ^^^^^^^^^^^^^^^^^^^^^^^ help: consider using: `checkBuyoutSpotBound`
    |
    = help: https://book.getfoundry.sh/reference/forge/forge-lint#mixed-case-function

note[mixed-case-function]: function names should use mixedCase
   --> test/dinosat/SineV3MathSymbolic.t.sol:147:14
    |
147 |     function check_buyout_supply_monotone(uint112 spend) public view {
    |              ^^^^^^^^^^^^^^^^^^^^^^^^^^^^ help: consider using: `checkBuyoutSupplyMonotone`
    |
    = help: https://book.getfoundry.sh/reference/forge/forge-lint#mixed-case-function

warning[unsafe-typecast]: typecasts that can truncate values should be checked
  --> test/dinosat/SineV3MathSymbolic.t.sol:90:16
   |
90 |         assert(bytes4(result) == SineV3Math.SineV3Domain.selector);
   |                ^^^^^^^^^^^^^^
   |
   = note: consider disabling this lint if you're certain the cast is safe
           
           // casting to 'bytes4' is safe because [explain why]
           // forge-lint: disable-next-line(unsafe-typecast)
           
           
   = help: https://book.getfoundry.sh/reference/forge/forge-lint#unsafe-typecast

warning[unsafe-typecast]: typecasts that can truncate values should be checked
   --> test/dinosat/SineV3MathSymbolic.t.sol:102:16
    |
102 |         assert(bytes4(result) == SineV3Math.SineV3Domain.selector);
    |                ^^^^^^^^^^^^^^
    |
    = note: consider disabling this lint if you're certain the cast is safe
            
            // casting to 'bytes4' is safe because [explain why]
            // forge-lint: disable-next-line(unsafe-typecast)
            
            
    = help: https://book.getfoundry.sh/reference/forge/forge-lint#unsafe-typecast

warning[unsafe-typecast]: typecasts that can truncate values should be checked
   --> test/dinosat/SineV3MathSymbolic.t.sol:160:33
    |
160 |         check_buyout_spot_bound(uint112(spend));
    |                                 ^^^^^^^^^^^^^^
    |
    = note: consider disabling this lint if you're certain the cast is safe
            
            // casting to 'uint112' is safe because [explain why]
            // forge-lint: disable-next-line(unsafe-typecast)
            
            
    = help: https://book.getfoundry.sh/reference/forge/forge-lint#unsafe-typecast

warning[unsafe-typecast]: typecasts that can truncate values should be checked
   --> test/dinosat/SineV3MathSymbolic.t.sol:165:38
    |
165 |         check_buyout_supply_monotone(uint112(spend));
    |                                      ^^^^^^^^^^^^^^
    |
    = note: consider disabling this lint if you're certain the cast is safe
            
            // casting to 'uint112' is safe because [explain why]
            // forge-lint: disable-next-line(unsafe-typecast)
            
            
    = help: https://book.getfoundry.sh/reference/forge/forge-lint#unsafe-typecast

note[mixed-case-variable]: mutable variables should use mixedCase
   --> src/RoundController.sol:160:16
    |
160 |         IERC20 _mixETH,
    |                ^^^^^^^ help: consider using: `_mixEth`
    |
    = help: https://book.getfoundry.sh/reference/forge/forge-lint#mixed-case-variable

note[mixed-case-function]: function names should use mixedCase
   --> src/RoundController.sol:242:14
    |
242 |     function getPSP() external view returns (address) { return address(pspToken); }
    |              ^^^^^^ help: consider using: `getPsp`
    |
    = help: https://book.getfoundry.sh/reference/forge/forge-lint#mixed-case-function

note[mixed-case-function]: function names should use mixedCase
   --> src/RoundController.sol:243:14
    |
243 |     function getMixETH() external view returns (Currency) { return Currency.wrap(address(mixETH)); }
    |              ^^^^^^^^^ help: consider using: `getMixEth`
    |
    = help: https://book.getfoundry.sh/reference/forge/forge-lint#mixed-case-function

note[mixed-case-function]: function names should use mixedCase
   --> src/RoundController.sol:250:14
    |
250 |     function mixETHToETH(uint256 mixETHAmount) public view returns (uint256) {
    |              ^^^^^^^^^^^ help: consider using: `mixEthToEth`
    |
    = help: https://book.getfoundry.sh/reference/forge/forge-lint#mixed-case-function

note[mixed-case-variable]: mutable variables should use mixedCase
   --> src/RoundController.sol:250:34
    |
250 |     function mixETHToETH(uint256 mixETHAmount) public view returns (uint256) {
    |                                  ^^^^^^^^^^^^ help: consider using: `mixEthAmount`
    |
    = help: https://book.getfoundry.sh/reference/forge/forge-lint#mixed-case-variable

note[mixed-case-function]: function names should use mixedCase
   --> src/RoundController.sol:272:14
    |
272 |     function mintPSPForSwap(uint256 amount) external onlyHook {
    |              ^^^^^^^^^^^^^^ help: consider using: `mintPspForSwap`
    |
    = help: https://book.getfoundry.sh/reference/forge/forge-lint#mixed-case-function

note[mixed-case-function]: function names should use mixedCase
   --> src/RoundController.sol:276:14
    |
276 |     function burnPSPForSwap(uint256 amount) external onlyHook {
    |              ^^^^^^^^^^^^^^ help: consider using: `burnPspForSwap`
    |
    = help: https://book.getfoundry.sh/reference/forge/forge-lint#mixed-case-function

note[mixed-case-variable]: mutable variables should use mixedCase
   --> src/RoundController.sol:283:30
    |
283 |     function addFees(uint256 mixETHAmount) external onlyHook {
    |                              ^^^^^^^^^^^^ help: consider using: `mixEthAmount`
    |
    = help: https://book.getfoundry.sh/reference/forge/forge-lint#mixed-case-variable

note[mixed-case-variable]: mutable variables should use mixedCase
   --> src/RoundController.sol:298:41
    |
298 |     function predepositWithPepe(uint256 mixETHAmount, uint256 pepeId) external nonReentrant {
    |                                         ^^^^^^^^^^^^ help: consider using: `mixEthAmount`
    |
    = help: https://book.getfoundry.sh/reference/forge/forge-lint#mixed-case-variable

note[mixed-case-variable]: mutable variables should use mixedCase
   --> src/RoundController.sol:308:33
    |
308 |     function predeposit(uint256 mixETHAmount) external nonReentrant {
    |                                 ^^^^^^^^^^^^ help: consider using: `mixEthAmount`
    |
    = help: https://book.getfoundry.sh/reference/forge/forge-lint#mixed-case-variable

note[mixed-case-variable]: mutable variables should use mixedCase
   --> src/RoundController.sol:318:57
    |
318 |     function predepositFor(address beneficiary, uint256 mixETHAmount) external nonReentrant {
    |                                                         ^^^^^^^^^^^^ help: consider using: `mixEthAmount`
    |
    = help: https://book.getfoundry.sh/reference/forge/forge-lint#mixed-case-variable

note[mixed-case-variable]: mutable variables should use mixedCase
   --> src/RoundController.sol:322:58
    |
322 |     function _predepositFor(address beneficiary, uint256 mixETHAmount) internal {
    |                                                          ^^^^^^^^^^^^ help: consider using: `mixEthAmount`
    |
    = help: https://book.getfoundry.sh/reference/forge/forge-lint#mixed-case-variable

note[mixed-case-variable]: mutable variables should use mixedCase
   --> src/RoundController.sol:350:32
    |
350 |     function seedCarry(uint256 mixETHAmount) external nonReentrant {
    |                                ^^^^^^^^^^^^ help: consider using: `mixEthAmount`
    |
    = help: https://book.getfoundry.sh/reference/forge/forge-lint#mixed-case-variable

note[mixed-case-variable]: mutable variables should use mixedCase
   --> src/RoundController.sol:370:33
    |
370 |     function potDeposit(uint256 mixETHAmount) external nonReentrant {
    |                                 ^^^^^^^^^^^^ help: consider using: `mixEthAmount`
    |
    = help: https://book.getfoundry.sh/reference/forge/forge-lint#mixed-case-variable

note[mixed-case-variable]: mutable variables should use mixedCase
   --> src/RoundController.sol:386:20
    |
386 |     uint256 public carryBonusMixETH;
    |                    ^^^^^^^^^^^^^^^^ help: consider using: `carryBonusMixEth`
    |
    = help: https://book.getfoundry.sh/reference/forge/forge-lint#mixed-case-variable

note[mixed-case-variable]: mutable variables should use mixedCase
   --> src/RoundController.sol:400:59
    |
400 |         try hook.sineGenesisPSP(netBoot) returns (uint256 genesisPSP) {
    |                                                           ^^^^^^^^^^ help: consider using: `genesisPsp`
    |
    = help: https://book.getfoundry.sh/reference/forge/forge-lint#mixed-case-variable

note[mixed-case-variable]: mutable variables should use mixedCase
   --> src/RoundController.sol:485:17
    |
485 |         uint256 initialPSP = hook.sineConfigured()
    |                 ^^^^^^^^^^ help: consider using: `initialPsp`
    |
    = help: https://book.getfoundry.sh/reference/forge/forge-lint#mixed-case-variable

note[mixed-case-function]: function names should use mixedCase
   --> src/RoundController.sol:519:14
    |
519 |     function _distributeInitialPSP(uint256 initialPSP) internal {
    |              ^^^^^^^^^^^^^^^^^^^^^ help: consider using: `_distributeInitialPsp`
    |
    = help: https://book.getfoundry.sh/reference/forge/forge-lint#mixed-case-function

note[mixed-case-variable]: mutable variables should use mixedCase
   --> src/RoundController.sol:519:44
    |
519 |     function _distributeInitialPSP(uint256 initialPSP) internal {
    |                                            ^^^^^^^^^^ help: consider using: `initialPsp`
    |
    = help: https://book.getfoundry.sh/reference/forge/forge-lint#mixed-case-variable

note[mixed-case-function]: function names should use mixedCase
   --> src/RoundController.sol:532:14
    |
532 |     function claimPredepositPSP() external nonReentrant {
    |              ^^^^^^^^^^^^^^^^^^ help: consider using: `claimPredepositPsp`
    |
    = help: https://book.getfoundry.sh/reference/forge/forge-lint#mixed-case-function

note[mixed-case-function]: function names should use mixedCase
   --> src/RoundController.sol:542:14
    |
542 |     function claimPredepositPSPWithPepe(uint256 pepeId) external nonReentrant {
    |              ^^^^^^^^^^^^^^^^^^^^^^^^^^ help: consider using: `claimPredepositPspWithPepe`
    |
    = help: https://book.getfoundry.sh/reference/forge/forge-lint#mixed-case-function

note[mixed-case-function]: function names should use mixedCase
   --> src/RoundController.sol:546:14
    |
546 |     function _claimPredepositPSP(uint256 pepeId, bool chosen) private {
    |              ^^^^^^^^^^^^^^^^^^^ help: consider using: `_claimPredepositPsp`
    |
    = help: https://book.getfoundry.sh/reference/forge/forge-lint#mixed-case-function

warning[unsafe-typecast]: typecasts that can truncate values should be checked
   --> src/SineV3Primitive.sol:225:30
    |
225 |         int256 target = f0 + int256(distance);
    |                              ^^^^^^^^^^^^^^^^
    |
    = note: consider disabling this lint if you're certain the cast is safe
            
            // casting to 'int256' is safe because [explain why]
            // forge-lint: disable-next-line(unsafe-typecast)
            
            
    = help: https://book.getfoundry.sh/reference/forge/forge-lint#unsafe-typecast

note[unwrapped-modifier-logic]: wrap modifier logic to reduce code size
   --> src/RoundController.sol:223:5
    |
223 | /     modifier onlyHook() {
224 | |         if (msg.sender != address(hook)) revert NotHook();
225 | |         _;
226 | |     }
    | |_____^
    |
help: wrap modifier logic to reduce code size
    |
223 ~     modifier onlyHook() {
224 +         _onlyHook();
225 +         _;
226 +     }
227 + 
228 +     function _onlyHook() internal {
229 +         if (msg.sender != address(hook)) revert NotHook();
230 +     }
    |
    = help: https://book.getfoundry.sh/reference/forge/forge-lint#unwrapped-modifier-logic

warning[unsafe-typecast]: typecasts that can truncate values should be checked
   --> src/SineV3Primitive.sol:276:36
    |
276 |         if (x4 >= 0) return boot + uint256(x4) * lam / 4;
    |                                    ^^^^^^^^^^^
    |
    = note: consider disabling this lint if you're certain the cast is safe
            
            // casting to 'uint256' is safe because [explain why]
            // forge-lint: disable-next-line(unsafe-typecast)
            
            
    = help: https://book.getfoundry.sh/reference/forge/forge-lint#unsafe-typecast

warning[unsafe-typecast]: typecasts that can truncate values should be checked
   --> src/SineV3Primitive.sol:277:35
    |
277 |         uint256 back = FPML.divUp(uint256(-x4) * lam, 4);
    |                                   ^^^^^^^^^^^^
    |
    = note: consider disabling this lint if you're certain the cast is safe
            
            // casting to 'uint256' is safe because [explain why]
            // forge-lint: disable-next-line(unsafe-typecast)
            
            
    = help: https://book.getfoundry.sh/reference/forge/forge-lint#unsafe-typecast

warning[unsafe-typecast]: typecasts that can truncate values should be checked
   --> src/SineV3Primitive.sol:282:47
    |
282 |         if (x4 >= 0) return boot + FPML.divUp(uint256(x4) * lam, 4);
    |                                               ^^^^^^^^^^^
    |
    = note: consider disabling this lint if you're certain the cast is safe
            
            // casting to 'uint256' is safe because [explain why]
            // forge-lint: disable-next-line(unsafe-typecast)
            
            
    = help: https://book.getfoundry.sh/reference/forge/forge-lint#unsafe-typecast

warning[unsafe-typecast]: typecasts that can truncate values should be checked
   --> src/SineV3Primitive.sol:283:24
    |
283 |         uint256 back = uint256(-x4) * lam / 4;
    |                        ^^^^^^^^^^^^
    |
    = note: consider disabling this lint if you're certain the cast is safe
            
            // casting to 'uint256' is safe because [explain why]
            // forge-lint: disable-next-line(unsafe-typecast)
            
            
    = help: https://book.getfoundry.sh/reference/forge/forge-lint#unsafe-typecast

note[screaming-snake-case-immutable]: immutables should use SCREAMING_SNAKE_CASE
  --> src/CurveHook.sol:69:42
   |
69 |     PSPReferralRegistry public immutable referralRegistry;
   |                                          ^^^^^^^^^^^^^^^^ help: consider using: `REFERRAL_REGISTRY`
   |
   = help: https://book.getfoundry.sh/reference/forge/forge-lint#screaming-snake-case-immutable

note[screaming-snake-case-immutable]: immutables should use SCREAMING_SNAKE_CASE
   --> src/CurveHook.sol:126:30
    |
126 |     uint256 public immutable detWindow;
    |                              ^^^^^^^^^ help: consider using: `DET_WINDOW`
    |
    = help: https://book.getfoundry.sh/reference/forge/forge-lint#screaming-snake-case-immutable

note[mixed-case-variable]: mutable variables should use mixedCase
   --> src/CurveHook.sol:141:20
    |
141 |     uint256 public reserveMixETH;   // mixETH backing circulating PSP (excludes fees)
    |                    ^^^^^^^^^^^^^ help: consider using: `reserveMixEth`
    |
    = help: https://book.getfoundry.sh/reference/forge/forge-lint#mixed-case-variable

note[mixed-case-variable]: mutable variables should use mixedCase
   --> src/CurveHook.sol:142:20
    |
142 |     uint256 public totalSupplyPSP;  // total PSP minted by curve
    |                    ^^^^^^^^^^^^^^ help: consider using: `totalSupplyPsp`
    |
    = help: https://book.getfoundry.sh/reference/forge/forge-lint#mixed-case-variable

note[mixed-case-variable]: mutable variables should use mixedCase
   --> src/CurveHook.sol:157:20
    |
157 |     uint128 public sinePL;
    |                    ^^^^^^ help: consider using: `sinePl`
    |
    = help: https://book.getfoundry.sh/reference/forge/forge-lint#mixed-case-variable

note[mixed-case-function]: function names should use mixedCase
   --> src/CurveHook.sol:212:14
    |
212 |     function MIN_BUY_INPUT() public view returns (uint256) {
    |              ^^^^^^^^^^^^^ help: consider using: `minBuyInput`
    |
    = help: https://book.getfoundry.sh/reference/forge/forge-lint#mixed-case-function

warning[divide-before-multiply]: multiplication should occur before division to avoid loss of precision
   --> src/CurveHook.sol:234:36
    |
234 |         return GameRules.MIN_BUY + (growth / 1_000_000) * 21 + (growth % 1_000_000) * 21 / 1_000_000;
    |                                    ^^^^^^^^^^^^^^^^^^^^^^^^^
    |
    = help: https://book.getfoundry.sh/reference/forge/forge-lint#divide-before-multiply

note[screaming-snake-case-immutable]: immutables should use SCREAMING_SNAKE_CASE
   --> src/CurveHook.sol:240:30
    |
240 |     address public immutable deployerCutTo;
    |                              ^^^^^^^^^^^^^ help: consider using: `DEPLOYER_CUT_TO`
    |
    = help: https://book.getfoundry.sh/reference/forge/forge-lint#screaming-snake-case-immutable

note[mixed-case-variable]: mutable variables should use mixedCase
   --> src/CurveHook.sol:263:46
    |
263 |     event Buy(address indexed buyer, uint256 mixETHIn, uint256 pspOut, uint256 newSupply, uint256 newReserveMixETH);
    |                                              ^^^^^^^^ help: consider using: `mixEthIn`
    |
    = help: https://book.getfoundry.sh/reference/forge/forge-lint#mixed-case-variable

note[mixed-case-variable]: mutable variables should use mixedCase
   --> src/CurveHook.sol:263:99
    |
263 |     event Buy(address indexed buyer, uint256 mixETHIn, uint256 pspOut, uint256 newSupply, uint256 newReserveMixETH);
    |                                                                                                   ^^^^^^^^^^^^^^^^ help: consider using: `newReserveMixEth`
    |
    = help: https://book.getfoundry.sh/reference/forge/forge-lint#mixed-case-variable

note[mixed-case-variable]: mutable variables should use mixedCase
   --> src/CurveHook.sol:264:63
    |
264 |     event Sell(address indexed seller, uint256 pspIn, uint256 mixETHOut, uint256 newSupply, uint256 newReserveMixETH);
    |                                                               ^^^^^^^^^ help: consider using: `mixEthOut`
    |
    = help: https://book.getfoundry.sh/reference/forge/forge-lint#mixed-case-variable

note[mixed-case-variable]: mutable variables should use mixedCase
   --> src/CurveHook.sol:264:101
    |
264 |     event Sell(address indexed seller, uint256 pspIn, uint256 mixETHOut, uint256 newSupply, uint256 newReserveMixETH);
    |                                                                                                     ^^^^^^^^^^^^^^^^ help: consider using: `newReserveMixEth`
    |
    = help: https://book.getfoundry.sh/reference/forge/forge-lint#mixed-case-variable

note[mixed-case-variable]: mutable variables should use mixedCase
   --> src/CurveHook.sol:267:48
    |
267 |     event FeesSent(address indexed to, uint256 mixETHAmount);
    |                                                ^^^^^^^^^^^^ help: consider using: `mixEthAmount`
    |
    = help: https://book.getfoundry.sh/reference/forge/forge-lint#mixed-case-variable

note[mixed-case-variable]: mutable variables should use mixedCase
   --> src/CurveHook.sol:269:51
    |
269 |     event PotClaimed(address indexed who, uint256 mixETHAmount);
    |                                                   ^^^^^^^^^^^^ help: consider using: `mixEthAmount`
    |
    = help: https://book.getfoundry.sh/reference/forge/forge-lint#mixed-case-variable

note[mixed-case-variable]: mutable variables should use mixedCase
   --> src/CurveHook.sol:270:62
    |
270 |     event DeployerCreditClaimed(address indexed who, uint256 mixETHAmount);
    |                                                              ^^^^^^^^^^^^ help: consider using: `mixEthAmount`
    |
    = help: https://book.getfoundry.sh/reference/forge/forge-lint#mixed-case-variable

note[mixed-case-function]: function names should use mixedCase
   --> src/CurveHook.sol:311:14
    |
311 |     function totalReserveETH() public view returns (uint256) {
    |              ^^^^^^^^^^^^^^^ help: consider using: `totalReserveEth`
    |
    = help: https://book.getfoundry.sh/reference/forge/forge-lint#mixed-case-function

note[mixed-case-variable]: mutable variables should use mixedCase
   --> src/CurveHook.sol:353:18
    |
353 |         Currency mixETH = controller.getMixETH();
    |                  ^^^^^^ help: consider using: `mixEth`
    |
    = help: https://book.getfoundry.sh/reference/forge/forge-lint#mixed-case-variable

note[mixed-case-variable]: mutable variables should use mixedCase
   --> src/CurveHook.sol:393:18
    |
393 |         Currency mixETH = controller.getMixETH();
    |                  ^^^^^^ help: consider using: `mixEth`
    |
    = help: https://book.getfoundry.sh/reference/forge/forge-lint#mixed-case-variable

note[mixed-case-variable]: mutable variables should use mixedCase
   --> src/CurveHook.sol:453:17
    |
453 |         uint256 legMixETH,
    |                 ^^^^^^^^^ help: consider using: `legMixEth`
    |
    = help: https://book.getfoundry.sh/reference/forge/forge-lint#mixed-case-variable

note[mixed-case-variable]: mutable variables should use mixedCase
   --> src/CurveHook.sol:454:18
    |
454 |         Currency mixETH
    |                  ^^^^^^ help: consider using: `mixEth`
    |
    = help: https://book.getfoundry.sh/reference/forge/forge-lint#mixed-case-variable

note[mixed-case-variable]: mutable variables should use mixedCase
   --> src/CurveHook.sol:491:48
    |
491 |     function _splitFee(address trader, uint256 feeMixETH, Currency mixETH) internal returns (uint256 stakerLeg) {
    |                                                ^^^^^^^^^ help: consider using: `feeMixEth`
    |
    = help: https://book.getfoundry.sh/reference/forge/forge-lint#mixed-case-variable

note[mixed-case-variable]: mutable variables should use mixedCase
   --> src/CurveHook.sol:491:68
    |
491 |     function _splitFee(address trader, uint256 feeMixETH, Currency mixETH) internal returns (uint256 stakerLeg) {
    |                                                                    ^^^^^^ help: consider using: `mixEth`
    |
    = help: https://book.getfoundry.sh/reference/forge/forge-lint#mixed-case-variable

note[mixed-case-variable]: mutable variables should use mixedCase
   --> src/CurveHook.sol:508:99
    |
508 |     function _handleBuy(address sender, PoolKey calldata key, SwapParams calldata params, uint256 mixETHInput,
    |                                                                                                   ^^^^^^^^^^^ help: consider using: `mixEthInput`
    |
    = help: https://book.getfoundry.sh/reference/forge/forge-lint#mixed-case-variable

note[mixed-case-variable]: mutable variables should use mixedCase
   --> src/CurveHook.sol:509:18
    |
509 |         Currency mixETH, Currency psp, address refTrader, uint256 maxTicketPrice)
    |                  ^^^^^^ help: consider using: `mixEth`
    |
    = help: https://book.getfoundry.sh/reference/forge/forge-lint#mixed-case-variable

note[mixed-case-variable]: mutable variables should use mixedCase
   --> src/CurveHook.sol:539:17
    |
539 |         uint256 feeMixETH = FPML.fullMulDiv(mixETHInput, swapFeeBps(), 10000);
    |                 ^^^^^^^^^ help: consider using: `feeMixEth`
    |
    = help: https://book.getfoundry.sh/reference/forge/forge-lint#mixed-case-variable

note[mixed-case-variable]: mutable variables should use mixedCase
   --> src/CurveHook.sol:540:17
    |
540 |         uint256 curveMixETH = mixETHInput - feeMixETH;
    |                 ^^^^^^^^^^^ help: consider using: `curveMixEth`
    |
    = help: https://book.getfoundry.sh/reference/forge/forge-lint#mixed-case-variable

note[mixed-case-variable]: mutable variables should use mixedCase
   --> src/CurveHook.sol:591:17
    |
591 |         uint256 stakerFeeMixETH = _splitFee(refTrader, feeMixETH, mixETH);
    |                 ^^^^^^^^^^^^^^^ help: consider using: `stakerFeeMixEth`
    |
    = help: https://book.getfoundry.sh/reference/forge/forge-lint#mixed-case-variable

note[mixed-case-variable]: mutable variables should use mixedCase
   --> src/CurveHook.sol:613:18
    |
613 |         Currency mixETH, Currency psp, address refTrader)
    |                  ^^^^^^ help: consider using: `mixEth`
    |
    = help: https://book.getfoundry.sh/reference/forge/forge-lint#mixed-case-variable

note[mixed-case-variable]: mutable variables should use mixedCase
   --> src/CurveHook.sol:630:17
    |
630 |         uint256 mixETHOut = sineActive
    |                 ^^^^^^^^^ help: consider using: `mixEthOut`
    |
    = help: https://book.getfoundry.sh/reference/forge/forge-lint#mixed-case-variable

note[mixed-case-variable]: mutable variables should use mixedCase
   --> src/CurveHook.sol:639:17
    |
639 |         uint256 feeMixETH = FPML.fullMulDiv(mixETHOut, swapFeeBps(), 10000);
    |                 ^^^^^^^^^ help: consider using: `feeMixEth`
    |
    = help: https://book.getfoundry.sh/reference/forge/forge-lint#mixed-case-variable

note[mixed-case-variable]: mutable variables should use mixedCase
   --> src/CurveHook.sol:640:17
    |
640 |         uint256 mixETHToUser = mixETHOut - feeMixETH;
    |                 ^^^^^^^^^^^^ help: consider using: `mixEthToUser`
    |
    = help: https://book.getfoundry.sh/reference/forge/forge-lint#mixed-case-variable

note[mixed-case-variable]: mutable variables should use mixedCase
   --> src/CurveHook.sol:661:17
    |
661 |         uint256 stakerFeeMixETH = _splitFee(refTrader, feeMixETH, mixETH);
    |                 ^^^^^^^^^^^^^^^ help: consider using: `stakerFeeMixEth`
    |
    = help: https://book.getfoundry.sh/reference/forge/forge-lint#mixed-case-variable

note[mixed-case-variable]: mutable variables should use mixedCase
   --> src/CurveHook.sol:682:18
    |
682 |         Currency mixETH, Currency psp)
    |                  ^^^^^^ help: consider using: `mixEth`
    |
    = help: https://book.getfoundry.sh/reference/forge/forge-lint#mixed-case-variable

note[mixed-case-variable]: mutable variables should use mixedCase
   --> src/CurveHook.sol:692:17
    |
692 |         uint256 totalMixETHOut = FPML.fullMulDiv(pspInputAmount, reserveMixETH, totalSupplyPSP);
    |                 ^^^^^^^^^^^^^^ help: consider using: `totalMixEthOut`
    |
    = help: https://book.getfoundry.sh/reference/forge/forge-lint#mixed-case-variable

note[mixed-case-variable]: mutable variables should use mixedCase
   --> src/CurveHook.sol:698:17
    |
698 |         uint256 mixETHToUser = totalMixETHOut;
    |                 ^^^^^^^^^^^^ help: consider using: `mixEthToUser`
    |
    = help: https://book.getfoundry.sh/reference/forge/forge-lint#mixed-case-variable

note[mixed-case-variable]: mutable variables should use mixedCase
   --> src/CurveHook.sol:730:43
    |
730 |     function sendFees(address to, uint256 mixETHAmount) external {
    |                                           ^^^^^^^^^^^^ help: consider using: `mixEthAmount`
    |
    = help: https://book.getfoundry.sh/reference/forge/forge-lint#mixed-case-variable

note[mixed-case-variable]: mutable variables should use mixedCase
   --> src/CurveHook.sol:736:17
    |
736 |         address mixETHAddr = Currency.unwrap(controller.getMixETH());
    |                 ^^^^^^^^^^ help: consider using: `mixEthAddr`
    |
    = help: https://book.getfoundry.sh/reference/forge/forge-lint#mixed-case-variable

note[mixed-case-variable]: mutable variables should use mixedCase
   --> src/CurveHook.sol:759:64
    |
759 |     event Redeemed(address indexed who, uint256 pspIn, uint256 mixETHOut);
    |                                                                ^^^^^^^^^ help: consider using: `mixEthOut`
    |
    = help: https://book.getfoundry.sh/reference/forge/forge-lint#mixed-case-variable

note[mixed-case-variable]: mutable variables should use mixedCase
   --> src/CurveHook.sol:769:73
    |
769 |     function redeemBacking(uint256 pspAmount) external returns (uint256 mixETHOut) {
    |                                                                         ^^^^^^^^^ help: consider using: `mixEthOut`
    |
    = help: https://book.getfoundry.sh/reference/forge/forge-lint#mixed-case-variable

note[mixed-case-variable]: mutable variables should use mixedCase
   --> src/CurveHook.sol:944:38
    |
944 |     function initializeCurve(uint256 _reserveMixETH, uint256 _initialSupply, uint256 _genesisPotFee) external {
    |                                      ^^^^^^^^^^^^^^ help: consider using: `_reserveMixEth`
    |
    = help: https://book.getfoundry.sh/reference/forge/forge-lint#mixed-case-variable

note[mixed-case-function]: function names should use mixedCase
   --> src/CurveHook.sol:988:14
    |
988 |     function sineGenesisPSP(uint256 bootActual) external view returns (uint256) {
    |              ^^^^^^^^^^^^^^ help: consider using: `sineGenesisPsp`
    |
    = help: https://book.getfoundry.sh/reference/forge/forge-lint#mixed-case-function

note[mixed-case-variable]: mutable variables should use mixedCase
    --> src/CurveHook.sol:1015:35
     |
1015 |     function getBuyOutput(uint256 mixETHInput) external view returns (uint256) {
     |                                   ^^^^^^^^^^^ help: consider using: `mixEthInput`
     |
     = help: https://book.getfoundry.sh/reference/forge/forge-lint#mixed-case-variable

note[unused-import]: unused imports should be removed
 --> src/CurveHook.sol:8:9
  |
8 | import {PoolId, PoolIdLibrary} from "@uniswap/v4-core/src/types/PoolId.sol";
  |         ^^^^^^
  |
  = help: https://book.getfoundry.sh/reference/forge/forge-lint#unused-import

note[unused-import]: unused imports should be removed
 --> src/CurveHook.sol:9:9
  |
9 | import {BalanceDelta, BalanceDeltaLibrary} from "@uniswap/v4-core/src/types/BalanceDelta.sol";
  |         ^^^^^^^^^^^^
  |
  = help: https://book.getfoundry.sh/reference/forge/forge-lint#unused-import

note[unused-import]: unused imports should be removed
 --> src/CurveHook.sol:9:23
  |
9 | import {BalanceDelta, BalanceDeltaLibrary} from "@uniswap/v4-core/src/types/BalanceDelta.sol";
  |                       ^^^^^^^^^^^^^^^^^^^
  |
  = help: https://book.getfoundry.sh/reference/forge/forge-lint#unused-import

note[unused-import]: unused imports should be removed
  --> src/CurveHook.sol:10:26
   |
10 | import {BeforeSwapDelta, BeforeSwapDeltaLibrary, toBeforeSwapDelta} from "@uniswap/v4-core/src/types/BeforeSwapDelta.sol";
   |                          ^^^^^^^^^^^^^^^^^^^^^^
   |
   = help: https://book.getfoundry.sh/reference/forge/forge-lint#unused-import

warning[unsafe-typecast]: typecasts that can truncate values should be checked
   --> src/CurveHook.sol:571:31
    |
571 |             uint128 seatPsp = uint128(pspOut / units);
    |                               ^^^^^^^^^^^^^^^^^^^^^^^
    |
    = note: consider disabling this lint if you're certain the cast is safe
            
            // casting to 'uint128' is safe because [explain why]
            // forge-lint: disable-next-line(unsafe-typecast)
            
            
    = help: https://book.getfoundry.sh/reference/forge/forge-lint#unsafe-typecast

warning[unsafe-typecast]: typecasts that can truncate values should be checked
   --> src/CurveHook.sol:572:31
    |
572 |             uint128 seatMix = uint128(mixETHInput / units);
    |                               ^^^^^^^^^^^^^^^^^^^^^^^^^^^^
    |
    = note: consider disabling this lint if you're certain the cast is safe
            
            // casting to 'uint128' is safe because [explain why]
            // forge-lint: disable-next-line(unsafe-typecast)
            
            
    = help: https://book.getfoundry.sh/reference/forge/forge-lint#unsafe-typecast

note[named-struct-fields]: prefer initializing structs with named fields
   --> src/CurveHook.sol:576:45
    |
576 |                 tickets[ticketCount % 10] = Ticket(buyer, ts, seatPsp, seatMix);
    |                                             ^^^^^^^^^^^^^^^^^^^^^^^^^^^^^^^^^^^ help: consider using named fields: `Ticket({ buyer: buyer, ts: ts, pspAmount: seatPsp, mixPaid: seatMix })`
    |
    = help: https://book.getfoundry.sh/reference/forge/forge-lint#named-struct-fields

warning[unsafe-typecast]: typecasts that can truncate values should be checked
   --> src/CurveHook.sol:603:13
    |
603 |             int128(int256(mixETHInput)),   // +input: hook handles the specified input
    |             ^^^^^^^^^^^^^^^^^^^^^^^^^^^
    |
    = note: consider disabling this lint if you're certain the cast is safe
            
            // casting to 'int128' is safe because [explain why]
            // forge-lint: disable-next-line(unsafe-typecast)
            
            
    = help: https://book.getfoundry.sh/reference/forge/forge-lint#unsafe-typecast

warning[unsafe-typecast]: typecasts that can truncate values should be checked
   --> src/CurveHook.sol:603:20
    |
603 |             int128(int256(mixETHInput)),   // +input: hook handles the specified input
    |                    ^^^^^^^^^^^^^^^^^^^
    |
    = note: consider disabling this lint if you're certain the cast is safe
            
            // casting to 'int256' is safe because [explain why]
            // forge-lint: disable-next-line(unsafe-typecast)
            
            
    = help: https://book.getfoundry.sh/reference/forge/forge-lint#unsafe-typecast

warning[unsafe-typecast]: typecasts that can truncate values should be checked
   --> src/CurveHook.sol:604:13
    |
604 |             int128(-int256(pspOut))         // -output: hook provides the unspecified output
    |             ^^^^^^^^^^^^^^^^^^^^^^^
    |
    = note: consider disabling this lint if you're certain the cast is safe
            
            // casting to 'int128' is safe because [explain why]
            // forge-lint: disable-next-line(unsafe-typecast)
            
            
    = help: https://book.getfoundry.sh/reference/forge/forge-lint#unsafe-typecast

warning[unsafe-typecast]: typecasts that can truncate values should be checked
   --> src/CurveHook.sol:604:21
    |
604 |             int128(-int256(pspOut))         // -output: hook provides the unspecified output
    |                     ^^^^^^^^^^^^^^
    |
    = note: consider disabling this lint if you're certain the cast is safe
            
            // casting to 'int256' is safe because [explain why]
            // forge-lint: disable-next-line(unsafe-typecast)
            
            
    = help: https://book.getfoundry.sh/reference/forge/forge-lint#unsafe-typecast

warning[unsafe-typecast]: typecasts that can truncate values should be checked
   --> src/CurveHook.sol:668:13
    |
668 |             int128(int256(pspInputAmount)),  // +input: hook handles the specified PSP input
    |             ^^^^^^^^^^^^^^^^^^^^^^^^^^^^^^
    |
    = note: consider disabling this lint if you're certain the cast is safe
            
            // casting to 'int128' is safe because [explain why]
            // forge-lint: disable-next-line(unsafe-typecast)
            
            
    = help: https://book.getfoundry.sh/reference/forge/forge-lint#unsafe-typecast

warning[unsafe-typecast]: typecasts that can truncate values should be checked
   --> src/CurveHook.sol:668:20
    |
668 |             int128(int256(pspInputAmount)),  // +input: hook handles the specified PSP input
    |                    ^^^^^^^^^^^^^^^^^^^^^^
    |
    = note: consider disabling this lint if you're certain the cast is safe
            
            // casting to 'int256' is safe because [explain why]
            // forge-lint: disable-next-line(unsafe-typecast)
            
            
    = help: https://book.getfoundry.sh/reference/forge/forge-lint#unsafe-typecast

warning[unsafe-typecast]: typecasts that can truncate values should be checked
   --> src/CurveHook.sol:669:13
    |
669 |             int128(-int256(mixETHToUser))    // -output: hook provides the unspecified mixETH output
    |             ^^^^^^^^^^^^^^^^^^^^^^^^^^^^^
    |
    = note: consider disabling this lint if you're certain the cast is safe
            
            // casting to 'int128' is safe because [explain why]
            // forge-lint: disable-next-line(unsafe-typecast)
            
            
    = help: https://book.getfoundry.sh/reference/forge/forge-lint#unsafe-typecast

warning[unsafe-typecast]: typecasts that can truncate values should be checked
   --> src/CurveHook.sol:669:21
    |
669 |             int128(-int256(mixETHToUser))    // -output: hook provides the unspecified mixETH output
    |                     ^^^^^^^^^^^^^^^^^^^^
    |
    = note: consider disabling this lint if you're certain the cast is safe
            
            // casting to 'int256' is safe because [explain why]
            // forge-lint: disable-next-line(unsafe-typecast)
            
            
    = help: https://book.getfoundry.sh/reference/forge/forge-lint#unsafe-typecast

warning[unsafe-typecast]: typecasts that can truncate values should be checked
   --> src/CurveHook.sol:714:13
    |
714 |             int128(int256(pspInputAmount)),  // +input: hook handles specified input
    |             ^^^^^^^^^^^^^^^^^^^^^^^^^^^^^^
    |
    = note: consider disabling this lint if you're certain the cast is safe
            
            // casting to 'int128' is safe because [explain why]
            // forge-lint: disable-next-line(unsafe-typecast)
            
            
    = help: https://book.getfoundry.sh/reference/forge/forge-lint#unsafe-typecast

warning[unsafe-typecast]: typecasts that can truncate values should be checked
   --> src/CurveHook.sol:714:20
    |
714 |             int128(int256(pspInputAmount)),  // +input: hook handles specified input
    |                    ^^^^^^^^^^^^^^^^^^^^^^
    |
    = note: consider disabling this lint if you're certain the cast is safe
            
            // casting to 'int256' is safe because [explain why]
            // forge-lint: disable-next-line(unsafe-typecast)
            
            
    = help: https://book.getfoundry.sh/reference/forge/forge-lint#unsafe-typecast

warning[unsafe-typecast]: typecasts that can truncate values should be checked
   --> src/CurveHook.sol:715:13
    |
715 |             int128(-int256(mixETHToUser))    // -output: hook provides unspecified output
    |             ^^^^^^^^^^^^^^^^^^^^^^^^^^^^^
    |
    = note: consider disabling this lint if you're certain the cast is safe
            
            // casting to 'int128' is safe because [explain why]
            // forge-lint: disable-next-line(unsafe-typecast)
            
            
    = help: https://book.getfoundry.sh/reference/forge/forge-lint#unsafe-typecast

warning[unsafe-typecast]: typecasts that can truncate values should be checked
   --> src/CurveHook.sol:715:21
    |
715 |             int128(-int256(mixETHToUser))    // -output: hook provides unspecified output
    |                     ^^^^^^^^^^^^^^^^^^^^
    |
    = note: consider disabling this lint if you're certain the cast is safe
            
            // casting to 'int256' is safe because [explain why]
            // forge-lint: disable-next-line(unsafe-typecast)
            
            
    = help: https://book.getfoundry.sh/reference/forge/forge-lint#unsafe-typecast

note[named-struct-fields]: prefer initializing structs with named fields
   --> src/CurveHook.sol:812:22
    |
812 |             out[i] = LadderEntry(t.buyer, t.pspAmount, t.mixPaid, t.ts);
    |                      ^^^^^^^^^^^^^^^^^^^^^^^^^^^^^^^^^^^^^^^^^^^^^^^^^^ help: consider using named fields: `LadderEntry({ buyer: t.buyer, pspAmount: t.pspAmount, mixPaid: t.mixPaid, ts: t.ts })`
    |
    = help: https://book.getfoundry.sh/reference/forge/forge-lint#named-struct-fields

note[named-struct-fields]: prefer initializing structs with named fields
   --> src/CurveHook.sol:959:22
    |
959 |             sineV3 = SineV3Curve(_reserveMixETH, lam, _reserveMixETH + 10 * lam, q0);
    |                      ^^^^^^^^^^^^^^^^^^^^^^^^^^^^^^^^^^^^^^^^^^^^^^^^^^^^^^^^^^^^^^^ help: consider using named fields: `SineV3Curve({ boot: _reserveMixETH, lam: lam, target: _reserveMixETH + 10 * lam, q0: q0 })`
    |
    = help: https://book.getfoundry.sh/reference/forge/forge-lint#named-struct-fields


Running 1 tests for test/dinosat/HookRulesSymbolic.t.sol:HookRulesSymbolicTest
[33m[TIMEOUT][0m check_ticket_interval(uint256,uint256) (paths: 19, time: 1836.59s, bounds: [])
[36mTimeout queries saved in: /var/folders/1g/8qtm6tq97b32f4hfb2sw2t_r0000gq/T/check_ticket_interval-vr3yhm5s-timeout[0m
Symbolic test result: 0 passed; 1 failed; time: 1836.67s
