No files changed, compilation skipped
note[mixed-case-function]: function names should use mixedCase
  --> test/ReinvestAllocation.t.sol:28:14
   |
28 |     function MIN_BUY_INPUT() external pure returns (uint256) {
   |              ^^^^^^^^^^^^^ help: consider using: `minBuyInput`
   |
   = help: https://book.getfoundry.sh/reference/forge/forge-lint#mixed-case-function

note[mixed-case-variable]: mutable variables should use mixedCase
  --> src/PSPReferralRegistry.sol:95:22
   |
95 |     uint24[5] public TIER_BPS = [8000, 1200, 500, 200, 100];
   |                      ^^^^^^^^ help: consider using: `tierBps`
   |
   = help: https://book.getfoundry.sh/reference/forge/forge-lint#mixed-case-variable

note[screaming-snake-case-immutable]: immutables should use SCREAMING_SNAKE_CASE
   --> src/PSPReferralRegistry.sol:101:33
    |
101 |     IPSPStaker public immutable staker; // this round's staker (min-stake oracle)
    |                                 ^^^^^^ help: consider using: `STAKER`
    |
    = help: https://book.getfoundry.sh/reference/forge/forge-lint#screaming-snake-case-immutable

note[mixed-case-variable]: mutable variables should use mixedCase
   --> src/PSPReferralRegistry.sol:120:42
    |
120 |     constructor(address _staker, uint256 _minStakePSP) {
    |                                          ^^^^^^^^^^^^ help: consider using: `_minStakePsp`
    |
    = help: https://book.getfoundry.sh/reference/forge/forge-lint#mixed-case-variable

note[screaming-snake-case-immutable]: immutables should use SCREAMING_SNAKE_CASE
  --> src/names/PSPStakeNameGate.sol:23:39
   |
23 |     INameGateFactory public immutable factory;
   |                                       ^^^^^^^ help: consider using: `FACTORY`
   |
   = help: https://book.getfoundry.sh/reference/forge/forge-lint#screaming-snake-case-immutable

note[mixed-case-function]: function names should use mixedCase
  --> src/interfaces/IRoundController.sol:10:14
   |
10 |     function getPSP() external view returns (address);
   |              ^^^^^^ help: consider using: `getPsp`
   |
   = help: https://book.getfoundry.sh/reference/forge/forge-lint#mixed-case-function

note[unsafe-cheatcode]: usage of unsafe cheatcodes that can perform dangerous operations
  --> test/dinosat/HookRulesSymbolic.t.sol:91:12
   |
91 |         vm.writeFile("out/hook-rules-runtime.hex", vm.toString(address(actual).code));
   |            ^^^^^^^^^
   |
   = help: https://book.getfoundry.sh/reference/forge/forge-lint#unsafe-cheatcode

note[mixed-case-function]: function names should use mixedCase
   --> test/dinosat/HookRulesSymbolic.t.sol:103:14
    |
103 |     function check_ticket_interval(uint256 pot, uint256 unrelatedGenesisPot) public {
    |              ^^^^^^^^^^^^^^^^^^^^^ help: consider using: `checkTicketInterval`
    |
    = help: https://book.getfoundry.sh/reference/forge/forge-lint#mixed-case-function

note[mixed-case-function]: function names should use mixedCase
   --> test/dinosat/HookRulesSymbolic.t.sol:126:14
    |
126 |     function check_active_minimum_positive(uint256 pot) public {
    |              ^^^^^^^^^^^^^^^^^^^^^^^^^^^^^ help: consider using: `checkActiveMinimumPositive`
    |
    = help: https://book.getfoundry.sh/reference/forge/forge-lint#mixed-case-function

note[mixed-case-function]: function names should use mixedCase
   --> test/dinosat/HookRulesSymbolic.t.sol:134:14
    |
134 |     function check_ticket_genesis_independent(uint256 pot, uint256 genesisA, uint256 genesisB) public {
    |              ^^^^^^^^^^^^^^^^^^^^^^^^^^^^^^^^ help: consider using: `checkTicketGenesisIndependent`
    |
    = help: https://book.getfoundry.sh/reference/forge/forge-lint#mixed-case-function

note[mixed-case-function]: function names should use mixedCase
  --> src/interfaces/IRoundController.sol:11:14
   |
11 |     function getMixETH() external view returns (Currency);
   |              ^^^^^^^^^ help: consider using: `getMixEth`
   |
   = help: https://book.getfoundry.sh/reference/forge/forge-lint#mixed-case-function

note[mixed-case-function]: function names should use mixedCase
   --> src/PepeDescriptor.sol:151:14
    |
151 |     function renderSVG(uint256 dna) public pure returns (string memory) {
    |              ^^^^^^^^^ help: consider using: `renderSvg`
    |
    = help: https://book.getfoundry.sh/reference/forge/forge-lint#mixed-case-function

note[mixed-case-variable]: mutable variables should use mixedCase
  --> src/PSPStaker.sol:79:78
   |
79 |     event FeesDeferred(address indexed user, uint256 indexed pepeId, uint256 mixETHAmount);
   |                                                                              ^^^^^^^^^^^^ help: consider using: `mixEthAmount`
   |
   = help: https://book.getfoundry.sh/reference/forge/forge-lint#mixed-case-variable

note[mixed-case-variable]: mutable variables should use mixedCase
  --> test/unit/Vesting.t.sol:34:16
   |
34 |     MockMixETH mixETH;
   |                ^^^^^^ help: consider using: `mixEth`
   |
   = help: https://book.getfoundry.sh/reference/forge/forge-lint#mixed-case-variable

note[mixed-case-function]: function names should use mixedCase
  --> src/interfaces/IRoundController.sol:14:14
   |
14 |     function mixETHToETH(uint256 mixETHAmount) external view returns (uint256);
   |              ^^^^^^^^^^^ help: consider using: `mixEthToEth`
   |
   = help: https://book.getfoundry.sh/reference/forge/forge-lint#mixed-case-function

note[mixed-case-variable]: mutable variables should use mixedCase
  --> src/interfaces/IRoundController.sol:14:34
   |
14 |     function mixETHToETH(uint256 mixETHAmount) external view returns (uint256);
   |                                  ^^^^^^^^^^^^ help: consider using: `mixEthAmount`
   |
   = help: https://book.getfoundry.sh/reference/forge/forge-lint#mixed-case-variable

note[mixed-case-function]: function names should use mixedCase
  --> src/interfaces/IRoundController.sol:17:14
   |
17 |     function mintPSPForSwap(uint256 amount) external;
   |              ^^^^^^^^^^^^^^ help: consider using: `mintPspForSwap`
   |
   = help: https://book.getfoundry.sh/reference/forge/forge-lint#mixed-case-function

note[mixed-case-function]: function names should use mixedCase
  --> src/interfaces/IRoundController.sol:18:14
   |
18 |     function burnPSPForSwap(uint256 amount) external;
   |              ^^^^^^^^^^^^^^ help: consider using: `burnPspForSwap`
   |
   = help: https://book.getfoundry.sh/reference/forge/forge-lint#mixed-case-function

note[mixed-case-function]: function names should use mixedCase
   --> test/dinosat/HookRulesSymbolic.t.sol:147:14
    |
147 |     function check_ticket_adjacent(uint256 pot) public {
    |              ^^^^^^^^^^^^^^^^^^^^^ help: consider using: `checkTicketAdjacent`
    |
    = help: https://book.getfoundry.sh/reference/forge/forge-lint#mixed-case-function

note[mixed-case-variable]: mutable variables should use mixedCase
   --> src/PSPStaker.sol:130:20
    |
130 |     uint256 public pendingFeesMixETH; // orphaned (zero-weight) fees + rolling remainder
    |                    ^^^^^^^^^^^^^^^^^ help: consider using: `pendingFeesMixEth`
    |
    = help: https://book.getfoundry.sh/reference/forge/forge-lint#mixed-case-variable

note[mixed-case-variable]: mutable variables should use mixedCase
   --> src/PepeDescriptor.sol:267:17
    |
267 |         bytes16 HEX = "0123456789ABCDEF";
    |                 ^^^ help: consider using: `hex`
    |
    = help: https://book.getfoundry.sh/reference/forge/forge-lint#mixed-case-variable

note[mixed-case-variable]: mutable variables should use mixedCase
  --> src/interfaces/IRoundController.sol:19:30
   |
19 |     function addFees(uint256 mixETHAmount) external;
   |                              ^^^^^^^^^^^^ help: consider using: `mixEthAmount`
   |
   = help: https://book.getfoundry.sh/reference/forge/forge-lint#mixed-case-variable

note[mixed-case-variable]: mutable variables should use mixedCase
  --> src/interfaces/ICurveHook.sol:11:43
   |
11 |     function sendFees(address to, uint256 mixETHAmount) external;
   |                                           ^^^^^^^^^^^^ help: consider using: `mixEthAmount`
   |
   = help: https://book.getfoundry.sh/reference/forge/forge-lint#mixed-case-variable

note[mixed-case-function]: function names should use mixedCase
  --> src/testnet/SepoliaMixETH.sol:40:14
   |
40 |     function depositETH() external payable returns (uint256 shares) {
   |              ^^^^^^^^^^ help: consider using: `depositEth`
   |
   = help: https://book.getfoundry.sh/reference/forge/forge-lint#mixed-case-function

note[named-struct-fields]: prefer initializing structs with named fields
   --> src/PSPReferralRegistry.sol:219:40
    |
219 |         bytes memory data = abi.encode(Purchase(key, mixIn, minPspOut, msg.sender, mixIsZero, maxTicketPrice));
    |                                        ^^^^^^^^^^^^^^^^^^^^^^^^^^^^^^^^^^^^^^^^^^^^^^^^^^^^^^^^^^^^^^^^^^^^^^ help: consider using named fields: `Purchase({ key: key, mixIn: mixIn, minPspOut: minPspOut, buyer: msg.sender, mixIsZero: mixIsZero, maxTicketPrice: maxTicketPrice })`
    |
    = help: https://book.getfoundry.sh/reference/forge/forge-lint#named-struct-fields

note[screaming-snake-case-immutable]: immutables should use SCREAMING_SNAKE_CASE
  --> test/mocks/MockHook.sol:10:29
   |
10 |     IERC20 public immutable mixETH;
   |                             ^^^^^^ help: consider using: `MIX_ETH`
   |
   = help: https://book.getfoundry.sh/reference/forge/forge-lint#screaming-snake-case-immutable

note[mixed-case-variable]: mutable variables should use mixedCase
  --> test/mocks/MockHook.sol:11:20
   |
11 |     uint256 public reserveMixETH;
   |                    ^^^^^^^^^^^^^ help: consider using: `reserveMixEth`
   |
   = help: https://book.getfoundry.sh/reference/forge/forge-lint#mixed-case-variable

note[mixed-case-variable]: mutable variables should use mixedCase
  --> test/mocks/MockHook.sol:12:20
   |
12 |     uint256 public totalSupplyPSP;
   |                    ^^^^^^^^^^^^^^ help: consider using: `totalSupplyPsp`
   |
   = help: https://book.getfoundry.sh/reference/forge/forge-lint#mixed-case-variable

warning[unsafe-typecast]: typecasts that can truncate values should be checked
   --> src/PSPReferralRegistry.sol:244:28
    |
244 |         if (output <= 0 || uint256(output) < p.minPspOut) revert InsufficientOutput();
    |                            ^^^^^^^^^^^^^^^
    |
    = note: consider disabling this lint if you're certain the cast is safe
            
            // casting to 'uint256' is safe because [explain why]
            // forge-lint: disable-next-line(unsafe-typecast)
            
            
    = help: https://book.getfoundry.sh/reference/forge/forge-lint#unsafe-typecast

warning[unsafe-typecast]: typecasts that can truncate values should be checked
   --> src/PSPReferralRegistry.sol:245:80
    |
245 |         manager.take(p.mixIsZero ? p.key.currency1 : p.key.currency0, p.buyer, uint256(output));
    |                                                                                ^^^^^^^^^^^^^^^
    |
    = note: consider disabling this lint if you're certain the cast is safe
            
            // casting to 'uint256' is safe because [explain why]
            // forge-lint: disable-next-line(unsafe-typecast)
            
            
    = help: https://book.getfoundry.sh/reference/forge/forge-lint#unsafe-typecast

note[mixed-case-function]: function names should use mixedCase
  --> src/testnet/SepoliaMixETH.sol:50:14
   |
50 |     function redeemETH(uint256 shareAmount) external returns (uint256 ethOut) {
   |              ^^^^^^^^^ help: consider using: `redeemEth`
   |
   = help: https://book.getfoundry.sh/reference/forge/forge-lint#mixed-case-function

note[mixed-case-function]: function names should use mixedCase
   --> test/dinosat/HookRulesSymbolic.t.sol:159:14
    |
159 |     function check_prelaunch_minimum(bool configured) public {
    |              ^^^^^^^^^^^^^^^^^^^^^^^ help: consider using: `checkPrelaunchMinimum`
    |
    = help: https://book.getfoundry.sh/reference/forge/forge-lint#mixed-case-function

note[screaming-snake-case-immutable]: immutables should use SCREAMING_SNAKE_CASE
   --> src/PSPStaker.sol:151:29
    |
151 |     IERC20 public immutable psp;
    |                             ^^^ help: consider using: `PSP`
    |
    = help: https://book.getfoundry.sh/reference/forge/forge-lint#screaming-snake-case-immutable

note[screaming-snake-case-immutable]: immutables should use SCREAMING_SNAKE_CASE
  --> src/testnet/MixETHFaucet.sol:24:35
   |
24 |     IMintableMix public immutable mixETH;
   |                                   ^^^^^^ help: consider using: `MIX_ETH`
   |
   = help: https://book.getfoundry.sh/reference/forge/forge-lint#screaming-snake-case-immutable

warning[unsafe-typecast]: typecasts that can truncate values should be checked
   --> src/PSPReferralRegistry.sol:246:27
    |
246 |         return abi.encode(uint256(output));
    |                           ^^^^^^^^^^^^^^^
    |
    = note: consider disabling this lint if you're certain the cast is safe
            
            // casting to 'uint256' is safe because [explain why]
            // forge-lint: disable-next-line(unsafe-typecast)
            
            
    = help: https://book.getfoundry.sh/reference/forge/forge-lint#unsafe-typecast

note[screaming-snake-case-immutable]: immutables should use SCREAMING_SNAKE_CASE
  --> test/ReinvestAllocation.t.sol:34:40
   |
34 |     AllocationToken internal immutable mix;
   |                                        ^^^ help: consider using: `MIX`
   |
   = help: https://book.getfoundry.sh/reference/forge/forge-lint#screaming-snake-case-immutable

note[screaming-snake-case-immutable]: immutables should use SCREAMING_SNAKE_CASE
  --> test/ReinvestAllocation.t.sol:35:40
   |
35 |     AllocationToken internal immutable psp;
   |                                        ^^^ help: consider using: `PSP`
   |
   = help: https://book.getfoundry.sh/reference/forge/forge-lint#screaming-snake-case-immutable

note[screaming-snake-case-immutable]: immutables should use SCREAMING_SNAKE_CASE
  --> test/ReinvestAllocation.t.sol:36:39
   |
36 |     IRoundController public immutable controller;
   |                                       ^^^^^^^^^^ help: consider using: `CONTROLLER`
   |
   = help: https://book.getfoundry.sh/reference/forge/forge-lint#screaming-snake-case-immutable

note[screaming-snake-case-immutable]: immutables should use SCREAMING_SNAKE_CASE
  --> test/ReinvestAllocation.t.sol:37:30
   |
37 |     address public immutable owner;
   |                              ^^^^^ help: consider using: `OWNER`
   |
   = help: https://book.getfoundry.sh/reference/forge/forge-lint#screaming-snake-case-immutable

note[screaming-snake-case-immutable]: immutables should use SCREAMING_SNAKE_CASE
  --> test/ReinvestAllocation.t.sol:93:40
   |
93 |     AllocationToken internal immutable mix;
   |                                        ^^^ help: consider using: `MIX`
   |
   = help: https://book.getfoundry.sh/reference/forge/forge-lint#screaming-snake-case-immutable

note[screaming-snake-case-immutable]: immutables should use SCREAMING_SNAKE_CASE
  --> test/ReinvestAllocation.t.sol:94:40
   |
94 |     AllocationToken internal immutable psp;
   |                                        ^^^ help: consider using: `PSP`
   |
   = help: https://book.getfoundry.sh/reference/forge/forge-lint#screaming-snake-case-immutable

note[mixed-case-variable]: mutable variables should use mixedCase
  --> src/ReferralRegistryInitCode.sol:10:55
   |
10 |     function registryInitCode(address staker, uint256 minStakePSP) external pure returns (bytes memory) {
   |                                                       ^^^^^^^^^^^ help: consider using: `minStakePsp`
   |
   = help: https://book.getfoundry.sh/reference/forge/forge-lint#mixed-case-variable

warning[erc20-unchecked-transfer]: ERC20 'transfer' and 'transferFrom' calls should check the return value
  --> test/ReinvestAllocation.t.sol:82:9
   |
82 |         mix.transfer(to, total);
   |         ^^^^^^^^^^^^^^^^^^^^^^^
   |
   = help: https://book.getfoundry.sh/reference/forge/forge-lint#erc20-unchecked-transfer

warning[erc20-unchecked-transfer]: ERC20 'transfer' and 'transferFrom' calls should check the return value
  --> test/ReinvestAllocation.t.sol:87:9
   |
87 |         psp.transferFrom(msg.sender, address(this), increment);
   |         ^^^^^^^^^^^^^^^^^^^^^^^^^^^^^^^^^^^^^^^^^^^^^^^^^^^^^^
   |
   = help: https://book.getfoundry.sh/reference/forge/forge-lint#erc20-unchecked-transfer

note[mixed-case-variable]: mutable variables should use mixedCase
  --> test/mocks/MockHook.sol:19:25
   |
19 |     constructor(address _mixETH) {
   |                         ^^^^^^^ help: consider using: `_mixEth`
   |
   = help: https://book.getfoundry.sh/reference/forge/forge-lint#mixed-case-variable

note[mixed-case-function]: function names should use mixedCase
   --> test/dinosat/HookRulesSymbolic.t.sol:167:14
    |
167 |     function check_legacy_minimum(uint256 pot, bool initialized) public {
    |              ^^^^^^^^^^^^^^^^^^^^ help: consider using: `checkLegacyMinimum`
    |
    = help: https://book.getfoundry.sh/reference/forge/forge-lint#mixed-case-function

note[mixed-case-function]: function names should use mixedCase
   --> test/dinosat/HookRulesSymbolic.t.sol:174:14
    |
174 |     function check_setMode_unauthorized(address caller, uint8 initialMode, uint8 targetMode) public {
    |              ^^^^^^^^^^^^^^^^^^^^^^^^^^ help: consider using: `checkSetModeUnauthorized`
    |
    = help: https://book.getfoundry.sh/reference/forge/forge-lint#mixed-case-function

warning[erc20-unchecked-transfer]: ERC20 'transfer' and 'transferFrom' calls should check the return value
   --> test/ReinvestAllocation.t.sol:112:9
    |
112 |         mix.transferFrom(msg.sender, address(this), mixIn);
    |         ^^^^^^^^^^^^^^^^^^^^^^^^^^^^^^^^^^^^^^^^^^^^^^^^^^
    |
    = help: https://book.getfoundry.sh/reference/forge/forge-lint#erc20-unchecked-transfer

note[screaming-snake-case-immutable]: immutables should use SCREAMING_SNAKE_CASE
   --> src/PSPStaker.sol:152:39
    |
152 |     IRoundController public immutable controller;
    |                                       ^^^^^^^^^^ help: consider using: `CONTROLLER`
    |
    = help: https://book.getfoundry.sh/reference/forge/forge-lint#screaming-snake-case-immutable

note[screaming-snake-case-const]: constants should use SCREAMING_SNAKE_CASE
   --> src/PSPStaker.sol:163:28
    |
163 |     string public constant name = "Positive Sum Pepe Position";
    |                            ^^^^ help: consider using: `NAME`
    |
    = help: https://book.getfoundry.sh/reference/forge/forge-lint#screaming-snake-case-const

note[screaming-snake-case-const]: constants should use SCREAMING_SNAKE_CASE
   --> src/PSPStaker.sol:164:28
    |
164 |     string public constant symbol = "PSPP";
    |                            ^^^^^^ help: consider using: `SYMBOL`
    |
    = help: https://book.getfoundry.sh/reference/forge/forge-lint#screaming-snake-case-const

note[screaming-snake-case-immutable]: immutables should use SCREAMING_SNAKE_CASE
   --> src/PSPStaker.sol:184:30
    |
184 |     address public immutable descriptor;
    |                              ^^^^^^^^^^ help: consider using: `DESCRIPTOR`
    |
    = help: https://book.getfoundry.sh/reference/forge/forge-lint#screaming-snake-case-immutable

note[screaming-snake-case-immutable]: immutables should use SCREAMING_SNAKE_CASE
   --> src/PSPStaker.sol:196:31
    |
196 |     uint256 private immutable _artCombinations;
    |                               ^^^^^^^^^^^^^^^^ help: consider using: `_ART_COMBINATIONS`
    |
    = help: https://book.getfoundry.sh/reference/forge/forge-lint#screaming-snake-case-immutable

note[screaming-snake-case-immutable]: immutables should use SCREAMING_SNAKE_CASE
   --> src/PSPStaker.sol:200:31
    |
200 |     bytes32 private immutable _genesisArtSeed;
    |                               ^^^^^^^^^^^^^^^ help: consider using: `_GENESIS_ART_SEED`
    |
    = help: https://book.getfoundry.sh/reference/forge/forge-lint#screaming-snake-case-immutable

note[mixed-case-variable]: mutable variables should use mixedCase
   --> src/libraries/SineMath.sol:238:17
    |
238 |         uint256 Rn = reserveAt(c, qNow - pspIn);
    |                 ^^ help: consider using: `rn`
    |
    = help: https://book.getfoundry.sh/reference/forge/forge-lint#mixed-case-variable

note[screaming-snake-case-immutable]: immutables should use SCREAMING_SNAKE_CASE
   --> test/FableBreakAttempts.t.sol:551:35
    |
551 |     IPoolManager public immutable pm;
    |                                   ^^ help: consider using: `PM`
    |
    = help: https://book.getfoundry.sh/reference/forge/forge-lint#screaming-snake-case-immutable

note[screaming-snake-case-immutable]: immutables should use SCREAMING_SNAKE_CASE
   --> test/FableBreakAttempts.t.sol:552:29
    |
552 |     IERC20 public immutable mix;
    |                             ^^^ help: consider using: `MIX`
    |
    = help: https://book.getfoundry.sh/reference/forge/forge-lint#screaming-snake-case-immutable

note[mixed-case-variable]: mutable variables should use mixedCase
  --> test/mocks/MockHook.sol:25:43
   |
25 |     function sendFees(address to, uint256 mixETHAmount) external {
   |                                           ^^^^^^^^^^^^ help: consider using: `mixEthAmount`
   |
   = help: https://book.getfoundry.sh/reference/forge/forge-lint#mixed-case-variable

note[mixed-case-variable]: mutable variables should use mixedCase
  --> src/testnet/MixETHFaucet.sol:30:24
   |
30 |     constructor(IERC20 _mixETH) {
   |                        ^^^^^^^ help: consider using: `_mixEth`
   |
   = help: https://book.getfoundry.sh/reference/forge/forge-lint#mixed-case-variable

warning[unsafe-typecast]: typecasts that can truncate values should be checked
   --> src/libraries/SineMath.sol:108:67
    |
108 |         uint256 bootPrice = FPML.mulWad(p.p0, uint256(FPML.expWad(int256(preGrowth))));
    |                                                                   ^^^^^^^^^^^^^^^^^
    |
    = note: consider disabling this lint if you're certain the cast is safe
            
            // casting to 'int256' is safe because [explain why]
            // forge-lint: disable-next-line(unsafe-typecast)
            
            
    = help: https://book.getfoundry.sh/reference/forge/forge-lint#unsafe-typecast

warning[erc20-unchecked-transfer]: ERC20 'transfer' and 'transferFrom' calls should check the return value
  --> test/FableBreakAttempts.t.sol:47:27
   |
47 |             if (a != bob) mixETH.transfer(a, 3_000e18);
   |                           ^^^^^^^^^^^^^^^^^^^^^^^^^^^^
   |
   = help: https://book.getfoundry.sh/reference/forge/forge-lint#erc20-unchecked-transfer

warning[unsafe-typecast]: typecasts that can truncate values should be checked
   --> test/FableBreakAttempts.t.sol:200:34
    |
200 |                         assertEq(bytes4(err), PSPReferralRegistry.WouldCreateCycle.selector, "only cycle refusals");
    |                                  ^^^^^^^^^^^
    |
    = note: consider disabling this lint if you're certain the cast is safe
            
            // casting to 'bytes4' is safe because [explain why]
            // forge-lint: disable-next-line(unsafe-typecast)
            
            
    = help: https://book.getfoundry.sh/reference/forge/forge-lint#unsafe-typecast

warning[erc20-unchecked-transfer]: ERC20 'transfer' and 'transferFrom' calls should check the return value
   --> test/FableBreakAttempts.t.sol:363:9
    |
363 |         mixETH.transfer(alice, 2_500_000e18);
    |         ^^^^^^^^^^^^^^^^^^^^^^^^^^^^^^^^^^^^
    |
    = help: https://book.getfoundry.sh/reference/forge/forge-lint#erc20-unchecked-transfer

warning[erc20-unchecked-transfer]: ERC20 'transfer' and 'transferFrom' calls should check the return value
   --> test/FableBreakAttempts.t.sol:555:9
    |
555 |         mix.transferFrom(msg.sender, address(this), mixIn);
    |         ^^^^^^^^^^^^^^^^^^^^^^^^^^^^^^^^^^^^^^^^^^^^^^^^^^
    |
    = help: https://book.getfoundry.sh/reference/forge/forge-lint#erc20-unchecked-transfer

warning[unsafe-typecast]: typecasts that can truncate values should be checked
  --> test/SineScaling.t.sol:83:47
   |
83 |         uint256 argument = uint256(FPML.lnWad(int256(1e36 / step)));
   |                                               ^^^^^^^^^^^^^^^^^^^
   |
   = note: consider disabling this lint if you're certain the cast is safe
           
           // casting to 'int256' is safe because [explain why]
           // forge-lint: disable-next-line(unsafe-typecast)
           
           
   = help: https://book.getfoundry.sh/reference/forge/forge-lint#unsafe-typecast

warning[unsafe-typecast]: typecasts that can truncate values should be checked
   --> src/libraries/SineMath.sol:126:42
    |
126 |         c.waveTrend = uint256(FPML.lnWad(int256(lnArg))) / WAVES;
    |                                          ^^^^^^^^^^^^^
    |
    = note: consider disabling this lint if you're certain the cast is safe
            
            // casting to 'int256' is safe because [explain why]
            // forge-lint: disable-next-line(unsafe-typecast)
            
            
    = help: https://book.getfoundry.sh/reference/forge/forge-lint#unsafe-typecast

note[mixed-case-function]: function names should use mixedCase
  --> test/mocks/MockHook.sol:49:14
   |
49 |     function totalReserveETH() external view returns (uint256) {
   |              ^^^^^^^^^^^^^^^ help: consider using: `totalReserveEth`
   |
   = help: https://book.getfoundry.sh/reference/forge/forge-lint#mixed-case-function

note[mixed-case-variable]: mutable variables should use mixedCase
  --> test/mocks/MockHook.sol:53:38
   |
53 |     function initializeCurve(uint256 _reserveMixETH, uint256 _initialSupply) external {
   |                                      ^^^^^^^^^^^^^^ help: consider using: `_reserveMixEth`
   |
   = help: https://book.getfoundry.sh/reference/forge/forge-lint#mixed-case-variable

warning[erc20-unchecked-transfer]: ERC20 'transfer' and 'transferFrom' calls should check the return value
  --> test/unit/Vesting.t.sol:77:9
   |
77 |         mixETH.transfer(address(hook), 500e18);
   |         ^^^^^^^^^^^^^^^^^^^^^^^^^^^^^^^^^^^^^^
   |
   = help: https://book.getfoundry.sh/reference/forge/forge-lint#erc20-unchecked-transfer

warning[unsafe-typecast]: typecasts that can truncate values should be checked
   --> test/dinosat/HookRulesSymbolic.t.sol:184:16
    |
184 |         assert(bytes4(reason) == CurveHook.NotController.selector);
    |                ^^^^^^^^^^^^^^
    |
    = note: consider disabling this lint if you're certain the cast is safe
            
            // casting to 'bytes4' is safe because [explain why]
            // forge-lint: disable-next-line(unsafe-typecast)
            
            
    = help: https://book.getfoundry.sh/reference/forge/forge-lint#unsafe-typecast

note[named-struct-fields]: prefer initializing structs with named fields
   --> test/SineV3BootstrapCapacity.t.sol:244:30
    |
244 |         PoolKey memory key = PoolKey(c0, c1, 0x800000, 60, round.hook);
    |                              ^^^^^^^^^^^^^^^^^^^^^^^^^^^^^^^^^^^^^^^^^ help: consider using named fields: `PoolKey({ currency0: c0, currency1: c1, fee: 0x800000, tickSpacing: 60, hooks: round.hook })`
    |
    = help: https://book.getfoundry.sh/reference/forge/forge-lint#named-struct-fields

note[mixed-case-variable]: mutable variables should use mixedCase
  --> test/unit/PredepositWindow.t.sol:28:16
   |
28 |     MockMixETH mixETH;
   |                ^^^^^^ help: consider using: `mixEth`
   |
   = help: https://book.getfoundry.sh/reference/forge/forge-lint#mixed-case-variable

note[unsafe-cheatcode]: usage of unsafe cheatcodes that can perform dangerous operations
  --> test/local/PixelDump.t.sol:25:12
   |
25 |         vm.writeFile('out/art-dump/pix_classic.svg', d.renderSVG(DNA_CLASSIC));
   |            ^^^^^^^^^
   |
   = help: https://book.getfoundry.sh/reference/forge/forge-lint#unsafe-cheatcode

note[unsafe-cheatcode]: usage of unsafe cheatcodes that can perform dangerous operations
  --> test/local/PixelDump.t.sol:26:12
   |
26 |         vm.writeFile('out/art-dump/pix_gold.svg', d.renderSVG(DNA_GOLD));
   |            ^^^^^^^^^
   |
   = help: https://book.getfoundry.sh/reference/forge/forge-lint#unsafe-cheatcode

note[unsafe-cheatcode]: usage of unsafe cheatcodes that can perform dangerous operations
  --> test/local/PixelDump.t.sol:27:12
   |
27 |         vm.writeFile('out/art-dump/pix_zombie.svg', d.renderSVG(DNA_ZOMBIE));
   |            ^^^^^^^^^
   |
   = help: https://book.getfoundry.sh/reference/forge/forge-lint#unsafe-cheatcode

note[unsafe-cheatcode]: usage of unsafe cheatcodes that can perform dangerous operations
  --> test/local/PixelDump.t.sol:28:12
   |
28 |         vm.writeFile('out/art-dump/pix_diamond.svg', d.renderSVG(DNA_DIAMOND));
   |            ^^^^^^^^^
   |
   = help: https://book.getfoundry.sh/reference/forge/forge-lint#unsafe-cheatcode

note[unsafe-cheatcode]: usage of unsafe cheatcodes that can perform dangerous operations
  --> test/local/PixelDump.t.sol:29:12
   |
29 |         vm.writeFile('out/art-dump/pix_acc.svg', d.renderSVG(DNA_ACC));
   |            ^^^^^^^^^
   |
   = help: https://book.getfoundry.sh/reference/forge/forge-lint#unsafe-cheatcode

note[unsafe-cheatcode]: usage of unsafe cheatcodes that can perform dangerous operations
  --> test/local/PixelDump.t.sol:30:12
   |
30 |         vm.writeFile('out/art-dump/pix_wizard.svg', d.renderSVG(DNA_WIZARD));
   |            ^^^^^^^^^
   |
   = help: https://book.getfoundry.sh/reference/forge/forge-lint#unsafe-cheatcode

note[unsafe-cheatcode]: usage of unsafe cheatcodes that can perform dangerous operations
  --> test/local/PixelDump.t.sol:31:12
   |
31 |         vm.writeFile('out/art-dump/pix_homer.svg', d.renderSVG(DNA_HOMER));
   |            ^^^^^^^^^
   |
   = help: https://book.getfoundry.sh/reference/forge/forge-lint#unsafe-cheatcode

warning[erc20-unchecked-transfer]: ERC20 'transfer' and 'transferFrom' calls should check the return value
   --> test/FableBreakAttempts.t.sol:565:26
    |
565 |         pm.sync(mixCur); mix.transfer(address(pm), amt); pm.settle();
    |                          ^^^^^^^^^^^^^^^^^^^^^^^^^^^^^^
    |
    = help: https://book.getfoundry.sh/reference/forge/forge-lint#erc20-unchecked-transfer

warning[unsafe-typecast]: typecasts that can truncate values should be checked
   --> src/libraries/SineMath.sol:188:53
    |
188 |         uint256 x = FPML.divWad(uint256(-FPML.lnWad(int256(gNegX))), uint256(FPML.lnWad(int256(c.g))));
    |                                                     ^^^^^^^^^^^^^
    |
    = note: consider disabling this lint if you're certain the cast is safe
            
            // casting to 'int256' is safe because [explain why]
            // forge-lint: disable-next-line(unsafe-typecast)
            
            
    = help: https://book.getfoundry.sh/reference/forge/forge-lint#unsafe-typecast

warning[unsafe-typecast]: typecasts that can truncate values should be checked
   --> src/libraries/SineMath.sol:259:58
    |
259 |             uint256 preReciprocal = uint256(FPML.expWad(-int256(preArg)));
    |                                                          ^^^^^^^^^^^^^^
    |
    = note: consider disabling this lint if you're certain the cast is safe
            
            // casting to 'int256' is safe because [explain why]
            // forge-lint: disable-next-line(unsafe-typecast)
            
            
    = help: https://book.getfoundry.sh/reference/forge/forge-lint#unsafe-typecast

warning[unsafe-typecast]: typecasts that can truncate values should be checked
   --> src/libraries/SineMath.sol:277:42
    |
277 |             ? -int256(FPML.mulWad(c.amp, uint256(-sinv)))
    |                                          ^^^^^^^^^^^^^^
    |
    = note: consider disabling this lint if you're certain the cast is safe
            
            // casting to 'uint256' is safe because [explain why]
            // forge-lint: disable-next-line(unsafe-typecast)
            
            
    = help: https://book.getfoundry.sh/reference/forge/forge-lint#unsafe-typecast

warning[unsafe-typecast]: typecasts that can truncate values should be checked
   --> src/libraries/SineMath.sol:278:41
    |
278 |             : int256(FPML.mulWad(c.amp, uint256(sinv)));
    |                                         ^^^^^^^^^^^^^
    |
    = note: consider disabling this lint if you're certain the cast is safe
            
            // casting to 'uint256' is safe because [explain why]
            // forge-lint: disable-next-line(unsafe-typecast)
            
            
    = help: https://book.getfoundry.sh/reference/forge/forge-lint#unsafe-typecast

warning[unsafe-typecast]: typecasts that can truncate values should be checked
   --> test/FableBreakAttempts.t.sol:567:31
    |
567 |             amountSpecified: -int256(amt),
    |                               ^^^^^^^^^^^
    |
    = note: consider disabling this lint if you're certain the cast is safe
            
            // casting to 'int256' is safe because [explain why]
            // forge-lint: disable-next-line(unsafe-typecast)
            
            
    = help: https://book.getfoundry.sh/reference/forge/forge-lint#unsafe-typecast

note[mixed-case-variable]: mutable variables should use mixedCase
   --> src/PSPStaker.sol:900:30
    |
900 |     function addFees(uint256 mixETHAmount) external nonReentrant {
    |                              ^^^^^^^^^^^^ help: consider using: `mixEthAmount`
    |
    = help: https://book.getfoundry.sh/reference/forge/forge-lint#mixed-case-variable

note[mixed-case-function]: function names should use mixedCase
  --> test/dinosat/SineV3PriceSymbolic.t.sol:25:14
   |
25 |     function check_phaseat_monotone_pos_q1(uint88 frac) public pure {
   |              ^^^^^^^^^^^^^^^^^^^^^^^^^^^^^ help: consider using: `checkPhaseatMonotonePosQ1`
   |
   = help: https://book.getfoundry.sh/reference/forge/forge-lint#mixed-case-function

note[mixed-case-function]: function names should use mixedCase
  --> test/dinosat/SineV3PriceSymbolic.t.sol:34:14
   |
34 |     function check_phaseat_monotone_pos_q2(uint88 frac) public pure {
   |              ^^^^^^^^^^^^^^^^^^^^^^^^^^^^^ help: consider using: `checkPhaseatMonotonePosQ2`
   |
   = help: https://book.getfoundry.sh/reference/forge/forge-lint#mixed-case-function

note[mixed-case-function]: function names should use mixedCase
  --> test/dinosat/SineV3PriceSymbolic.t.sol:41:14
   |
41 |     function check_phaseat_monotone_pos_q3(uint88 frac) public pure {
   |              ^^^^^^^^^^^^^^^^^^^^^^^^^^^^^ help: consider using: `checkPhaseatMonotonePosQ3`
   |
   = help: https://book.getfoundry.sh/reference/forge/forge-lint#mixed-case-function

note[mixed-case-function]: function names should use mixedCase
  --> test/dinosat/SineV3PriceSymbolic.t.sol:48:14
   |
48 |     function check_phaseat_monotone_pos_q4(uint88 frac) public pure {
   |              ^^^^^^^^^^^^^^^^^^^^^^^^^^^^^ help: consider using: `checkPhaseatMonotonePosQ4`
   |
   = help: https://book.getfoundry.sh/reference/forge/forge-lint#mixed-case-function

note[unused-import]: unused imports should be removed
 --> test/unit/PredepositWindow.t.sol:4:15
  |
4 | import {Test, console} from "forge-std/Test.sol";
  |               ^^^^^^^
  |
  = help: https://book.getfoundry.sh/reference/forge/forge-lint#unused-import

warning[erc20-unchecked-transfer]: ERC20 'transfer' and 'transferFrom' calls should check the return value
  --> test/unit/PredepositWindow.t.sol:61:9
   |
61 |         mixETH.transfer(who, amount);
   |         ^^^^^^^^^^^^^^^^^^^^^^^^^^^^
   |
   = help: https://book.getfoundry.sh/reference/forge/forge-lint#erc20-unchecked-transfer

warning[erc20-unchecked-transfer]: ERC20 'transfer' and 'transferFrom' calls should check the return value
   --> test/unit/PredepositWindow.t.sol:103:9
    |
103 |         mixETH.transfer(bob, 2);
    |         ^^^^^^^^^^^^^^^^^^^^^^^
    |
    = help: https://book.getfoundry.sh/reference/forge/forge-lint#erc20-unchecked-transfer

warning[erc20-unchecked-transfer]: ERC20 'transfer' and 'transferFrom' calls should check the return value
   --> test/unit/PredepositWindow.t.sol:198:9
    |
198 |         mixETH.transfer(address(factory), 25_000e18);
    |         ^^^^^^^^^^^^^^^^^^^^^^^^^^^^^^^^^^^^^^^^^^^^
    |
    = help: https://book.getfoundry.sh/reference/forge/forge-lint#erc20-unchecked-transfer

warning[erc20-unchecked-transfer]: ERC20 'transfer' and 'transferFrom' calls should check the return value
   --> test/unit/PredepositWindow.t.sol:215:9
    |
215 |         mixETH.transfer(address(factory), 5000e18);
    |         ^^^^^^^^^^^^^^^^^^^^^^^^^^^^^^^^^^^^^^^^^^
    |
    = help: https://book.getfoundry.sh/reference/forge/forge-lint#erc20-unchecked-transfer

note[unsafe-cheatcode]: usage of unsafe cheatcodes that can perform dangerous operations
  --> test/local/CompareDump.t.sol:25:12
   |
25 |         vm.writeFile('out/art-dump/8bit_classic.svg', d8.renderSVG(DNA_CLASSIC));
   |            ^^^^^^^^^
   |
   = help: https://book.getfoundry.sh/reference/forge/forge-lint#unsafe-cheatcode

note[named-struct-fields]: prefer initializing structs with named fields
   --> src/PSPStaker.sol:923:28
    |
923 |             feeEpochs.push(FeeEpoch(epoch, creditPerWeight));
    |                            ^^^^^^^^^^^^^^^^^^^^^^^^^^^^^^^^ help: consider using named fields: `FeeEpoch({ epoch: epoch, creditBefore: creditPerWeight })`
    |
    = help: https://book.getfoundry.sh/reference/forge/forge-lint#named-struct-fields

warning[erc20-unchecked-transfer]: ERC20 'transfer' and 'transferFrom' calls should check the return value
  --> test/mocks/MockHook.sol:29:9
   |
29 |         mixETH.transfer(to, mixETHAmount);
   |         ^^^^^^^^^^^^^^^^^^^^^^^^^^^^^^^^^
   |
   = help: https://book.getfoundry.sh/reference/forge/forge-lint#erc20-unchecked-transfer

warning[erc20-unchecked-transfer]: ERC20 'transfer' and 'transferFrom' calls should check the return value
  --> test/mocks/MockHook.sol:34:22
   |
34 |         if (bal > 0) mixETH.transfer(to, bal);
   |                      ^^^^^^^^^^^^^^^^^^^^^^^^
   |
   = help: https://book.getfoundry.sh/reference/forge/forge-lint#erc20-unchecked-transfer

warning[unsafe-typecast]: typecasts that can truncate values should be checked
   --> test/FableBreakAttempts.t.sol:572:23
    |
572 |         uint256 out = uint256(int256(pd));
    |                       ^^^^^^^^^^^^^^^^^^^
    |
    = note: consider disabling this lint if you're certain the cast is safe
            
            // casting to 'uint256' is safe because [explain why]
            // forge-lint: disable-next-line(unsafe-typecast)
            
            
    = help: https://book.getfoundry.sh/reference/forge/forge-lint#unsafe-typecast

note[screaming-snake-case-immutable]: immutables should use SCREAMING_SNAKE_CASE
  --> src/PepeExpandedDescriptor.sol:15:30
   |
15 |     address public immutable artData;
   |                              ^^^^^^^ help: consider using: `ART_DATA`
   |
   = help: https://book.getfoundry.sh/reference/forge/forge-lint#screaming-snake-case-immutable

note[unsafe-cheatcode]: usage of unsafe cheatcodes that can perform dangerous operations
  --> test/local/CompareDump.t.sol:26:12
   |
26 |         vm.writeFile('out/art-dump/8bit_gold.svg', d8.renderSVG(DNA_GOLD));
   |            ^^^^^^^^^
   |
   = help: https://book.getfoundry.sh/reference/forge/forge-lint#unsafe-cheatcode

note[unsafe-cheatcode]: usage of unsafe cheatcodes that can perform dangerous operations
  --> test/local/CompareDump.t.sol:27:12
   |
27 |         vm.writeFile('out/art-dump/8bit_zombie.svg', d8.renderSVG(DNA_ZOMBIE));
   |            ^^^^^^^^^
   |
   = help: https://book.getfoundry.sh/reference/forge/forge-lint#unsafe-cheatcode

note[unsafe-cheatcode]: usage of unsafe cheatcodes that can perform dangerous operations
  --> test/local/CompareDump.t.sol:28:12
   |
28 |         vm.writeFile('out/art-dump/8bit_diamond.svg', d8.renderSVG(DNA_DIAMOND));
   |            ^^^^^^^^^
   |
   = help: https://book.getfoundry.sh/reference/forge/forge-lint#unsafe-cheatcode

note[unsafe-cheatcode]: usage of unsafe cheatcodes that can perform dangerous operations
  --> test/local/CompareDump.t.sol:29:12
   |
29 |         vm.writeFile('out/art-dump/8bit_acc.svg', d8.renderSVG(DNA_ACC));
   |            ^^^^^^^^^
   |
   = help: https://book.getfoundry.sh/reference/forge/forge-lint#unsafe-cheatcode

note[unsafe-cheatcode]: usage of unsafe cheatcodes that can perform dangerous operations
  --> test/local/CompareDump.t.sol:30:12
   |
30 |         vm.writeFile('out/art-dump/8bit_wizard.svg', d8.renderSVG(DNA_WIZARD));
   |            ^^^^^^^^^
   |
   = help: https://book.getfoundry.sh/reference/forge/forge-lint#unsafe-cheatcode

note[mixed-case-function]: function names should use mixedCase
  --> test/unit/DeploymentScripts.t.sol:25:14
   |
25 |     function sinePL() external view returns (uint128) { return _sinePL(); }
   |              ^^^^^^ help: consider using: `sinePl`
   |
   = help: https://book.getfoundry.sh/reference/forge/forge-lint#mixed-case-function

note[mixed-case-function]: function names should use mixedCase
   --> src/PepeExpandedDescriptor.sol:139:14
    |
139 |     function renderSVG(uint256 dna) public view returns (string memory) {
    |              ^^^^^^^^^ help: consider using: `renderSvg`
    |
    = help: https://book.getfoundry.sh/reference/forge/forge-lint#mixed-case-function

note[mixed-case-variable]: mutable variables should use mixedCase
   --> src/PepeExpandedDescriptor.sol:255:17
    |
255 |         bytes16 HEX = "0123456789ABCDEF";
    |                 ^^^ help: consider using: `hex`
    |
    = help: https://book.getfoundry.sh/reference/forge/forge-lint#mixed-case-variable

warning[unsafe-typecast]: typecasts that can truncate values should be checked
   --> src/SineV3Math.sol:114:37
    |
114 |         return FPML.fullMulDiv(lam, uint256(fR - f0), pL * WAD);
    |                                     ^^^^^^^^^^^^^^^^
    |
    = note: consider disabling this lint if you're certain the cast is safe
            
            // casting to 'uint256' is safe because [explain why]
            // forge-lint: disable-next-line(unsafe-typecast)
            
            
    = help: https://book.getfoundry.sh/reference/forge/forge-lint#unsafe-typecast

note[screaming-snake-case-immutable]: immutables should use SCREAMING_SNAKE_CASE
  --> test/unit/DeploymentScripts.t.sol:36:30
   |
36 |     IMixETH public immutable mixETH;
   |                              ^^^^^^ help: consider using: `MIX_ETH`
   |
   = help: https://book.getfoundry.sh/reference/forge/forge-lint#screaming-snake-case-immutable

note[screaming-snake-case-immutable]: immutables should use SCREAMING_SNAKE_CASE
  --> test/unit/DeploymentScripts.t.sol:37:35
   |
37 |     IPoolManager public immutable poolManager;
   |                                   ^^^^^^^^^^^ help: consider using: `POOL_MANAGER`
   |
   = help: https://book.getfoundry.sh/reference/forge/forge-lint#screaming-snake-case-immutable

note[unsafe-cheatcode]: usage of unsafe cheatcodes that can perform dangerous operations
  --> test/unit/DeploymentScripts.t.sol:75:12
   |
75 |         vm.setEnv("PSP_SINE_PTARGET", "60000000000000000");
   |            ^^^^^^
   |
   = help: https://book.getfoundry.sh/reference/forge/forge-lint#unsafe-cheatcode

note[unsafe-cheatcode]: usage of unsafe cheatcodes that can perform dangerous operations
  --> test/unit/DeploymentScripts.t.sol:78:12
   |
78 |         vm.setEnv("PSP_SINE_PTARGET", "");
   |            ^^^^^^
   |
   = help: https://book.getfoundry.sh/reference/forge/forge-lint#unsafe-cheatcode

note[unsafe-cheatcode]: usage of unsafe cheatcodes that can perform dangerous operations
  --> test/unit/DeploymentScripts.t.sol:79:12
   |
79 |         vm.setEnv("PSP_SINE_PL", "1");
   |            ^^^^^^
   |
   = help: https://book.getfoundry.sh/reference/forge/forge-lint#unsafe-cheatcode

note[unsafe-cheatcode]: usage of unsafe cheatcodes that can perform dangerous operations
  --> test/unit/DeploymentScripts.t.sol:82:12
   |
82 |         vm.setEnv("PSP_SINE_PL", "75000000000000");
   |            ^^^^^^
   |
   = help: https://book.getfoundry.sh/reference/forge/forge-lint#unsafe-cheatcode

note[mixed-case-function]: function names should use mixedCase
  --> test/dinosat/SineV3PriceSymbolic.t.sol:55:14
   |
55 |     function check_phaseat_monotone_neg(uint88 frac) public pure {
   |              ^^^^^^^^^^^^^^^^^^^^^^^^^^ help: consider using: `checkPhaseatMonotoneNeg`
   |
   = help: https://book.getfoundry.sh/reference/forge/forge-lint#mixed-case-function

note[mixed-case-function]: function names should use mixedCase
   --> test/mocks/MockPoolManager.sol:138:14
    |
138 |     function updateDynamicLPFee(PoolKey memory, uint24) external pure { revert NotSupported(); }
    |              ^^^^^^^^^^^^^^^^^^ help: consider using: `updateDynamicLpFee`
    |
    = help: https://book.getfoundry.sh/reference/forge/forge-lint#mixed-case-function

warning[unsafe-typecast]: typecasts that can truncate values should be checked
   --> src/libraries/SineMath.sol:280:24
    |
280 |         if (trendArg > uint256(MAX_EXP_ARG) + c.amp) revert ExpPriceArg();
    |                        ^^^^^^^^^^^^^^^^^^^^
    |
    = note: consider disabling this lint if you're certain the cast is safe
            
            // casting to 'uint256' is safe because [explain why]
            // forge-lint: disable-next-line(unsafe-typecast)
            
            
    = help: https://book.getfoundry.sh/reference/forge/forge-lint#unsafe-typecast

warning[unsafe-typecast]: typecasts that can truncate values should be checked
   --> src/libraries/SineMath.sol:281:16
    |
281 |         return int256(trendArg) + ampTerm;
    |                ^^^^^^^^^^^^^^^^
    |
    = note: consider disabling this lint if you're certain the cast is safe
            
            // casting to 'int256' is safe because [explain why]
            // forge-lint: disable-next-line(unsafe-typecast)
            
            
    = help: https://book.getfoundry.sh/reference/forge/forge-lint#unsafe-typecast

warning[unsafe-typecast]: typecasts that can truncate values should be checked
   --> src/libraries/SineMath.sol:288:47
    |
288 |         uint256 expNeg = uint256(FPML.expWad(-int256(arg)));
    |                                               ^^^^^^^^^^^
    |
    = note: consider disabling this lint if you're certain the cast is safe
            
            // casting to 'int256' is safe because [explain why]
            // forge-lint: disable-next-line(unsafe-typecast)
            
            
    = help: https://book.getfoundry.sh/reference/forge/forge-lint#unsafe-typecast

note[unsafe-cheatcode]: usage of unsafe cheatcodes that can perform dangerous operations
  --> test/local/CompareDump.t.sol:31:12
   |
31 |         vm.writeFile('out/art-dump/8bit_homer.svg', d8.renderSVG(DNA_HOMER));
   |            ^^^^^^^^^
   |
   = help: https://book.getfoundry.sh/reference/forge/forge-lint#unsafe-cheatcode

note[unsafe-cheatcode]: usage of unsafe cheatcodes that can perform dangerous operations
  --> test/unit/DeploymentScripts.t.sol:87:12
   |
87 |         vm.setEnv("PSP_PREDEPOSIT_SEC", "600");
   |            ^^^^^^
   |
   = help: https://book.getfoundry.sh/reference/forge/forge-lint#unsafe-cheatcode

note[unsafe-cheatcode]: usage of unsafe cheatcodes that can perform dangerous operations
  --> test/unit/DeploymentScripts.t.sol:88:12
   |
88 |         vm.setEnv("PSP_VEST_SEC", "1200");
   |            ^^^^^^
   |
   = help: https://book.getfoundry.sh/reference/forge/forge-lint#unsafe-cheatcode

note[unsafe-cheatcode]: usage of unsafe cheatcodes that can perform dangerous operations
  --> test/unit/DeploymentScripts.t.sol:89:12
   |
89 |         vm.setEnv("PSP_DET_SEC", "1800");
   |            ^^^^^^
   |
   = help: https://book.getfoundry.sh/reference/forge/forge-lint#unsafe-cheatcode

note[unsafe-cheatcode]: usage of unsafe cheatcodes that can perform dangerous operations
  --> test/unit/DeploymentScripts.t.sol:90:12
   |
90 |         vm.setEnv("PSP_WALLET_CAP_MIX", "25");
   |            ^^^^^^
   |
   = help: https://book.getfoundry.sh/reference/forge/forge-lint#unsafe-cheatcode

note[unsafe-cheatcode]: usage of unsafe cheatcodes that can perform dangerous operations
  --> test/unit/DeploymentScripts.t.sol:92:12
   |
92 |         vm.setEnv("PSP_VEST_SEC", "1201");
   |            ^^^^^^
   |
   = help: https://book.getfoundry.sh/reference/forge/forge-lint#unsafe-cheatcode

note[unsafe-cheatcode]: usage of unsafe cheatcodes that can perform dangerous operations
  --> test/local/VectorDump.t.sol:26:12
   |
26 |         vm.writeFile('out/art-dump/vec_classic.svg', d.renderSVG(DNA_CLASSIC));
   |            ^^^^^^^^^
   |
   = help: https://book.getfoundry.sh/reference/forge/forge-lint#unsafe-cheatcode

note[unsafe-cheatcode]: usage of unsafe cheatcodes that can perform dangerous operations
  --> test/local/VectorDump.t.sol:27:12
   |
27 |         vm.writeFile('out/art-dump/vec_gold.svg', d.renderSVG(DNA_GOLD));
   |            ^^^^^^^^^
   |
   = help: https://book.getfoundry.sh/reference/forge/forge-lint#unsafe-cheatcode

note[unsafe-cheatcode]: usage of unsafe cheatcodes that can perform dangerous operations
  --> test/local/VectorDump.t.sol:28:12
   |
28 |         vm.writeFile('out/art-dump/vec_zombie.svg', d.renderSVG(DNA_ZOMBIE));
   |            ^^^^^^^^^
   |
   = help: https://book.getfoundry.sh/reference/forge/forge-lint#unsafe-cheatcode

note[unsafe-cheatcode]: usage of unsafe cheatcodes that can perform dangerous operations
  --> test/local/VectorDump.t.sol:29:12
   |
29 |         vm.writeFile('out/art-dump/vec_diamond.svg', d.renderSVG(DNA_DIAMOND));
   |            ^^^^^^^^^
   |
   = help: https://book.getfoundry.sh/reference/forge/forge-lint#unsafe-cheatcode

note[unsafe-cheatcode]: usage of unsafe cheatcodes that can perform dangerous operations
  --> test/local/VectorDump.t.sol:30:12
   |
30 |         vm.writeFile('out/art-dump/vec_acc.svg', d.renderSVG(DNA_ACC));
   |            ^^^^^^^^^
   |
   = help: https://book.getfoundry.sh/reference/forge/forge-lint#unsafe-cheatcode

note[unused-import]: unused imports should be removed
  --> test/mocks/MockPoolManager.sol:12:9
   |
12 | import {PoolId, PoolIdLibrary} from "@uniswap/v4-core/src/types/PoolId.sol";
   |         ^^^^^^
   |
   = help: https://book.getfoundry.sh/reference/forge/forge-lint#unused-import

note[mixed-case-function]: function names should use mixedCase
  --> test/dinosat/SineV3PriceSymbolic.t.sol:94:14
   |
94 |     function check_phaseat_odd(uint88 x) public pure {
   |              ^^^^^^^^^^^^^^^^^ help: consider using: `checkPhaseatOdd`
   |
   = help: https://book.getfoundry.sh/reference/forge/forge-lint#mixed-case-function

note[mixed-case-variable]: mutable variables should use mixedCase
  --> src/libraries/CurveMath.sol:33:17
   |
33 |         uint256 P0;           // starting price at supply=0 (1e18 ETH)
   |                 ^^ help: consider using: `p0`
   |
   = help: https://book.getfoundry.sh/reference/forge/forge-lint#mixed-case-variable

note[screaming-snake-case-immutable]: immutables should use SCREAMING_SNAKE_CASE
  --> src/CurveHook.sol:66:39
   |
66 |     IRoundController public immutable controller;
   |                                       ^^^^^^^^^^ help: consider using: `CONTROLLER`
   |
   = help: https://book.getfoundry.sh/reference/forge/forge-lint#screaming-snake-case-immutable

note[mixed-case-variable]: mutable variables should use mixedCase
  --> test/integration/ZapSwaps.t.sol:34:16
   |
34 |     MockMixETH mixETH;
   |                ^^^^^^ help: consider using: `mixEth`
   |
   = help: https://book.getfoundry.sh/reference/forge/forge-lint#mixed-case-variable

warning[unsafe-typecast]: typecasts that can truncate values should be checked
  --> test/mocks/MockPoolManager.sol:89:30
   |
89 |             ? toBalanceDelta(int128(specified), int128(unspecified))
   |                              ^^^^^^^^^^^^^^^^^
   |
   = note: consider disabling this lint if you're certain the cast is safe
           
           // casting to 'int128' is safe because [explain why]
           // forge-lint: disable-next-line(unsafe-typecast)
           
           
   = help: https://book.getfoundry.sh/reference/forge/forge-lint#unsafe-typecast

warning[unsafe-typecast]: typecasts that can truncate values should be checked
  --> test/mocks/MockPoolManager.sol:89:49
   |
89 |             ? toBalanceDelta(int128(specified), int128(unspecified))
   |                                                 ^^^^^^^^^^^^^^^^^^^
   |
   = note: consider disabling this lint if you're certain the cast is safe
           
           // casting to 'int128' is safe because [explain why]
           // forge-lint: disable-next-line(unsafe-typecast)
           
           
   = help: https://book.getfoundry.sh/reference/forge/forge-lint#unsafe-typecast

warning[unsafe-typecast]: typecasts that can truncate values should be checked
  --> test/mocks/MockPoolManager.sol:90:30
   |
90 |             : toBalanceDelta(int128(unspecified), int128(specified));
   |                              ^^^^^^^^^^^^^^^^^^^
   |
   = note: consider disabling this lint if you're certain the cast is safe
           
           // casting to 'int128' is safe because [explain why]
           // forge-lint: disable-next-line(unsafe-typecast)
           
           
   = help: https://book.getfoundry.sh/reference/forge/forge-lint#unsafe-typecast

note[unsafe-cheatcode]: usage of unsafe cheatcodes that can perform dangerous operations
   --> test/unit/DeploymentScripts.t.sol:110:12
    |
110 |         vm.setEnv("PSP_WALLET_CAP_MIX", "999");
    |            ^^^^^^
    |
    = help: https://book.getfoundry.sh/reference/forge/forge-lint#unsafe-cheatcode

note[mixed-case-function]: function names should use mixedCase
   --> test/dinosat/SineV3PriceSymbolic.t.sol:112:14
    |
112 |     function check_phaseat_displacement_pos(uint88 x) public pure {
    |              ^^^^^^^^^^^^^^^^^^^^^^^^^^^^^^ help: consider using: `checkPhaseatDisplacementPos`
    |
    = help: https://book.getfoundry.sh/reference/forge/forge-lint#mixed-case-function

note[mixed-case-variable]: mutable variables should use mixedCase
  --> src/RoundController.sol:55:73
   |
55 |     event Predeposited(address indexed user, uint256 ethAmount, uint256 mixETHAmount);
   |                                                                         ^^^^^^^^^^^^ help: consider using: `mixEthAmount`
   |
   = help: https://book.getfoundry.sh/reference/forge/forge-lint#mixed-case-variable

note[mixed-case-variable]: mutable variables should use mixedCase
  --> src/RoundController.sol:56:31
   |
56 |     event CarrySeeded(uint256 mixETHAmount);
   |                               ^^^^^^^^^^^^ help: consider using: `mixEthAmount`
   |
   = help: https://book.getfoundry.sh/reference/forge/forge-lint#mixed-case-variable

note[mixed-case-variable]: mutable variables should use mixedCase
  --> src/RoundController.sol:57:28
   |
57 |     event Launched(uint256 totalMixETH, uint256 totalPSP);
   |                            ^^^^^^^^^^^ help: consider using: `totalMixEth`
   |
   = help: https://book.getfoundry.sh/reference/forge/forge-lint#mixed-case-variable

note[mixed-case-variable]: mutable variables should use mixedCase
  --> src/RoundController.sol:57:49
   |
57 |     event Launched(uint256 totalMixETH, uint256 totalPSP);
   |                                                 ^^^^^^^^ help: consider using: `totalPsp`
   |
   = help: https://book.getfoundry.sh/reference/forge/forge-lint#mixed-case-variable

note[mixed-case-variable]: mutable variables should use mixedCase
  --> src/RoundController.sol:66:29
   |
66 |     event FeesAdded(uint256 mixETHAmount);
   |                             ^^^^^^^^^^^^ help: consider using: `mixEthAmount`
   |
   = help: https://book.getfoundry.sh/reference/forge/forge-lint#mixed-case-variable

note[mixed-case-function]: function names should use mixedCase
   --> test/dinosat/SineV3PriceSymbolic.t.sol:120:14
    |
120 |     function check_phaseat_displacement_neg(uint88 x) public pure {
    |              ^^^^^^^^^^^^^^^^^^^^^^^^^^^^^^ help: consider using: `checkPhaseatDisplacementNeg`
    |
    = help: https://book.getfoundry.sh/reference/forge/forge-lint#mixed-case-function

warning[unsafe-typecast]: typecasts that can truncate values should be checked
  --> test/mocks/MockPoolManager.sol:90:51
   |
90 |             : toBalanceDelta(int128(unspecified), int128(specified));
   |                                                   ^^^^^^^^^^^^^^^^^
   |
   = note: consider disabling this lint if you're certain the cast is safe
           
           // casting to 'int128' is safe because [explain why]
           // forge-lint: disable-next-line(unsafe-typecast)
           
           
   = help: https://book.getfoundry.sh/reference/forge/forge-lint#unsafe-typecast

note[screaming-snake-case-immutable]: immutables should use SCREAMING_SNAKE_CASE
  --> src/RoundController.sol:69:31
   |
69 |     PSPToken public immutable pspToken;
   |                               ^^^^^^^^ help: consider using: `PSP_TOKEN`
   |
   = help: https://book.getfoundry.sh/reference/forge/forge-lint#screaming-snake-case-immutable

note[screaming-snake-case-immutable]: immutables should use SCREAMING_SNAKE_CASE
  --> src/RoundController.sol:70:29
   |
70 |     IERC20 public immutable mixETH;
   |                             ^^^^^^ help: consider using: `MIX_ETH`
   |
   = help: https://book.getfoundry.sh/reference/forge/forge-lint#screaming-snake-case-immutable

note[screaming-snake-case-immutable]: immutables should use SCREAMING_SNAKE_CASE
  --> src/RoundController.sol:72:30
   |
72 |     address public immutable factory;
   |                              ^^^^^^^ help: consider using: `FACTORY`
   |
   = help: https://book.getfoundry.sh/reference/forge/forge-lint#screaming-snake-case-immutable

note[screaming-snake-case-immutable]: immutables should use SCREAMING_SNAKE_CASE
  --> src/RoundController.sol:79:32
   |
79 |     PSPStaker public immutable staker;
   |                                ^^^^^^ help: consider using: `STAKER`
   |
   = help: https://book.getfoundry.sh/reference/forge/forge-lint#screaming-snake-case-immutable

note[mixed-case-variable]: mutable variables should use mixedCase
  --> src/RoundController.sol:86:17
   |
86 |         uint256 mixETHAmount;
   |                 ^^^^^^^^^^^^ help: consider using: `mixEthAmount`
   |
   = help: https://book.getfoundry.sh/reference/forge/forge-lint#mixed-case-variable

note[mixed-case-function]: function names should use mixedCase
   --> test/dinosat/SineV3PriceSymbolic.t.sol:137:14
    |
137 |     function check_scaledexp_monotone(int72 e) public pure {
    |              ^^^^^^^^^^^^^^^^^^^^^^^^ help: consider using: `checkScaledexpMonotone`
    |
    = help: https://book.getfoundry.sh/reference/forge/forge-lint#mixed-case-function

note[mixed-case-function]: function names should use mixedCase
   --> test/dinosat/SineV3PriceSymbolic.t.sol:145:14
    |
145 |     function check_scaledexp_reverts_huge_scale(uint256 scale) public {
    |              ^^^^^^^^^^^^^^^^^^^^^^^^^^^^^^^^^^ help: consider using: `checkScaledexpRevertsHugeScale`
    |
    = help: https://book.getfoundry.sh/reference/forge/forge-lint#mixed-case-function

note[unsafe-cheatcode]: usage of unsafe cheatcodes that can perform dangerous operations
  --> test/local/VectorDump.t.sol:31:12
   |
31 |         vm.writeFile('out/art-dump/vec_wizard.svg', d.renderSVG(DNA_WIZARD));
   |            ^^^^^^^^^
   |
   = help: https://book.getfoundry.sh/reference/forge/forge-lint#unsafe-cheatcode

note[unsafe-cheatcode]: usage of unsafe cheatcodes that can perform dangerous operations
  --> test/local/VectorDump.t.sol:32:12
   |
32 |         vm.writeFile('out/art-dump/vec_homer.svg', d.renderSVG(DNA_HOMER));
   |            ^^^^^^^^^
   |
   = help: https://book.getfoundry.sh/reference/forge/forge-lint#unsafe-cheatcode

note[unsafe-cheatcode]: usage of unsafe cheatcodes that can perform dangerous operations
   --> test/unit/DeploymentScripts.t.sol:131:12
    |
131 |         vm.setEnv("PSP_WALLET_CAP_MIX", "999");
    |            ^^^^^^
    |
    = help: https://book.getfoundry.sh/reference/forge/forge-lint#unsafe-cheatcode

note[unused-import]: unused imports should be removed
 --> test/integration/ZapSwaps.t.sol:4:15
  |
4 | import {Test, console} from "forge-std/Test.sol";
  |               ^^^^^^^
  |
  = help: https://book.getfoundry.sh/reference/forge/forge-lint#unused-import

warning[erc20-unchecked-transfer]: ERC20 'transfer' and 'transferFrom' calls should check the return value
  --> test/integration/ZapSwaps.t.sol:86:9
   |
86 |         mixETH.transfer(bob, 100e18);
   |         ^^^^^^^^^^^^^^^^^^^^^^^^^^^^
   |
   = help: https://book.getfoundry.sh/reference/forge/forge-lint#erc20-unchecked-transfer

note[mixed-case-variable]: mutable variables should use mixedCase
  --> test/mocks/MockMixETH.sol:12:20
   |
12 |     uint256 public totalDepositedETH;
   |                    ^^^^^^^^^^^^^^^^^ help: consider using: `totalDepositedEth`
   |
   = help: https://book.getfoundry.sh/reference/forge/forge-lint#mixed-case-variable

note[mixed-case-function]: function names should use mixedCase
  --> test/mocks/MockMixETH.sol:20:14
   |
20 |     function depositETH() external payable returns (uint256 shares) {
   |              ^^^^^^^^^^ help: consider using: `depositEth`
   |
   = help: https://book.getfoundry.sh/reference/forge/forge-lint#mixed-case-function

note[mixed-case-function]: function names should use mixedCase
  --> test/mocks/MockMixETH.sol:40:14
   |
40 |     function redeemETH(uint256 shareAmount) external returns (uint256 ethOut) {
   |              ^^^^^^^^^ help: consider using: `redeemEth`
   |
   = help: https://book.getfoundry.sh/reference/forge/forge-lint#mixed-case-function

note[mixed-case-variable]: mutable variables should use mixedCase
  --> src/RoundController.sol:90:20
   |
90 |     uint256 public totalPredepositMixETH;
   |                    ^^^^^^^^^^^^^^^^^^^^^ help: consider using: `totalPredepositMixEth`
   |
   = help: https://book.getfoundry.sh/reference/forge/forge-lint#mixed-case-variable

warning[erc20-unchecked-transfer]: ERC20 'transfer' and 'transferFrom' calls should check the return value
   --> test/integration/ZapSwaps.t.sol:204:9
    |
204 |         mixETH.transfer(bob, 10e18);
    |         ^^^^^^^^^^^^^^^^^^^^^^^^^^^
    |
    = help: https://book.getfoundry.sh/reference/forge/forge-lint#erc20-unchecked-transfer

warning[erc20-unchecked-transfer]: ERC20 'transfer' and 'transferFrom' calls should check the return value
   --> test/integration/ZapSwaps.t.sol:231:9
    |
231 |         mixETH.transfer(bob, 10e18);
    |         ^^^^^^^^^^^^^^^^^^^^^^^^^^^
    |
    = help: https://book.getfoundry.sh/reference/forge/forge-lint#erc20-unchecked-transfer

note[screaming-snake-case-immutable]: immutables should use SCREAMING_SNAKE_CASE
  --> src/CurveHook.sol:69:42
   |
69 |     PSPReferralRegistry public immutable referralRegistry;
   |                                          ^^^^^^^^^^^^^^^^ help: consider using: `REFERRAL_REGISTRY`
   |
   = help: https://book.getfoundry.sh/reference/forge/forge-lint#screaming-snake-case-immutable

note[mixed-case-variable]: mutable variables should use mixedCase
   --> src/libraries/CurveMath.sol:271:36
    |
271 |     function curveIntegral(uint256 S1, uint256 S2, CurveConfig memory cc)
    |                                    ^^ help: consider using: `s1`
    |
    = help: https://book.getfoundry.sh/reference/forge/forge-lint#mixed-case-variable

note[unsafe-cheatcode]: usage of unsafe cheatcodes that can perform dangerous operations
  --> test/local/HeroDump.t.sol:11:12
   |
11 |         vm.writeFile("out/art-dump/hero.svg", d.renderSVG(dna));
   |            ^^^^^^^^^
   |
   = help: https://book.getfoundry.sh/reference/forge/forge-lint#unsafe-cheatcode

note[unsafe-cheatcode]: usage of unsafe cheatcodes that can perform dangerous operations
  --> test/local/HeroDump.t.sol:14:12
   |
14 |         vm.writeFile("out/art-dump/hero2.svg", d.renderSVG(dna2));
   |            ^^^^^^^^^
   |
   = help: https://book.getfoundry.sh/reference/forge/forge-lint#unsafe-cheatcode

note[unused-import]: unused imports should be removed
 --> test/mocks/MockMixETH.sol:5:9
  |
5 | import {IERC20} from "@openzeppelin/contracts/token/ERC20/IERC20.sol";
  |         ^^^^^^
  |
  = help: https://book.getfoundry.sh/reference/forge/forge-lint#unused-import

note[mixed-case-variable]: mutable variables should use mixedCase
  --> test/unit/CurveMathAdversarial.t.sol:13:27
   |
13 |     CurveMath.CurveConfig multiCC;
   |                           ^^^^^^^ help: consider using: `multiCc`
   |
   = help: https://book.getfoundry.sh/reference/forge/forge-lint#mixed-case-variable

note[screaming-snake-case-immutable]: immutables should use SCREAMING_SNAKE_CASE
   --> src/CurveHook.sol:126:30
    |
126 |     uint256 public immutable detWindow;
    |                              ^^^^^^^^^ help: consider using: `DET_WINDOW`
    |
    = help: https://book.getfoundry.sh/reference/forge/forge-lint#screaming-snake-case-immutable

note[mixed-case-variable]: mutable variables should use mixedCase
   --> src/CurveHook.sol:141:20
    |
141 |     uint256 public reserveMixETH;   // mixETH backing circulating PSP (excludes fees)
    |                    ^^^^^^^^^^^^^ help: consider using: `reserveMixEth`
    |
    = help: https://book.getfoundry.sh/reference/forge/forge-lint#mixed-case-variable

note[mixed-case-variable]: mutable variables should use mixedCase
   --> src/CurveHook.sol:142:20
    |
142 |     uint256 public totalSupplyPSP;  // total PSP minted by curve
    |                    ^^^^^^^^^^^^^^ help: consider using: `totalSupplyPsp`
    |
    = help: https://book.getfoundry.sh/reference/forge/forge-lint#mixed-case-variable

note[mixed-case-variable]: mutable variables should use mixedCase
   --> src/CurveHook.sol:157:20
    |
157 |     uint128 public sinePL;
    |                    ^^^^^^ help: consider using: `sinePl`
    |
    = help: https://book.getfoundry.sh/reference/forge/forge-lint#mixed-case-variable

note[mixed-case-function]: function names should use mixedCase
   --> src/CurveHook.sol:212:14
    |
212 |     function MIN_BUY_INPUT() public view returns (uint256) {
    |              ^^^^^^^^^^^^^ help: consider using: `minBuyInput`
    |
    = help: https://book.getfoundry.sh/reference/forge/forge-lint#mixed-case-function

warning[divide-before-multiply]: multiplication should occur before division to avoid loss of precision
   --> src/CurveHook.sol:234:36
    |
234 |         return GameRules.MIN_BUY + (growth / 1_000_000) * 21 + (growth % 1_000_000) * 21 / 1_000_000;
    |                                    ^^^^^^^^^^^^^^^^^^^^^^^^^
    |
    = help: https://book.getfoundry.sh/reference/forge/forge-lint#divide-before-multiply

note[screaming-snake-case-immutable]: immutables should use SCREAMING_SNAKE_CASE
   --> src/CurveHook.sol:240:30
    |
240 |     address public immutable deployerCutTo;
    |                              ^^^^^^^^^^^^^ help: consider using: `DEPLOYER_CUT_TO`
    |
    = help: https://book.getfoundry.sh/reference/forge/forge-lint#screaming-snake-case-immutable

note[mixed-case-variable]: mutable variables should use mixedCase
  --> test/mocks/MaliciousMixETH.sol:14:20
   |
14 |     uint256 public totalDepositedETH;
   |                    ^^^^^^^^^^^^^^^^^ help: consider using: `totalDepositedEth`
   |
   = help: https://book.getfoundry.sh/reference/forge/forge-lint#mixed-case-variable

note[mixed-case-variable]: mutable variables should use mixedCase
  --> src/RoundController.sol:92:20
   |
92 |     uint256 public totalInitialPSP; // snapshot of PSP minted at launch
   |                    ^^^^^^^^^^^^^^^ help: consider using: `totalInitialPsp`
   |
   = help: https://book.getfoundry.sh/reference/forge/forge-lint#mixed-case-variable

note[mixed-case-variable]: mutable variables should use mixedCase
   --> src/CurveHook.sol:263:46
    |
263 |     event Buy(address indexed buyer, uint256 mixETHIn, uint256 pspOut, uint256 newSupply, uint256 newReserveMixETH);
    |                                              ^^^^^^^^ help: consider using: `mixEthIn`
    |
    = help: https://book.getfoundry.sh/reference/forge/forge-lint#mixed-case-variable

note[mixed-case-variable]: mutable variables should use mixedCase
   --> src/CurveHook.sol:263:99
    |
263 |     event Buy(address indexed buyer, uint256 mixETHIn, uint256 pspOut, uint256 newSupply, uint256 newReserveMixETH);
    |                                                                                                   ^^^^^^^^^^^^^^^^ help: consider using: `newReserveMixEth`
    |
    = help: https://book.getfoundry.sh/reference/forge/forge-lint#mixed-case-variable

note[mixed-case-variable]: mutable variables should use mixedCase
   --> src/CurveHook.sol:264:63
    |
264 |     event Sell(address indexed seller, uint256 pspIn, uint256 mixETHOut, uint256 newSupply, uint256 newReserveMixETH);
    |                                                               ^^^^^^^^^ help: consider using: `mixEthOut`
    |
    = help: https://book.getfoundry.sh/reference/forge/forge-lint#mixed-case-variable

note[mixed-case-variable]: mutable variables should use mixedCase
   --> src/CurveHook.sol:264:101
    |
264 |     event Sell(address indexed seller, uint256 pspIn, uint256 mixETHOut, uint256 newSupply, uint256 newReserveMixETH);
    |                                                                                                     ^^^^^^^^^^^^^^^^ help: consider using: `newReserveMixEth`
    |
    = help: https://book.getfoundry.sh/reference/forge/forge-lint#mixed-case-variable

note[mixed-case-variable]: mutable variables should use mixedCase
   --> src/CurveHook.sol:267:48
    |
267 |     event FeesSent(address indexed to, uint256 mixETHAmount);
    |                                                ^^^^^^^^^^^^ help: consider using: `mixEthAmount`
    |
    = help: https://book.getfoundry.sh/reference/forge/forge-lint#mixed-case-variable

note[mixed-case-function]: function names should use mixedCase
  --> test/mocks/MaliciousMixETH.sol:23:14
   |
23 |     function depositETH() external payable returns (uint256 shares) {
   |              ^^^^^^^^^^ help: consider using: `depositEth`
   |
   = help: https://book.getfoundry.sh/reference/forge/forge-lint#mixed-case-function

note[mixed-case-function]: function names should use mixedCase
  --> test/mocks/MaliciousMixETH.sol:79:14
   |
79 |     function donateETH() external payable {
   |              ^^^^^^^^^ help: consider using: `donateEth`
   |
   = help: https://book.getfoundry.sh/reference/forge/forge-lint#mixed-case-function

note[named-struct-fields]: prefer initializing structs with named fields
  --> test/integration/ReinvestRepair.t.sol:50:30
   |
50 |         PoolKey memory key = PoolKey(c0, c1, 0x800000, 60, r.hook);
   |                              ^^^^^^^^^^^^^^^^^^^^^^^^^^^^^^^^^^^^^ help: consider using named fields: `PoolKey({ currency0: c0, currency1: c1, fee: 0x800000, tickSpacing: 60, hooks: r.hook })`
   |
   = help: https://book.getfoundry.sh/reference/forge/forge-lint#named-struct-fields

note[mixed-case-variable]: mutable variables should use mixedCase
   --> src/libraries/CurveMath.sol:271:48
    |
271 |     function curveIntegral(uint256 S1, uint256 S2, CurveConfig memory cc)
    |                                                ^^ help: consider using: `s2`
    |
    = help: https://book.getfoundry.sh/reference/forge/forge-lint#mixed-case-variable

warning[unsafe-typecast]: typecasts that can truncate values should be checked
  --> test/dinosat/SineV3PriceSymbolic.t.sol:29:36
   |
29 |         assert(SineV3Price.phaseAt(int256(x)) <= SineV3Price.phaseAt(int256(x + 1)));
   |                                    ^^^^^^^^^
   |
   = note: consider disabling this lint if you're certain the cast is safe
           
           // casting to 'int256' is safe because [explain why]
           // forge-lint: disable-next-line(unsafe-typecast)
           
           
   = help: https://book.getfoundry.sh/reference/forge/forge-lint#unsafe-typecast

warning[unsafe-typecast]: typecasts that can truncate values should be checked
  --> test/dinosat/SineV3PriceSymbolic.t.sol:29:70
   |
29 |         assert(SineV3Price.phaseAt(int256(x)) <= SineV3Price.phaseAt(int256(x + 1)));
   |                                                                      ^^^^^^^^^^^^^
   |
   = note: consider disabling this lint if you're certain the cast is safe
           
           // casting to 'int256' is safe because [explain why]
           // forge-lint: disable-next-line(unsafe-typecast)
           
           
   = help: https://book.getfoundry.sh/reference/forge/forge-lint#unsafe-typecast

warning[unsafe-typecast]: typecasts that can truncate values should be checked
  --> test/dinosat/SineV3PriceSymbolic.t.sol:66:36
   |
66 |         assert(SineV3Price.phaseAt(int256(WAD - 1)) <= SineV3Price.phaseAt(int256(WAD)));
   |                                    ^^^^^^^^^^^^^^^
   |
   = note: consider disabling this lint if you're certain the cast is safe
           
           // casting to 'int256' is safe because [explain why]
           // forge-lint: disable-next-line(unsafe-typecast)
           
           
   = help: https://book.getfoundry.sh/reference/forge/forge-lint#unsafe-typecast

warning[unsafe-typecast]: typecasts that can truncate values should be checked
  --> test/dinosat/SineV3PriceSymbolic.t.sol:66:76
   |
66 |         assert(SineV3Price.phaseAt(int256(WAD - 1)) <= SineV3Price.phaseAt(int256(WAD)));
   |                                                                            ^^^^^^^^^^^
   |
   = note: consider disabling this lint if you're certain the cast is safe
           
           // casting to 'int256' is safe because [explain why]
           // forge-lint: disable-next-line(unsafe-typecast)
           
           
   = help: https://book.getfoundry.sh/reference/forge/forge-lint#unsafe-typecast

warning[unsafe-typecast]: typecasts that can truncate values should be checked
  --> test/dinosat/SineV3PriceSymbolic.t.sol:72:36
   |
72 |         assert(SineV3Price.phaseAt(int256(WAD / 4 - 1)) <= SineV3Price.phaseAt(int256(WAD / 4)));
   |                                    ^^^^^^^^^^^^^^^^^^^
   |
   = note: consider disabling this lint if you're certain the cast is safe
           
           // casting to 'int256' is safe because [explain why]
           // forge-lint: disable-next-line(unsafe-typecast)
           
           
   = help: https://book.getfoundry.sh/reference/forge/forge-lint#unsafe-typecast

warning[unsafe-typecast]: typecasts that can truncate values should be checked
  --> test/dinosat/SineV3PriceSymbolic.t.sol:72:80
   |
72 |         assert(SineV3Price.phaseAt(int256(WAD / 4 - 1)) <= SineV3Price.phaseAt(int256(WAD / 4)));
   |                                                                                ^^^^^^^^^^^^^^^
   |
   = note: consider disabling this lint if you're certain the cast is safe
           
           // casting to 'int256' is safe because [explain why]
           // forge-lint: disable-next-line(unsafe-typecast)
           
           
   = help: https://book.getfoundry.sh/reference/forge/forge-lint#unsafe-typecast

warning[unsafe-typecast]: typecasts that can truncate values should be checked
  --> test/dinosat/SineV3PriceSymbolic.t.sol:73:36
   |
73 |         assert(SineV3Price.phaseAt(int256(WAD / 2 - 1)) <= SineV3Price.phaseAt(int256(WAD / 2)));
   |                                    ^^^^^^^^^^^^^^^^^^^
   |
   = note: consider disabling this lint if you're certain the cast is safe
           
           // casting to 'int256' is safe because [explain why]
           // forge-lint: disable-next-line(unsafe-typecast)
           
           
   = help: https://book.getfoundry.sh/reference/forge/forge-lint#unsafe-typecast

warning[unsafe-typecast]: typecasts that can truncate values should be checked
  --> test/dinosat/SineV3PriceSymbolic.t.sol:73:80
   |
73 |         assert(SineV3Price.phaseAt(int256(WAD / 2 - 1)) <= SineV3Price.phaseAt(int256(WAD / 2)));
   |                                                                                ^^^^^^^^^^^^^^^
   |
   = note: consider disabling this lint if you're certain the cast is safe
           
           // casting to 'int256' is safe because [explain why]
           // forge-lint: disable-next-line(unsafe-typecast)
           
           
   = help: https://book.getfoundry.sh/reference/forge/forge-lint#unsafe-typecast

note[mixed-case-variable]: mutable variables should use mixedCase
   --> src/CurveHook.sol:269:51
    |
269 |     event PotClaimed(address indexed who, uint256 mixETHAmount);
    |                                                   ^^^^^^^^^^^^ help: consider using: `mixEthAmount`
    |
    = help: https://book.getfoundry.sh/reference/forge/forge-lint#mixed-case-variable

note[mixed-case-variable]: mutable variables should use mixedCase
   --> src/CurveHook.sol:270:62
    |
270 |     event DeployerCreditClaimed(address indexed who, uint256 mixETHAmount);
    |                                                              ^^^^^^^^^^^^ help: consider using: `mixEthAmount`
    |
    = help: https://book.getfoundry.sh/reference/forge/forge-lint#mixed-case-variable

note[mixed-case-variable]: mutable variables should use mixedCase
  --> test/unit/CurveMathAdversarial.t.sol:14:27
   |
14 |     CurveMath.CurveConfig steepCC;
   |                           ^^^^^^^ help: consider using: `steepCc`
   |
   = help: https://book.getfoundry.sh/reference/forge/forge-lint#mixed-case-variable

note[mixed-case-variable]: mutable variables should use mixedCase
  --> test/unit/CurveMathAdversarial.t.sol:15:27
   |
15 |     CurveMath.CurveConfig flatCC;
   |                           ^^^^^^ help: consider using: `flatCc`
   |
   = help: https://book.getfoundry.sh/reference/forge/forge-lint#mixed-case-variable

note[mixed-case-variable]: mutable variables should use mixedCase
  --> test/unit/CurveMathAdversarial.t.sol:96:17
   |
96 |         uint256 totalETHIn = 0;
   |                 ^^^^^^^^^^ help: consider using: `totalEthIn`
   |
   = help: https://book.getfoundry.sh/reference/forge/forge-lint#mixed-case-variable

note[mixed-case-variable]: mutable variables should use mixedCase
  --> test/unit/CurveMathAdversarial.t.sol:97:17
   |
97 |         uint256 totalETHOut = 0;
   |                 ^^^^^^^^^^^ help: consider using: `totalEthOut`
   |
   = help: https://book.getfoundry.sh/reference/forge/forge-lint#mixed-case-variable

note[screaming-snake-case-immutable]: immutables should use SCREAMING_SNAKE_CASE
  --> test/integration/V4SwapRouter.sol:21:35
   |
21 |     IPoolManager public immutable poolManager;
   |                                   ^^^^^^^^^^^ help: consider using: `POOL_MANAGER`
   |
   = help: https://book.getfoundry.sh/reference/forge/forge-lint#screaming-snake-case-immutable

note[mixed-case-variable]: mutable variables should use mixedCase
   --> src/libraries/CurveMath.sol:395:16
    |
395 |         int256 F_end = int256(FPML.mulWad(segEnd, WAD - k))
    |                ^^^^^ help: consider using: `fEnd`
    |
    = help: https://book.getfoundry.sh/reference/forge/forge-lint#mixed-case-variable

note[mixed-case-variable]: mutable variables should use mixedCase
   --> src/libraries/CurveMath.sol:397:16
    |
397 |         int256 F_start = int256(FPML.mulWad(segStart, WAD - k))
    |                ^^^^^^^ help: consider using: `fStart`
    |
    = help: https://book.getfoundry.sh/reference/forge/forge-lint#mixed-case-variable

note[mixed-case-variable]: mutable variables should use mixedCase
   --> src/libraries/CurveMath.sol:412:17
    |
412 |         uint256 P0,
    |                 ^^ help: consider using: `p0`
    |
    = help: https://book.getfoundry.sh/reference/forge/forge-lint#mixed-case-variable

note[unused-import]: unused imports should be removed
 --> test/audit/ProbeM2.t.sol:4:9
  |
4 | import {Test, console2} from "forge-std/Test.sol";
  |         ^^^^
  |
  = help: https://book.getfoundry.sh/reference/forge/forge-lint#unused-import

note[mixed-case-variable]: mutable variables should use mixedCase
   --> src/RoundController.sol:136:20
    |
136 |     uint256 public genesisPSPSnapshot;
    |                    ^^^^^^^^^^^^^^^^^^ help: consider using: `genesisPspSnapshot`
    |
    = help: https://book.getfoundry.sh/reference/forge/forge-lint#mixed-case-variable

note[mixed-case-variable]: mutable variables should use mixedCase
   --> src/RoundController.sol:160:16
    |
160 |         IERC20 _mixETH,
    |                ^^^^^^^ help: consider using: `_mixEth`
    |
    = help: https://book.getfoundry.sh/reference/forge/forge-lint#mixed-case-variable

note[mixed-case-function]: function names should use mixedCase
   --> src/RoundController.sol:242:14
    |
242 |     function getPSP() external view returns (address) { return address(pspToken); }
    |              ^^^^^^ help: consider using: `getPsp`
    |
    = help: https://book.getfoundry.sh/reference/forge/forge-lint#mixed-case-function

warning[unsafe-typecast]: typecasts that can truncate values should be checked
   --> test/integration/V4SwapRouter.sol:110:73
    |
110 |             poolManager.take(decoded.poolKey.currency0, decoded.sender, uint256(amt0));
    |                                                                         ^^^^^^^^^^^^^
    |
    = note: consider disabling this lint if you're certain the cast is safe
            
            // casting to 'uint256' is safe because [explain why]
            // forge-lint: disable-next-line(unsafe-typecast)
            
            
    = help: https://book.getfoundry.sh/reference/forge/forge-lint#unsafe-typecast

warning[unsafe-typecast]: typecasts that can truncate values should be checked
   --> test/integration/V4SwapRouter.sol:113:73
    |
113 |             poolManager.take(decoded.poolKey.currency1, decoded.sender, uint256(amt1));
    |                                                                         ^^^^^^^^^^^^^
    |
    = note: consider disabling this lint if you're certain the cast is safe
            
            // casting to 'uint256' is safe because [explain why]
            // forge-lint: disable-next-line(unsafe-typecast)
            
            
    = help: https://book.getfoundry.sh/reference/forge/forge-lint#unsafe-typecast

warning[unsafe-typecast]: typecasts that can truncate values should be checked
   --> test/integration/V4SwapRouter.sol:118:49
    |
118 |             uint256 outputAmount = zeroForOne ? uint256(amt1) : uint256(amt0);
    |                                                 ^^^^^^^^^^^^^
    |
    = note: consider disabling this lint if you're certain the cast is safe
            
            // casting to 'uint256' is safe because [explain why]
            // forge-lint: disable-next-line(unsafe-typecast)
            
            
    = help: https://book.getfoundry.sh/reference/forge/forge-lint#unsafe-typecast

note[mixed-case-variable]: mutable variables should use mixedCase
   --> test/unit/CurveMathAdversarial.t.sol:128:17
    |
128 |         uint256 S_inf = 100_000_000e18;
    |                 ^^^^^ help: consider using: `sInf`
    |
    = help: https://book.getfoundry.sh/reference/forge/forge-lint#mixed-case-variable

warning[unsafe-typecast]: typecasts that can truncate values should be checked
  --> test/dinosat/SineV3PriceSymbolic.t.sol:74:36
   |
74 |         assert(SineV3Price.phaseAt(int256(3 * WAD / 4 - 1)) <= SineV3Price.phaseAt(int256(3 * WAD / 4)));
   |                                    ^^^^^^^^^^^^^^^^^^^^^^^
   |
   = note: consider disabling this lint if you're certain the cast is safe
           
           // casting to 'int256' is safe because [explain why]
           // forge-lint: disable-next-line(unsafe-typecast)
           
           
   = help: https://book.getfoundry.sh/reference/forge/forge-lint#unsafe-typecast

warning[unsafe-typecast]: typecasts that can truncate values should be checked
  --> test/dinosat/SineV3PriceSymbolic.t.sol:74:84
   |
74 |         assert(SineV3Price.phaseAt(int256(3 * WAD / 4 - 1)) <= SineV3Price.phaseAt(int256(3 * WAD / 4)));
   |                                                                                    ^^^^^^^^^^^^^^^^^^^
   |
   = note: consider disabling this lint if you're certain the cast is safe
           
           // casting to 'int256' is safe because [explain why]
           // forge-lint: disable-next-line(unsafe-typecast)
           
           
   = help: https://book.getfoundry.sh/reference/forge/forge-lint#unsafe-typecast

warning[unsafe-typecast]: typecasts that can truncate values should be checked
  --> test/dinosat/SineV3PriceSymbolic.t.sol:83:39
   |
83 |         check_phaseat_monotone_pos_q1(uint88(WAD / 4 - 1));
   |                                       ^^^^^^^^^^^^^^^^^^^
   |
   = note: consider disabling this lint if you're certain the cast is safe
           
           // casting to 'uint88' is safe because [explain why]
           // forge-lint: disable-next-line(unsafe-typecast)
           
           
   = help: https://book.getfoundry.sh/reference/forge/forge-lint#unsafe-typecast

note[unused-import]: unused imports should be removed
 --> test/audit/AdjudicateB7b.t.sol:6:9
  |
6 | import {CurveHook} from "../../src/CurveHook.sol";
  |         ^^^^^^^^^
  |
  = help: https://book.getfoundry.sh/reference/forge/forge-lint#unused-import

note[unused-import]: unused imports should be removed
  --> test/audit/AdjudicateB7b.t.sol:10:9
   |
10 | import {IHooks} from "@uniswap/v4-core/src/interfaces/IHooks.sol";
   |         ^^^^^^
   |
   = help: https://book.getfoundry.sh/reference/forge/forge-lint#unused-import

note[mixed-case-variable]: mutable variables should use mixedCase
   --> src/libraries/CurveMath.sol:413:17
    |
413 |         uint256 S_inf,
    |                 ^^^^^ help: consider using: `sInf`
    |
    = help: https://book.getfoundry.sh/reference/forge/forge-lint#mixed-case-variable

note[mixed-case-variable]: mutable variables should use mixedCase
   --> src/libraries/CurveMath.sol:438:17
    |
438 |         uint256 P0,
    |                 ^^ help: consider using: `p0`
    |
    = help: https://book.getfoundry.sh/reference/forge/forge-lint#mixed-case-variable

note[mixed-case-function]: function names should use mixedCase
   --> src/RoundController.sol:243:14
    |
243 |     function getMixETH() external view returns (Currency) { return Currency.wrap(address(mixETH)); }
    |              ^^^^^^^^^ help: consider using: `getMixEth`
    |
    = help: https://book.getfoundry.sh/reference/forge/forge-lint#mixed-case-function

note[mixed-case-function]: function names should use mixedCase
   --> src/CurveHook.sol:311:14
    |
311 |     function totalReserveETH() public view returns (uint256) {
    |              ^^^^^^^^^^^^^^^ help: consider using: `totalReserveEth`
    |
    = help: https://book.getfoundry.sh/reference/forge/forge-lint#mixed-case-function

warning[unsafe-typecast]: typecasts that can truncate values should be checked
   --> test/integration/V4SwapRouter.sol:118:65
    |
118 |             uint256 outputAmount = zeroForOne ? uint256(amt1) : uint256(amt0);
    |                                                                 ^^^^^^^^^^^^^
    |
    = note: consider disabling this lint if you're certain the cast is safe
            
            // casting to 'uint256' is safe because [explain why]
            // forge-lint: disable-next-line(unsafe-typecast)
            
            
    = help: https://book.getfoundry.sh/reference/forge/forge-lint#unsafe-typecast

warning[unsafe-typecast]: typecasts that can truncate values should be checked
  --> test/dinosat/SineV3PriceSymbolic.t.sol:84:39
   |
84 |         check_phaseat_monotone_pos_q2(uint88(WAD / 4));
   |                                       ^^^^^^^^^^^^^^^
   |
   = note: consider disabling this lint if you're certain the cast is safe
           
           // casting to 'uint88' is safe because [explain why]
           // forge-lint: disable-next-line(unsafe-typecast)
           
           
   = help: https://book.getfoundry.sh/reference/forge/forge-lint#unsafe-typecast

warning[unsafe-typecast]: typecasts that can truncate values should be checked
  --> test/dinosat/SineV3PriceSymbolic.t.sol:85:39
   |
85 |         check_phaseat_monotone_pos_q2(uint88(WAD / 2 - 1));
   |                                       ^^^^^^^^^^^^^^^^^^^
   |
   = note: consider disabling this lint if you're certain the cast is safe
           
           // casting to 'uint88' is safe because [explain why]
           // forge-lint: disable-next-line(unsafe-typecast)
           
           
   = help: https://book.getfoundry.sh/reference/forge/forge-lint#unsafe-typecast

note[mixed-case-function]: function names should use mixedCase
   --> src/RoundController.sol:250:14
    |
250 |     function mixETHToETH(uint256 mixETHAmount) public view returns (uint256) {
    |              ^^^^^^^^^^^ help: consider using: `mixEthToEth`
    |
    = help: https://book.getfoundry.sh/reference/forge/forge-lint#mixed-case-function

note[mixed-case-variable]: mutable variables should use mixedCase
   --> src/RoundController.sol:250:34
    |
250 |     function mixETHToETH(uint256 mixETHAmount) public view returns (uint256) {
    |                                  ^^^^^^^^^^^^ help: consider using: `mixEthAmount`
    |
    = help: https://book.getfoundry.sh/reference/forge/forge-lint#mixed-case-variable

note[mixed-case-function]: function names should use mixedCase
   --> src/RoundController.sol:272:14
    |
272 |     function mintPSPForSwap(uint256 amount) external onlyHook {
    |              ^^^^^^^^^^^^^^ help: consider using: `mintPspForSwap`
    |
    = help: https://book.getfoundry.sh/reference/forge/forge-lint#mixed-case-function

note[screaming-snake-case-immutable]: immutables should use SCREAMING_SNAKE_CASE
   --> test/FableAuditPoC.t.sol:266:35
    |
266 |     IPoolManager public immutable pm;
    |                                   ^^ help: consider using: `PM`
    |
    = help: https://book.getfoundry.sh/reference/forge/forge-lint#screaming-snake-case-immutable

note[screaming-snake-case-immutable]: immutables should use SCREAMING_SNAKE_CASE
   --> test/FableAuditPoC.t.sol:267:29
    |
267 |     IERC20 public immutable mix;
    |                             ^^^ help: consider using: `MIX`
    |
    = help: https://book.getfoundry.sh/reference/forge/forge-lint#screaming-snake-case-immutable

warning[unsafe-typecast]: typecasts that can truncate values should be checked
  --> test/dinosat/SineV3PriceSymbolic.t.sol:86:39
   |
86 |         check_phaseat_monotone_pos_q3(uint88(WAD / 2));
   |                                       ^^^^^^^^^^^^^^^
   |
   = note: consider disabling this lint if you're certain the cast is safe
           
           // casting to 'uint88' is safe because [explain why]
           // forge-lint: disable-next-line(unsafe-typecast)
           
           
   = help: https://book.getfoundry.sh/reference/forge/forge-lint#unsafe-typecast

warning[unsafe-typecast]: typecasts that can truncate values should be checked
  --> test/dinosat/SineV3PriceSymbolic.t.sol:87:39
   |
87 |         check_phaseat_monotone_pos_q3(uint88(3 * WAD / 4 - 1));
   |                                       ^^^^^^^^^^^^^^^^^^^^^^^
   |
   = note: consider disabling this lint if you're certain the cast is safe
           
           // casting to 'uint88' is safe because [explain why]
           // forge-lint: disable-next-line(unsafe-typecast)
           
           
   = help: https://book.getfoundry.sh/reference/forge/forge-lint#unsafe-typecast

warning[unsafe-typecast]: typecasts that can truncate values should be checked
  --> test/dinosat/SineV3PriceSymbolic.t.sol:88:39
   |
88 |         check_phaseat_monotone_pos_q4(uint88(3 * WAD / 4));
   |                                       ^^^^^^^^^^^^^^^^^^^
   |
   = note: consider disabling this lint if you're certain the cast is safe
           
           // casting to 'uint88' is safe because [explain why]
           // forge-lint: disable-next-line(unsafe-typecast)
           
           
   = help: https://book.getfoundry.sh/reference/forge/forge-lint#unsafe-typecast

warning[unsafe-typecast]: typecasts that can truncate values should be checked
  --> test/dinosat/SineV3PriceSymbolic.t.sol:89:39
   |
89 |         check_phaseat_monotone_pos_q4(uint88(WAD - 1));
   |                                       ^^^^^^^^^^^^^^^
   |
   = note: consider disabling this lint if you're certain the cast is safe
           
           // casting to 'uint88' is safe because [explain why]
           // forge-lint: disable-next-line(unsafe-typecast)
           
           
   = help: https://book.getfoundry.sh/reference/forge/forge-lint#unsafe-typecast

note[unused-import]: unused imports should be removed
 --> test/integration/WeiNames.t.sol:6:9
  |
6 | import {PSPNameCustody} from "../../src/names/PSPNameCustody.sol";
  |         ^^^^^^^^^^^^^^
  |
  = help: https://book.getfoundry.sh/reference/forge/forge-lint#unused-import

note[screaming-snake-case-immutable]: immutables should use SCREAMING_SNAKE_CASE
  --> test/audit/testnet-final/SineCustodyInvariants.t.sol:38:35
   |
38 |     IPoolManager public immutable pm;
   |                                   ^^ help: consider using: `PM`
   |
   = help: https://book.getfoundry.sh/reference/forge/forge-lint#screaming-snake-case-immutable

note[screaming-snake-case-immutable]: immutables should use SCREAMING_SNAKE_CASE
  --> test/audit/testnet-final/SineCustodyInvariants.t.sol:39:29
   |
39 |     IERC20 public immutable mix;
   |                             ^^^ help: consider using: `MIX`
   |
   = help: https://book.getfoundry.sh/reference/forge/forge-lint#screaming-snake-case-immutable

note[mixed-case-variable]: mutable variables should use mixedCase
  --> test/audit/testnet-final/SineCustodyInvariants.t.sol:86:12
   |
86 |     IERC20 sinePSP;
   |            ^^^^^^^ help: consider using: `sinePsp`
   |
   = help: https://book.getfoundry.sh/reference/forge/forge-lint#mixed-case-variable

warning[incorrect-shift]: the order of args in a shift operation is incorrect
   --> src/libraries/CurveMath.sol:543:47
    |
543 |     uint256 internal constant TIMINGS_MASK = (1 << TIMINGS_WIDTH) - 1;
    |                                               ^^^^^^^^^^^^^^^^^^
    |
    = help: https://book.getfoundry.sh/reference/forge/forge-lint#incorrect-shift

warning[incorrect-shift]: the order of args in a shift operation is incorrect
   --> src/libraries/CurveMath.sol:550:54
    |
550 |     uint256 internal constant TIMINGS_LAYOUT_GUARD = 1 << (TIMINGS_COUNT * TIMINGS_WIDTH - 1);
    |                                                      ^^^^^^^^^^^^^^^^^^^^^^^^^^^^^^^^^^^^^^^^
    |
    = help: https://book.getfoundry.sh/reference/forge/forge-lint#incorrect-shift

note[unused-import]: unused imports should be removed
 --> test/audit/testnet-final/SineCustodyInvariants.t.sol:8:23
  |
8 | import {BalanceDelta, BalanceDeltaLibrary} from "@uniswap/v4-core/src/types/BalanceDelta.sol";
  |                       ^^^^^^^^^^^^^^^^^^^
  |
  = help: https://book.getfoundry.sh/reference/forge/forge-lint#unused-import

note[mixed-case-variable]: mutable variables should use mixedCase
  --> test/invariant/CurveMathInvariant.t.sol:79:21
   |
79 |     uint256 private totalETHSpent_;
   |                     ^^^^^^^^^^^^^^ help: consider using: `totalEthSpent_`
   |
   = help: https://book.getfoundry.sh/reference/forge/forge-lint#mixed-case-variable

note[mixed-case-variable]: mutable variables should use mixedCase
  --> test/invariant/CurveMathInvariant.t.sol:80:21
   |
80 |     uint256 private totalETHRecovered_;
   |                     ^^^^^^^^^^^^^^^^^^ help: consider using: `totalEthRecovered_`
   |
   = help: https://book.getfoundry.sh/reference/forge/forge-lint#mixed-case-variable

note[mixed-case-function]: function names should use mixedCase
   --> test/invariant/CurveMathInvariant.t.sol:114:14
    |
114 |     function totalETHSpent() external view returns (uint256) { return totalETHSpent_; }
    |              ^^^^^^^^^^^^^ help: consider using: `totalEthSpent`
    |
    = help: https://book.getfoundry.sh/reference/forge/forge-lint#mixed-case-function

note[mixed-case-function]: function names should use mixedCase
   --> test/invariant/CurveMathInvariant.t.sol:115:14
    |
115 |     function totalETHRecovered() external view returns (uint256) { return totalETHRecovered_; }
    |              ^^^^^^^^^^^^^^^^^ help: consider using: `totalEthRecovered`
    |
    = help: https://book.getfoundry.sh/reference/forge/forge-lint#mixed-case-function

note[mixed-case-variable]: mutable variables should use mixedCase
   --> src/CurveHook.sol:353:18
    |
353 |         Currency mixETH = controller.getMixETH();
    |                  ^^^^^^ help: consider using: `mixEth`
    |
    = help: https://book.getfoundry.sh/reference/forge/forge-lint#mixed-case-variable

note[mixed-case-variable]: mutable variables should use mixedCase
   --> src/CurveHook.sol:393:18
    |
393 |         Currency mixETH = controller.getMixETH();
    |                  ^^^^^^ help: consider using: `mixEth`
    |
    = help: https://book.getfoundry.sh/reference/forge/forge-lint#mixed-case-variable

warning[erc20-unchecked-transfer]: ERC20 'transfer' and 'transferFrom' calls should check the return value
  --> test/audit/testnet-final/SineCustodyInvariants.t.sol:50:9
   |
50 |         IERC20(pspAddr).transferFrom(msg.sender, address(this), pspIn);
   |         ^^^^^^^^^^^^^^^^^^^^^^^^^^^^^^^^^^^^^^^^^^^^^^^^^^^^^^^^^^^^^^
   |
   = help: https://book.getfoundry.sh/reference/forge/forge-lint#erc20-unchecked-transfer

warning[erc20-unchecked-transfer]: ERC20 'transfer' and 'transferFrom' calls should check the return value
  --> test/audit/testnet-final/SineCustodyInvariants.t.sol:63:9
   |
63 |         IERC20(Currency.unwrap(pspCur)).transfer(address(pm), pspIn);
   |         ^^^^^^^^^^^^^^^^^^^^^^^^^^^^^^^^^^^^^^^^^^^^^^^^^^^^^^^^^^^^
   |
   = help: https://book.getfoundry.sh/reference/forge/forge-lint#erc20-unchecked-transfer

warning[unsafe-typecast]: typecasts that can truncate values should be checked
  --> test/audit/testnet-final/SineCustodyInvariants.t.sol:69:35
   |
69 |                 amountSpecified: -int256(pspIn),
   |                                   ^^^^^^^^^^^^^
   |
   = note: consider disabling this lint if you're certain the cast is safe
           
           // casting to 'int256' is safe because [explain why]
           // forge-lint: disable-next-line(unsafe-typecast)
           
           
   = help: https://book.getfoundry.sh/reference/forge/forge-lint#unsafe-typecast

warning[unsafe-typecast]: typecasts that can truncate values should be checked
  --> test/audit/testnet-final/SineCustodyInvariants.t.sol:77:23
   |
77 |         uint256 out = uint256(int256(mixDelta));
   |                       ^^^^^^^^^^^^^^^^^^^^^^^^^
   |
   = note: consider disabling this lint if you're certain the cast is safe
           
           // casting to 'uint256' is safe because [explain why]
           // forge-lint: disable-next-line(unsafe-typecast)
           
           
   = help: https://book.getfoundry.sh/reference/forge/forge-lint#unsafe-typecast

warning[erc20-unchecked-transfer]: ERC20 'transfer' and 'transferFrom' calls should check the return value
   --> test/audit/testnet-final/SineCustodyInvariants.t.sol:116:9
    |
116 |         mix.transfer(trader1, 400e18);
    |         ^^^^^^^^^^^^^^^^^^^^^^^^^^^^^
    |
    = help: https://book.getfoundry.sh/reference/forge/forge-lint#erc20-unchecked-transfer

warning[erc20-unchecked-transfer]: ERC20 'transfer' and 'transferFrom' calls should check the return value
   --> test/audit/testnet-final/SineCustodyInvariants.t.sol:117:9
    |
117 |         mix.transfer(trader2, 100e18);
    |         ^^^^^^^^^^^^^^^^^^^^^^^^^^^^^
    |
    = help: https://book.getfoundry.sh/reference/forge/forge-lint#erc20-unchecked-transfer

warning[erc20-unchecked-transfer]: ERC20 'transfer' and 'transferFrom' calls should check the return value
   --> test/audit/testnet-final/SineCustodyInvariants.t.sol:132:9
    |
132 |         mix.transfer(trader1, 500e18);
    |         ^^^^^^^^^^^^^^^^^^^^^^^^^^^^^
    |
    = help: https://book.getfoundry.sh/reference/forge/forge-lint#erc20-unchecked-transfer

warning[erc20-unchecked-transfer]: ERC20 'transfer' and 'transferFrom' calls should check the return value
   --> test/audit/testnet-final/SineCustodyInvariants.t.sol:133:9
    |
133 |         mix.transfer(trader2, 500e18);
    |         ^^^^^^^^^^^^^^^^^^^^^^^^^^^^^
    |
    = help: https://book.getfoundry.sh/reference/forge/forge-lint#erc20-unchecked-transfer

warning[incorrect-shift]: the order of args in a shift operation is incorrect
   --> src/libraries/CurveMath.sol:560:28
    |
560 |         if (predeposit >= (1 << TIMINGS_WIDTH) || vest >= (1 << TIMINGS_WIDTH)) {
    |                            ^^^^^^^^^^^^^^^^^^
    |
    = help: https://book.getfoundry.sh/reference/forge/forge-lint#incorrect-shift

warning[incorrect-shift]: the order of args in a shift operation is incorrect
   --> src/libraries/CurveMath.sol:560:60
    |
560 |         if (predeposit >= (1 << TIMINGS_WIDTH) || vest >= (1 << TIMINGS_WIDTH)) {
    |                                                            ^^^^^^^^^^^^^^^^^^
    |
    = help: https://book.getfoundry.sh/reference/forge/forge-lint#incorrect-shift

warning[incorrect-shift]: the order of args in a shift operation is incorrect
   --> src/libraries/CurveMath.sol:578:34
    |
578 |         if (detWindowSeconds >= (1 << TIMINGS_WIDTH)) revert TimingsOverflow();
    |                                  ^^^^^^^^^^^^^^^^^^
    |
    = help: https://book.getfoundry.sh/reference/forge/forge-lint#incorrect-shift

warning[incorrect-shift]: the order of args in a shift operation is incorrect
   --> src/libraries/CurveMath.sol:579:30
    |
579 |         if (walletCapMix >= (1 << TIMINGS_WIDTH)) revert TimingsOverflow();
    |                              ^^^^^^^^^^^^^^^^^^
    |
    = help: https://book.getfoundry.sh/reference/forge/forge-lint#incorrect-shift

note[named-struct-fields]: prefer initializing structs with named fields
   --> test/integration/BaseSepoliaRelease.t.sol:279:16
    |
279 |         return PoolKey(c0, c1, 0x800000, 60, r.hook);
    |                ^^^^^^^^^^^^^^^^^^^^^^^^^^^^^^^^^^^^^ help: consider using named fields: `PoolKey({ currency0: c0, currency1: c1, fee: 0x800000, tickSpacing: 60, hooks: r.hook })`
    |
    = help: https://book.getfoundry.sh/reference/forge/forge-lint#named-struct-fields

warning[unsafe-typecast]: typecasts that can truncate values should be checked
  --> src/libraries/CurveMath.sol:84:35
   |
84 |         int256 ePow = FPML.expWad(int256(expInput));
   |                                   ^^^^^^^^^^^^^^^^
   |
   = note: consider disabling this lint if you're certain the cast is safe
           
           // casting to 'int256' is safe because [explain why]
           // forge-lint: disable-next-line(unsafe-typecast)
           
           
   = help: https://book.getfoundry.sh/reference/forge/forge-lint#unsafe-typecast

warning[unsafe-typecast]: typecasts that can truncate values should be checked
  --> src/libraries/CurveMath.sol:85:36
   |
85 |         return FPML.mulWad(pStart, uint256(ePow));
   |                                    ^^^^^^^^^^^^^
   |
   = note: consider disabling this lint if you're certain the cast is safe
           
           // casting to 'uint256' is safe because [explain why]
           // forge-lint: disable-next-line(unsafe-typecast)
           
           
   = help: https://book.getfoundry.sh/reference/forge/forge-lint#unsafe-typecast

warning[unsafe-typecast]: typecasts that can truncate values should be checked
   --> src/libraries/CurveMath.sol:100:39
    |
100 |         uint256 lnAbs = lnRatio > 0 ? uint256(lnRatio) : uint256(0);
    |                                       ^^^^^^^^^^^^^^^^
    |
    = note: consider disabling this lint if you're certain the cast is safe
            
            // casting to 'uint256' is safe because [explain why]
            // forge-lint: disable-next-line(unsafe-typecast)
            
            
    = help: https://book.getfoundry.sh/reference/forge/forge-lint#unsafe-typecast

note[mixed-case-function]: function names should use mixedCase
   --> src/RoundController.sol:276:14
    |
276 |     function burnPSPForSwap(uint256 amount) external onlyHook {
    |              ^^^^^^^^^^^^^^ help: consider using: `burnPspForSwap`
    |
    = help: https://book.getfoundry.sh/reference/forge/forge-lint#mixed-case-function

note[mixed-case-variable]: mutable variables should use mixedCase
   --> src/RoundController.sol:283:30
    |
283 |     function addFees(uint256 mixETHAmount) external onlyHook {
    |                              ^^^^^^^^^^^^ help: consider using: `mixEthAmount`
    |
    = help: https://book.getfoundry.sh/reference/forge/forge-lint#mixed-case-variable

note[mixed-case-variable]: mutable variables should use mixedCase
   --> src/RoundController.sol:298:41
    |
298 |     function predepositWithPepe(uint256 mixETHAmount, uint256 pepeId) external nonReentrant {
    |                                         ^^^^^^^^^^^^ help: consider using: `mixEthAmount`
    |
    = help: https://book.getfoundry.sh/reference/forge/forge-lint#mixed-case-variable

note[mixed-case-variable]: mutable variables should use mixedCase
   --> src/RoundController.sol:308:33
    |
308 |     function predeposit(uint256 mixETHAmount) external nonReentrant {
    |                                 ^^^^^^^^^^^^ help: consider using: `mixEthAmount`
    |
    = help: https://book.getfoundry.sh/reference/forge/forge-lint#mixed-case-variable

note[mixed-case-variable]: mutable variables should use mixedCase
   --> src/RoundController.sol:318:57
    |
318 |     function predepositFor(address beneficiary, uint256 mixETHAmount) external nonReentrant {
    |                                                         ^^^^^^^^^^^^ help: consider using: `mixEthAmount`
    |
    = help: https://book.getfoundry.sh/reference/forge/forge-lint#mixed-case-variable

note[mixed-case-variable]: mutable variables should use mixedCase
   --> src/RoundController.sol:322:58
    |
322 |     function _predepositFor(address beneficiary, uint256 mixETHAmount) internal {
    |                                                          ^^^^^^^^^^^^ help: consider using: `mixEthAmount`
    |
    = help: https://book.getfoundry.sh/reference/forge/forge-lint#mixed-case-variable

warning[unsafe-typecast]: typecasts that can truncate values should be checked
   --> src/libraries/CurveMath.sol:368:64
    |
368 |         uint256 fEnd = FPML.mulWad(pOverK, uint256(FPML.expWad(int256(expEnd))));
    |                                                                ^^^^^^^^^^^^^^
    |
    = note: consider disabling this lint if you're certain the cast is safe
            
            // casting to 'int256' is safe because [explain why]
            // forge-lint: disable-next-line(unsafe-typecast)
            
            
    = help: https://book.getfoundry.sh/reference/forge/forge-lint#unsafe-typecast

warning[unsafe-typecast]: typecasts that can truncate values should be checked
   --> src/libraries/CurveMath.sol:369:66
    |
369 |         uint256 fStart = FPML.mulWad(pOverK, uint256(FPML.expWad(int256(expStart))));
    |                                                                  ^^^^^^^^^^^^^^^^
    |
    = note: consider disabling this lint if you're certain the cast is safe
            
            // casting to 'int256' is safe because [explain why]
            // forge-lint: disable-next-line(unsafe-typecast)
            
            
    = help: https://book.getfoundry.sh/reference/forge/forge-lint#unsafe-typecast

warning[unsafe-typecast]: typecasts that can truncate values should be checked
   --> src/libraries/CurveMath.sol:396:58
    |
396 |             + int256(FPML.mulWad(FPML.mulWad(k, segEnd), uint256(lnEnd)));
    |                                                          ^^^^^^^^^^^^^^
    |
    = note: consider disabling this lint if you're certain the cast is safe
            
            // casting to 'uint256' is safe because [explain why]
            // forge-lint: disable-next-line(unsafe-typecast)
            
            
    = help: https://book.getfoundry.sh/reference/forge/forge-lint#unsafe-typecast

note[unused-import]: unused imports should be removed
 --> test/invariant/CurveMathInvariant.t.sol:4:15
  |
4 | import {Test, console} from "forge-std/Test.sol";
  |               ^^^^^^^
  |
  = help: https://book.getfoundry.sh/reference/forge/forge-lint#unused-import

note[mixed-case-variable]: mutable variables should use mixedCase
   --> src/CurveHook.sol:453:17
    |
453 |         uint256 legMixETH,
    |                 ^^^^^^^^^ help: consider using: `legMixEth`
    |
    = help: https://book.getfoundry.sh/reference/forge/forge-lint#mixed-case-variable

note[mixed-case-variable]: mutable variables should use mixedCase
   --> src/CurveHook.sol:454:18
    |
454 |         Currency mixETH
    |                  ^^^^^^ help: consider using: `mixEth`
    |
    = help: https://book.getfoundry.sh/reference/forge/forge-lint#mixed-case-variable

note[mixed-case-variable]: mutable variables should use mixedCase
   --> src/CurveHook.sol:491:48
    |
491 |     function _splitFee(address trader, uint256 feeMixETH, Currency mixETH) internal returns (uint256 stakerLeg) {
    |                                                ^^^^^^^^^ help: consider using: `feeMixEth`
    |
    = help: https://book.getfoundry.sh/reference/forge/forge-lint#mixed-case-variable

note[mixed-case-variable]: mutable variables should use mixedCase
   --> src/CurveHook.sol:491:68
    |
491 |     function _splitFee(address trader, uint256 feeMixETH, Currency mixETH) internal returns (uint256 stakerLeg) {
    |                                                                    ^^^^^^ help: consider using: `mixEth`
    |
    = help: https://book.getfoundry.sh/reference/forge/forge-lint#mixed-case-variable

note[mixed-case-variable]: mutable variables should use mixedCase
   --> src/CurveHook.sol:508:99
    |
508 |     function _handleBuy(address sender, PoolKey calldata key, SwapParams calldata params, uint256 mixETHInput,
    |                                                                                                   ^^^^^^^^^^^ help: consider using: `mixEthInput`
    |
    = help: https://book.getfoundry.sh/reference/forge/forge-lint#mixed-case-variable

note[mixed-case-variable]: mutable variables should use mixedCase
   --> src/CurveHook.sol:509:18
    |
509 |         Currency mixETH, Currency psp, address refTrader, uint256 maxTicketPrice)
    |                  ^^^^^^ help: consider using: `mixEth`
    |
    = help: https://book.getfoundry.sh/reference/forge/forge-lint#mixed-case-variable

note[mixed-case-variable]: mutable variables should use mixedCase
   --> src/CurveHook.sol:539:17
    |
539 |         uint256 feeMixETH = FPML.fullMulDiv(mixETHInput, swapFeeBps(), 10000);
    |                 ^^^^^^^^^ help: consider using: `feeMixEth`
    |
    = help: https://book.getfoundry.sh/reference/forge/forge-lint#mixed-case-variable

note[named-struct-fields]: prefer initializing structs with named fields
   --> test/integration/BaseSepoliaRelease.t.sol:315:30
    |
315 |         PoolKey memory key = PoolKey(c0,c1,0x800000,60,r.hook);
    |                              ^^^^^^^^^^^^^^^^^^^^^^^^^^^^^^^^^ help: consider using named fields: `PoolKey({ currency0: c0, currency1: c1, fee: 0x800000, tickSpacing: 60, hooks: r.hook })`
    |
    = help: https://book.getfoundry.sh/reference/forge/forge-lint#named-struct-fields

note[screaming-snake-case-immutable]: immutables should use SCREAMING_SNAKE_CASE
  --> test/attack/NK24Repro.t.sol:30:38
   |
30 |     ValidateCaller private immutable _caller = new ValidateCaller();
   |                                      ^^^^^^^ help: consider using: `_CALLER`
   |
   = help: https://book.getfoundry.sh/reference/forge/forge-lint#screaming-snake-case-immutable

note[unused-import]: unused imports should be removed
 --> test/attack/NK24Repro.t.sol:5:9
  |
5 | import {console2} from "forge-std/console2.sol";
  |         ^^^^^^^^
  |
  = help: https://book.getfoundry.sh/reference/forge/forge-lint#unused-import

note[screaming-snake-case-immutable]: immutables should use SCREAMING_SNAKE_CASE
   --> test/SineV3Economics.t.sol:188:35
    |
188 |     IPoolManager public immutable pm;
    |                                   ^^ help: consider using: `PM`
    |
    = help: https://book.getfoundry.sh/reference/forge/forge-lint#screaming-snake-case-immutable

note[screaming-snake-case-immutable]: immutables should use SCREAMING_SNAKE_CASE
   --> test/SineV3Economics.t.sol:189:29
    |
189 |     IERC20 public immutable mix;
    |                             ^^^ help: consider using: `MIX`
    |
    = help: https://book.getfoundry.sh/reference/forge/forge-lint#screaming-snake-case-immutable

note[mixed-case-variable]: mutable variables should use mixedCase
   --> test/unit/CurveMathAdversarial.t.sol:145:17
    |
145 |         uint256 S_inf = 100_000_000e18;
    |                 ^^^^^ help: consider using: `sInf`
    |
    = help: https://book.getfoundry.sh/reference/forge/forge-lint#mixed-case-variable

note[mixed-case-variable]: mutable variables should use mixedCase
   --> test/unit/CurveMathAdversarial.t.sol:189:17
    |
189 |         uint256 attackerPSP = CurveMath.computeBuyOutput(attackerBuy, supply, cc);
    |                 ^^^^^^^^^^^ help: consider using: `attackerPsp`
    |
    = help: https://book.getfoundry.sh/reference/forge/forge-lint#mixed-case-variable

note[mixed-case-variable]: mutable variables should use mixedCase
   --> test/unit/CurveMathAdversarial.t.sol:197:17
    |
197 |         uint256 attackerETH = CurveMath.computeSellOutput(attackerPSP - 1, supplyAfterVictim, cc);
    |                 ^^^^^^^^^^^ help: consider using: `attackerEth`
    |
    = help: https://book.getfoundry.sh/reference/forge/forge-lint#mixed-case-variable

note[mixed-case-variable]: mutable variables should use mixedCase
   --> test/unit/CurveMathAdversarial.t.sol:213:21
    |
213 |             uint256 profitInPSP = attackerProfit * 1e18 / priceAtSupply;
    |                     ^^^^^^^^^^^ help: consider using: `profitInPsp`
    |
    = help: https://book.getfoundry.sh/reference/forge/forge-lint#mixed-case-variable

warning[unsafe-typecast]: typecasts that can truncate values should be checked
   --> src/libraries/CurveMath.sol:398:60
    |
398 |             + int256(FPML.mulWad(FPML.mulWad(k, segStart), uint256(lnStart)));
    |                                                            ^^^^^^^^^^^^^^^^
    |
    = note: consider disabling this lint if you're certain the cast is safe
            
            // casting to 'uint256' is safe because [explain why]
            // forge-lint: disable-next-line(unsafe-typecast)
            
            
    = help: https://book.getfoundry.sh/reference/forge/forge-lint#unsafe-typecast

warning[unsafe-typecast]: typecasts that can truncate values should be checked
   --> src/libraries/CurveMath.sol:401:24
    |
401 |         uint256 diff = uint256(F_end - F_start);
    |                        ^^^^^^^^^^^^^^^^^^^^^^^^
    |
    = note: consider disabling this lint if you're certain the cast is safe
            
            // casting to 'uint256' is safe because [explain why]
            // forge-lint: disable-next-line(unsafe-typecast)
            
            
    = help: https://book.getfoundry.sh/reference/forge/forge-lint#unsafe-typecast

note[mixed-case-variable]: mutable variables should use mixedCase
   --> src/RoundController.sol:350:32
    |
350 |     function seedCarry(uint256 mixETHAmount) external nonReentrant {
    |                                ^^^^^^^^^^^^ help: consider using: `mixEthAmount`
    |
    = help: https://book.getfoundry.sh/reference/forge/forge-lint#mixed-case-variable

note[mixed-case-variable]: mutable variables should use mixedCase
   --> src/RoundController.sol:370:33
    |
370 |     function potDeposit(uint256 mixETHAmount) external nonReentrant {
    |                                 ^^^^^^^^^^^^ help: consider using: `mixEthAmount`
    |
    = help: https://book.getfoundry.sh/reference/forge/forge-lint#mixed-case-variable

note[mixed-case-variable]: mutable variables should use mixedCase
   --> src/RoundController.sol:386:20
    |
386 |     uint256 public carryBonusMixETH;
    |                    ^^^^^^^^^^^^^^^^ help: consider using: `carryBonusMixEth`
    |
    = help: https://book.getfoundry.sh/reference/forge/forge-lint#mixed-case-variable

note[mixed-case-variable]: mutable variables should use mixedCase
   --> test/unit/CurveMathAdversarial.t.sol:228:17
    |
228 |         uint256 attackerPSP = CurveMath.computeBuyOutput(attackerBuy, supply, cc);
    |                 ^^^^^^^^^^^ help: consider using: `attackerPsp`
    |
    = help: https://book.getfoundry.sh/reference/forge/forge-lint#mixed-case-variable

note[mixed-case-variable]: mutable variables should use mixedCase
   --> test/unit/CurveMathAdversarial.t.sol:276:17
    |
276 |         uint256 totalETHIn = ethReserve;
    |                 ^^^^^^^^^^ help: consider using: `totalEthIn`
    |
    = help: https://book.getfoundry.sh/reference/forge/forge-lint#mixed-case-variable

note[mixed-case-variable]: mutable variables should use mixedCase
   --> test/unit/CurveMathAdversarial.t.sol:277:17
    |
277 |         uint256 totalETHOut = 0;
    |                 ^^^^^^^^^^^ help: consider using: `totalEthOut`
    |
    = help: https://book.getfoundry.sh/reference/forge/forge-lint#mixed-case-variable

note[mixed-case-variable]: mutable variables should use mixedCase
   --> test/unit/CurveMathAdversarial.t.sol:472:17
    |
472 |         uint256 totalPSPA = 0;
    |                 ^^^^^^^^^ help: consider using: `totalPspa`
    |
    = help: https://book.getfoundry.sh/reference/forge/forge-lint#mixed-case-variable

note[mixed-case-variable]: mutable variables should use mixedCase
   --> test/unit/CurveMathAdversarial.t.sol:480:17
    |
480 |         uint256 totalPSPB = CurveMath.computeBuyOutput(totalEth, 0, cc);
    |                 ^^^^^^^^^ help: consider using: `totalPspb`
    |
    = help: https://book.getfoundry.sh/reference/forge/forge-lint#mixed-case-variable

note[mixed-case-variable]: mutable variables should use mixedCase
   --> test/unit/CurveMathAdversarial.t.sol:524:17
    |
524 |         uint256 halfPSP = supply * fraction / 1e18;
    |                 ^^^^^^^ help: consider using: `halfPsp`
    |
    = help: https://book.getfoundry.sh/reference/forge/forge-lint#mixed-case-variable

note[mixed-case-variable]: mutable variables should use mixedCase
   --> src/CurveHook.sol:540:17
    |
540 |         uint256 curveMixETH = mixETHInput - feeMixETH;
    |                 ^^^^^^^^^^^ help: consider using: `curveMixEth`
    |
    = help: https://book.getfoundry.sh/reference/forge/forge-lint#mixed-case-variable

note[unused-import]: unused imports should be removed
 --> test/FableAuditPoC.t.sol:8:9
  |
8 | import {RoundController} from "../src/RoundController.sol";
  |         ^^^^^^^^^^^^^^^
  |
  = help: https://book.getfoundry.sh/reference/forge/forge-lint#unused-import

warning[erc20-unchecked-transfer]: ERC20 'transfer' and 'transferFrom' calls should check the return value
  --> test/FableAuditPoC.t.sol:28:9
   |
28 |         mixETH.transfer(alice, 5_000e18);
   |         ^^^^^^^^^^^^^^^^^^^^^^^^^^^^^^^^
   |
   = help: https://book.getfoundry.sh/reference/forge/forge-lint#erc20-unchecked-transfer

warning[erc20-unchecked-transfer]: ERC20 'transfer' and 'transferFrom' calls should check the return value
  --> test/FableAuditPoC.t.sol:29:9
   |
29 |         mixETH.transfer(carol, 5_000e18);
   |         ^^^^^^^^^^^^^^^^^^^^^^^^^^^^^^^^
   |
   = help: https://book.getfoundry.sh/reference/forge/forge-lint#erc20-unchecked-transfer

warning[erc20-unchecked-transfer]: ERC20 'transfer' and 'transferFrom' calls should check the return value
   --> test/audit/testnet-final/SineCustodyInvariants.t.sol:197:51
    |
197 |                 if (mix.balanceOf(trader1) < amt) mix.transfer(trader1, 10e18);
    |                                                   ^^^^^^^^^^^^^^^^^^^^^^^^^^^^
    |
    = help: https://book.getfoundry.sh/reference/forge/forge-lint#erc20-unchecked-transfer

warning[erc20-unchecked-transfer]: ERC20 'transfer' and 'transferFrom' calls should check the return value
   --> test/audit/testnet-final/SineCustodyInvariants.t.sol:206:52
    |
206 |                 if (mix.balanceOf(trader2) < 1e18) mix.transfer(trader2, 10e18);
    |                                                    ^^^^^^^^^^^^^^^^^^^^^^^^^^^^
    |
    = help: https://book.getfoundry.sh/reference/forge/forge-lint#erc20-unchecked-transfer

warning[erc20-unchecked-transfer]: ERC20 'transfer' and 'transferFrom' calls should check the return value
   --> test/audit/testnet-final/SineCustodyInvariants.t.sol:226:44
    |
226 |         if (mix.balanceOf(trader1) < 2e18) mix.transfer(trader1, 10e18);
    |                                            ^^^^^^^^^^^^^^^^^^^^^^^^^^^^
    |
    = help: https://book.getfoundry.sh/reference/forge/forge-lint#erc20-unchecked-transfer

note[unused-import]: unused imports should be removed
 --> test/SineV3Economics.t.sol:4:9
  |
4 | import {Test} from "forge-std/Test.sol";
  |         ^^^^
  |
  = help: https://book.getfoundry.sh/reference/forge/forge-lint#unused-import

note[unused-import]: unused imports should be removed
  --> test/SineV3Economics.t.sol:14:9
   |
14 | import {IHooks} from "@uniswap/v4-core/src/interfaces/IHooks.sol";
   |         ^^^^^^
   |
   = help: https://book.getfoundry.sh/reference/forge/forge-lint#unused-import

warning[erc20-unchecked-transfer]: ERC20 'transfer' and 'transferFrom' calls should check the return value
  --> test/SineV3Economics.t.sol:30:9
   |
30 |         mixETH.transfer(trader, 10_000_000e18);
   |         ^^^^^^^^^^^^^^^^^^^^^^^^^^^^^^^^^^^^^^
   |
   = help: https://book.getfoundry.sh/reference/forge/forge-lint#erc20-unchecked-transfer

note[screaming-snake-case-immutable]: immutables should use SCREAMING_SNAKE_CASE
   --> test/SineV3AuditPoC.t.sol:164:35
    |
164 |     IPoolManager public immutable pm;
    |                                   ^^ help: consider using: `PM`
    |
    = help: https://book.getfoundry.sh/reference/forge/forge-lint#screaming-snake-case-immutable

note[screaming-snake-case-immutable]: immutables should use SCREAMING_SNAKE_CASE
   --> test/SineV3AuditPoC.t.sol:165:29
    |
165 |     IERC20 public immutable mix;
    |                             ^^^ help: consider using: `MIX`
    |
    = help: https://book.getfoundry.sh/reference/forge/forge-lint#screaming-snake-case-immutable

note[mixed-case-variable]: mutable variables should use mixedCase
   --> src/CurveHook.sol:591:17
    |
591 |         uint256 stakerFeeMixETH = _splitFee(refTrader, feeMixETH, mixETH);
    |                 ^^^^^^^^^^^^^^^ help: consider using: `stakerFeeMixEth`
    |
    = help: https://book.getfoundry.sh/reference/forge/forge-lint#mixed-case-variable

note[mixed-case-variable]: mutable variables should use mixedCase
   --> src/CurveHook.sol:613:18
    |
613 |         Currency mixETH, Currency psp, address refTrader)
    |                  ^^^^^^ help: consider using: `mixEth`
    |
    = help: https://book.getfoundry.sh/reference/forge/forge-lint#mixed-case-variable

note[mixed-case-variable]: mutable variables should use mixedCase
   --> src/CurveHook.sol:630:17
    |
630 |         uint256 mixETHOut = sineActive
    |                 ^^^^^^^^^ help: consider using: `mixEthOut`
    |
    = help: https://book.getfoundry.sh/reference/forge/forge-lint#mixed-case-variable

note[mixed-case-variable]: mutable variables should use mixedCase
   --> src/CurveHook.sol:639:17
    |
639 |         uint256 feeMixETH = FPML.fullMulDiv(mixETHOut, swapFeeBps(), 10000);
    |                 ^^^^^^^^^ help: consider using: `feeMixEth`
    |
    = help: https://book.getfoundry.sh/reference/forge/forge-lint#mixed-case-variable

note[mixed-case-variable]: mutable variables should use mixedCase
   --> src/CurveHook.sol:640:17
    |
640 |         uint256 mixETHToUser = mixETHOut - feeMixETH;
    |                 ^^^^^^^^^^^^ help: consider using: `mixEthToUser`
    |
    = help: https://book.getfoundry.sh/reference/forge/forge-lint#mixed-case-variable

note[asm-keccak256]: use of inefficient hashing mechanism; consider using inline assembly
  --> src/utils/HookMiner.sol:33:28
   |
33 |         bytes32 codeHash = keccak256(abi.encodePacked(creationCode, constructorArgs));
   |                            ^^^^^^^^^^^^^^^^^^^^^^^^^^^^^^^^^^^^^^^^^^^^^^^^^^^^^^^^^^
   |
   = help: https://book.getfoundry.sh/reference/forge/forge-lint#asm-keccak256

note[unused-import]: unused imports should be removed
 --> test/SineV3AuditPoC.t.sol:4:9
  |
4 | import {Test} from "forge-std/Test.sol";
  |         ^^^^
  |
  = help: https://book.getfoundry.sh/reference/forge/forge-lint#unused-import

warning[erc20-unchecked-transfer]: ERC20 'transfer' and 'transferFrom' calls should check the return value
  --> test/SineV3AuditPoC.t.sol:29:9
   |
29 |         mixETH.transfer(trader, 500_000e18);
   |         ^^^^^^^^^^^^^^^^^^^^^^^^^^^^^^^^^^^
   |
   = help: https://book.getfoundry.sh/reference/forge/forge-lint#erc20-unchecked-transfer

warning[erc20-unchecked-transfer]: ERC20 'transfer' and 'transferFrom' calls should check the return value
  --> test/SineV3AuditPoC.t.sol:30:9
   |
30 |         mixETH.transfer(rival, 500_000e18);
   |         ^^^^^^^^^^^^^^^^^^^^^^^^^^^^^^^^^^
   |
   = help: https://book.getfoundry.sh/reference/forge/forge-lint#erc20-unchecked-transfer

note[mixed-case-variable]: mutable variables should use mixedCase
   --> src/RoundController.sol:400:59
    |
400 |         try hook.sineGenesisPSP(netBoot) returns (uint256 genesisPSP) {
    |                                                           ^^^^^^^^^^ help: consider using: `genesisPsp`
    |
    = help: https://book.getfoundry.sh/reference/forge/forge-lint#mixed-case-variable

note[mixed-case-variable]: mutable variables should use mixedCase
   --> src/RoundController.sol:485:17
    |
485 |         uint256 initialPSP = hook.sineConfigured()
    |                 ^^^^^^^^^^ help: consider using: `initialPsp`
    |
    = help: https://book.getfoundry.sh/reference/forge/forge-lint#mixed-case-variable

note[mixed-case-function]: function names should use mixedCase
   --> src/RoundController.sol:519:14
    |
519 |     function _distributeInitialPSP(uint256 initialPSP) internal {
    |              ^^^^^^^^^^^^^^^^^^^^^ help: consider using: `_distributeInitialPsp`
    |
    = help: https://book.getfoundry.sh/reference/forge/forge-lint#mixed-case-function

note[mixed-case-variable]: mutable variables should use mixedCase
   --> src/RoundController.sol:519:44
    |
519 |     function _distributeInitialPSP(uint256 initialPSP) internal {
    |                                            ^^^^^^^^^^ help: consider using: `initialPsp`
    |
    = help: https://book.getfoundry.sh/reference/forge/forge-lint#mixed-case-variable

note[mixed-case-function]: function names should use mixedCase
   --> src/RoundController.sol:532:14
    |
532 |     function claimPredepositPSP() external nonReentrant {
    |              ^^^^^^^^^^^^^^^^^^ help: consider using: `claimPredepositPsp`
    |
    = help: https://book.getfoundry.sh/reference/forge/forge-lint#mixed-case-function

note[mixed-case-function]: function names should use mixedCase
   --> src/RoundController.sol:542:14
    |
542 |     function claimPredepositPSPWithPepe(uint256 pepeId) external nonReentrant {
    |              ^^^^^^^^^^^^^^^^^^^^^^^^^^ help: consider using: `claimPredepositPspWithPepe`
    |
    = help: https://book.getfoundry.sh/reference/forge/forge-lint#mixed-case-function

note[mixed-case-function]: function names should use mixedCase
   --> src/RoundController.sol:546:14
    |
546 |     function _claimPredepositPSP(uint256 pepeId, bool chosen) private {
    |              ^^^^^^^^^^^^^^^^^^^ help: consider using: `_claimPredepositPsp`
    |
    = help: https://book.getfoundry.sh/reference/forge/forge-lint#mixed-case-function

warning[erc20-unchecked-transfer]: ERC20 'transfer' and 'transferFrom' calls should check the return value
   --> test/SineV3AuditPoC.t.sol:176:9
    |
176 |         mix.transferFrom(msg.sender, address(this), mixIn);
    |         ^^^^^^^^^^^^^^^^^^^^^^^^^^^^^^^^^^^^^^^^^^^^^^^^^^
    |
    = help: https://book.getfoundry.sh/reference/forge/forge-lint#erc20-unchecked-transfer

warning[erc20-unchecked-transfer]: ERC20 'transfer' and 'transferFrom' calls should check the return value
   --> test/SineV3AuditPoC.t.sol:183:9
    |
183 | /         IERC20(Currency.unwrap(key.currency1 == Currency.wrap(address(mix)) ? key.currency0 : key.currency1))
184 | |             .transferFrom(msg.sender, address(this), pspIn);
    | |___________________________________________________________^
    |
    = help: https://book.getfoundry.sh/reference/forge/forge-lint#erc20-unchecked-transfer

warning[erc20-unchecked-transfer]: ERC20 'transfer' and 'transferFrom' calls should check the return value
   --> test/SineV3AuditPoC.t.sol:199:13
    |
199 |             mix.transfer(address(pm), amt);
    |             ^^^^^^^^^^^^^^^^^^^^^^^^^^^^^^
    |
    = help: https://book.getfoundry.sh/reference/forge/forge-lint#erc20-unchecked-transfer

warning[unsafe-typecast]: typecasts that can truncate values should be checked
   --> test/SineV3AuditPoC.t.sol:204:39
    |
204 |                     amountSpecified: -int256(amt),
    |                                       ^^^^^^^^^^^
    |
    = note: consider disabling this lint if you're certain the cast is safe
            
            // casting to 'int256' is safe because [explain why]
            // forge-lint: disable-next-line(unsafe-typecast)
            
            
    = help: https://book.getfoundry.sh/reference/forge/forge-lint#unsafe-typecast

warning[unsafe-typecast]: typecasts that can truncate values should be checked
   --> test/SineV3AuditPoC.t.sol:212:27
    |
212 |             uint256 out = uint256(int256(pspDelta));
    |                           ^^^^^^^^^^^^^^^^^^^^^^^^^
    |
    = note: consider disabling this lint if you're certain the cast is safe
            
            // casting to 'uint256' is safe because [explain why]
            // forge-lint: disable-next-line(unsafe-typecast)
            
            
    = help: https://book.getfoundry.sh/reference/forge/forge-lint#unsafe-typecast

warning[erc20-unchecked-transfer]: ERC20 'transfer' and 'transferFrom' calls should check the return value
   --> test/SineV3AuditPoC.t.sol:217:13
    |
217 |             IERC20(Currency.unwrap(pspCur)).transfer(address(pm), amt);
    |             ^^^^^^^^^^^^^^^^^^^^^^^^^^^^^^^^^^^^^^^^^^^^^^^^^^^^^^^^^^
    |
    = help: https://book.getfoundry.sh/reference/forge/forge-lint#erc20-unchecked-transfer

warning[unsafe-typecast]: typecasts that can truncate values should be checked
   --> test/SineV3AuditPoC.t.sol:222:39
    |
222 |                     amountSpecified: -int256(amt), // exact input of pspIn
    |                                       ^^^^^^^^^^^
    |
    = note: consider disabling this lint if you're certain the cast is safe
            
            // casting to 'int256' is safe because [explain why]
            // forge-lint: disable-next-line(unsafe-typecast)
            
            
    = help: https://book.getfoundry.sh/reference/forge/forge-lint#unsafe-typecast

warning[unsafe-typecast]: typecasts that can truncate values should be checked
   --> test/SineV3AuditPoC.t.sol:230:27
    |
230 |             uint256 out = uint256(int256(mixDelta));
    |                           ^^^^^^^^^^^^^^^^^^^^^^^^^
    |
    = note: consider disabling this lint if you're certain the cast is safe
            
            // casting to 'uint256' is safe because [explain why]
            // forge-lint: disable-next-line(unsafe-typecast)
            
            
    = help: https://book.getfoundry.sh/reference/forge/forge-lint#unsafe-typecast

warning[erc20-unchecked-transfer]: ERC20 'transfer' and 'transferFrom' calls should check the return value
   --> test/FableAuditPoC.t.sol:275:9
    |
275 |         mix.transferFrom(msg.sender, address(this), mixIn);
    |         ^^^^^^^^^^^^^^^^^^^^^^^^^^^^^^^^^^^^^^^^^^^^^^^^^^
    |
    = help: https://book.getfoundry.sh/reference/forge/forge-lint#erc20-unchecked-transfer

warning[erc20-unchecked-transfer]: ERC20 'transfer' and 'transferFrom' calls should check the return value
   --> test/FableAuditPoC.t.sol:286:9
    |
286 |         mix.transfer(address(pm), amt);
    |         ^^^^^^^^^^^^^^^^^^^^^^^^^^^^^^
    |
    = help: https://book.getfoundry.sh/reference/forge/forge-lint#erc20-unchecked-transfer

warning[unsafe-typecast]: typecasts that can truncate values should be checked
   --> test/FableAuditPoC.t.sol:291:35
    |
291 |                 amountSpecified: -int256(amt),
    |                                   ^^^^^^^^^^^
    |
    = note: consider disabling this lint if you're certain the cast is safe
            
            // casting to 'int256' is safe because [explain why]
            // forge-lint: disable-next-line(unsafe-typecast)
            
            
    = help: https://book.getfoundry.sh/reference/forge/forge-lint#unsafe-typecast

warning[unsafe-typecast]: typecasts that can truncate values should be checked
   --> test/FableAuditPoC.t.sol:299:23
    |
299 |         uint256 out = uint256(int256(pspDelta));
    |                       ^^^^^^^^^^^^^^^^^^^^^^^^^
    |
    = note: consider disabling this lint if you're certain the cast is safe
            
            // casting to 'uint256' is safe because [explain why]
            // forge-lint: disable-next-line(unsafe-typecast)
            
            
    = help: https://book.getfoundry.sh/reference/forge/forge-lint#unsafe-typecast

note[mixed-case-variable]: mutable variables should use mixedCase
   --> test/audit/AuditCurveMath.t.sol:114:17
    |
114 |         uint256 R1 = R + buyMix;
    |                 ^^ help: consider using: `r1`
    |
    = help: https://book.getfoundry.sh/reference/forge/forge-lint#mixed-case-variable

note[mixed-case-variable]: mutable variables should use mixedCase
   --> test/audit/AuditCurveMath.t.sol:115:17
    |
115 |         uint256 S1 = S + pspOut;
    |                 ^^ help: consider using: `s1`
    |
    = help: https://book.getfoundry.sh/reference/forge/forge-lint#mixed-case-variable

note[mixed-case-variable]: mutable variables should use mixedCase
   --> test/audit/AuditCurveMath.t.sol:150:17
    |
150 |         uint256 R1 = R + buyMix;
    |                 ^^ help: consider using: `r1`
    |
    = help: https://book.getfoundry.sh/reference/forge/forge-lint#mixed-case-variable

note[mixed-case-variable]: mutable variables should use mixedCase
   --> test/audit/AuditCurveMath.t.sol:151:17
    |
151 |         uint256 S1 = S + pspOut;
    |                 ^^ help: consider using: `s1`
    |
    = help: https://book.getfoundry.sh/reference/forge/forge-lint#mixed-case-variable

note[mixed-case-variable]: mutable variables should use mixedCase
   --> test/audit/AuditCurveMath.t.sol:174:17
    |
174 |         uint256 R1 = R - totalOut;
    |                 ^^ help: consider using: `r1`
    |
    = help: https://book.getfoundry.sh/reference/forge/forge-lint#mixed-case-variable

note[mixed-case-variable]: mutable variables should use mixedCase
   --> test/audit/AuditCurveMath.t.sol:175:17
    |
175 |         uint256 S1 = S - psp;
    |                 ^^ help: consider using: `s1`
    |
    = help: https://book.getfoundry.sh/reference/forge/forge-lint#mixed-case-variable

note[mixed-case-variable]: mutable variables should use mixedCase
   --> test/unit/CurveMathAdversarial.t.sol:525:17
    |
525 |         uint256 halfETH = CurveMath.computeSellOutput(halfPSP, supply, cc);
    |                 ^^^^^^^ help: consider using: `halfEth`
    |
    = help: https://book.getfoundry.sh/reference/forge/forge-lint#mixed-case-variable

note[mixed-case-variable]: mutable variables should use mixedCase
   --> test/unit/CurveMathAdversarial.t.sol:530:17
    |
530 |         uint256 remainingETH = CurveMath.computeSellOutput(remaining, supply - halfPSP, cc);
    |                 ^^^^^^^^^^^^ help: consider using: `remainingEth`
    |
    = help: https://book.getfoundry.sh/reference/forge/forge-lint#mixed-case-variable

note[mixed-case-variable]: mutable variables should use mixedCase
   --> src/CurveHook.sol:661:17
    |
661 |         uint256 stakerFeeMixETH = _splitFee(refTrader, feeMixETH, mixETH);
    |                 ^^^^^^^^^^^^^^^ help: consider using: `stakerFeeMixEth`
    |
    = help: https://book.getfoundry.sh/reference/forge/forge-lint#mixed-case-variable

note[mixed-case-variable]: mutable variables should use mixedCase
   --> src/CurveHook.sol:682:18
    |
682 |         Currency mixETH, Currency psp)
    |                  ^^^^^^ help: consider using: `mixEth`
    |
    = help: https://book.getfoundry.sh/reference/forge/forge-lint#mixed-case-variable

note[mixed-case-variable]: mutable variables should use mixedCase
   --> src/CurveHook.sol:692:17
    |
692 |         uint256 totalMixETHOut = FPML.fullMulDiv(pspInputAmount, reserveMixETH, totalSupplyPSP);
    |                 ^^^^^^^^^^^^^^ help: consider using: `totalMixEthOut`
    |
    = help: https://book.getfoundry.sh/reference/forge/forge-lint#mixed-case-variable

note[mixed-case-variable]: mutable variables should use mixedCase
   --> src/CurveHook.sol:698:17
    |
698 |         uint256 mixETHToUser = totalMixETHOut;
    |                 ^^^^^^^^^^^^ help: consider using: `mixEthToUser`
    |
    = help: https://book.getfoundry.sh/reference/forge/forge-lint#mixed-case-variable

note[mixed-case-variable]: mutable variables should use mixedCase
   --> test/unit/CurveMathAdversarial.t.sol:570:17
    |
570 |         uint256 S1 = 10_000e18;
    |                 ^^ help: consider using: `s1`
    |
    = help: https://book.getfoundry.sh/reference/forge/forge-lint#mixed-case-variable

note[mixed-case-variable]: mutable variables should use mixedCase
   --> test/unit/CurveMathAdversarial.t.sol:595:17
    |
595 |         uint256 S_inf = 100_000_000e18;
    |                 ^^^^^ help: consider using: `sInf`
    |
    = help: https://book.getfoundry.sh/reference/forge/forge-lint#mixed-case-variable

note[unused-import]: unused imports should be removed
 --> test/audit/AuditCurveMath.t.sol:4:15
  |
4 | import {Test, console} from "forge-std/Test.sol";
  |               ^^^^^^^
  |
  = help: https://book.getfoundry.sh/reference/forge/forge-lint#unused-import

note[asm-keccak256]: use of inefficient hashing mechanism; consider using inline assembly
   --> src/utils/HookMiner.sol:162:28
    |
162 |         bytes32 codeHash = keccak256(abi.encodePacked(creationCode, constructorArgs));
    |                            ^^^^^^^^^^^^^^^^^^^^^^^^^^^^^^^^^^^^^^^^^^^^^^^^^^^^^^^^^^
    |
    = help: https://book.getfoundry.sh/reference/forge/forge-lint#asm-keccak256

warning[erc20-unchecked-transfer]: ERC20 'transfer' and 'transferFrom' calls should check the return value
   --> test/SineV3Economics.t.sol:172:9
    |
172 |         IERC20(address(pspToken)).transfer(address(this), bal);
    |         ^^^^^^^^^^^^^^^^^^^^^^^^^^^^^^^^^^^^^^^^^^^^^^^^^^^^^^
    |
    = help: https://book.getfoundry.sh/reference/forge/forge-lint#erc20-unchecked-transfer

warning[erc20-unchecked-transfer]: ERC20 'transfer' and 'transferFrom' calls should check the return value
   --> test/SineV3Economics.t.sol:197:9
    |
197 | /         IERC20(Currency.unwrap(key.currency1 == Currency.wrap(address(mix)) ? key.currency0 : key.currency1))
198 | |             .transferFrom(msg.sender, address(this), pspIn);
    | |___________________________________________________________^
    |
    = help: https://book.getfoundry.sh/reference/forge/forge-lint#erc20-unchecked-transfer

warning[erc20-unchecked-transfer]: ERC20 'transfer' and 'transferFrom' calls should check the return value
   --> test/SineV3Economics.t.sol:209:9
    |
209 |         IERC20(Currency.unwrap(pspCur)).transfer(address(pm), pspIn);
    |         ^^^^^^^^^^^^^^^^^^^^^^^^^^^^^^^^^^^^^^^^^^^^^^^^^^^^^^^^^^^^
    |
    = help: https://book.getfoundry.sh/reference/forge/forge-lint#erc20-unchecked-transfer

note[unwrapped-modifier-logic]: wrap modifier logic to reduce code size
   --> src/RoundController.sol:223:5
    |
223 | /     modifier onlyHook() {
224 | |         if (msg.sender != address(hook)) revert NotHook();
225 | |         _;
226 | |     }
    | |_____^
    |
help: wrap modifier logic to reduce code size
    |
223 ~     modifier onlyHook() {
224 +         _onlyHook();
225 +         _;
226 +     }
227 + 
228 +     function _onlyHook() internal {
229 +         if (msg.sender != address(hook)) revert NotHook();
230 +     }
    |
    = help: https://book.getfoundry.sh/reference/forge/forge-lint#unwrapped-modifier-logic

note[mixed-case-variable]: mutable variables should use mixedCase
  --> test/wave2/auditorC/CBase.sol:34:16
   |
34 |     MockMixETH mixETH;
   |                ^^^^^^ help: consider using: `mixEth`
   |
   = help: https://book.getfoundry.sh/reference/forge/forge-lint#mixed-case-variable

note[mixed-case-variable]: mutable variables should use mixedCase
  --> test/unit/PlaytestFixes2.t.sol:30:16
   |
30 |     MockMixETH mixETH;
   |                ^^^^^^ help: consider using: `mixEth`
   |
   = help: https://book.getfoundry.sh/reference/forge/forge-lint#mixed-case-variable

note[screaming-snake-case-immutable]: immutables should use SCREAMING_SNAKE_CASE
  --> src/ControllerDeployer.sol:24:47
   |
24 |     ReferralRegistryInitCode public immutable registryInitOracle;
   |                                               ^^^^^^^^^^^^^^^^^^ help: consider using: `REGISTRY_INIT_ORACLE`
   |
   = help: https://book.getfoundry.sh/reference/forge/forge-lint#screaming-snake-case-immutable

warning[erc20-unchecked-transfer]: ERC20 'transfer' and 'transferFrom' calls should check the return value
  --> test/unit/PlaytestFixes2.t.sol:65:9
   |
65 |         mixETH.transfer(alice, 20_000e18);
   |         ^^^^^^^^^^^^^^^^^^^^^^^^^^^^^^^^^
   |
   = help: https://book.getfoundry.sh/reference/forge/forge-lint#erc20-unchecked-transfer

warning[erc20-unchecked-transfer]: ERC20 'transfer' and 'transferFrom' calls should check the return value
  --> test/unit/PlaytestFixes2.t.sol:66:9
   |
66 |         mixETH.transfer(bob, 20_000e18);
   |         ^^^^^^^^^^^^^^^^^^^^^^^^^^^^^^^
   |
   = help: https://book.getfoundry.sh/reference/forge/forge-lint#erc20-unchecked-transfer

note[mixed-case-variable]: mutable variables should use mixedCase
  --> test/unit/ZapPredeposit.t.sol:30:16
   |
30 |     MockMixETH mixETH;
   |                ^^^^^^ help: consider using: `mixEth`
   |
   = help: https://book.getfoundry.sh/reference/forge/forge-lint#mixed-case-variable

note[unused-import]: unused imports should be removed
 --> test/unit/ZapPredeposit.t.sol:4:15
  |
4 | import {Test, console} from "forge-std/Test.sol";
  |               ^^^^^^^
  |
  = help: https://book.getfoundry.sh/reference/forge/forge-lint#unused-import

warning[erc20-unchecked-transfer]: ERC20 'transfer' and 'transferFrom' calls should check the return value
   --> test/unit/ZapPredeposit.t.sol:133:9
    |
133 |         mixETH.transfer(rando, 3e18);
    |         ^^^^^^^^^^^^^^^^^^^^^^^^^^^^
    |
    = help: https://book.getfoundry.sh/reference/forge/forge-lint#erc20-unchecked-transfer

note[screaming-snake-case-immutable]: immutables should use SCREAMING_SNAKE_CASE
   --> test/wave2/auditorC/CBase.sol:164:35
    |
164 |     IPoolManager public immutable pm;
    |                                   ^^ help: consider using: `PM`
    |
    = help: https://book.getfoundry.sh/reference/forge/forge-lint#screaming-snake-case-immutable

note[screaming-snake-case-immutable]: immutables should use SCREAMING_SNAKE_CASE
   --> test/wave2/auditorC/CBase.sol:165:29
    |
165 |     IERC20 public immutable mix;
    |                             ^^^ help: consider using: `MIX`
    |
    = help: https://book.getfoundry.sh/reference/forge/forge-lint#screaming-snake-case-immutable

warning[unsafe-typecast]: typecasts that can truncate values should be checked
   --> test/SineV3Economics.t.sol:214:35
    |
214 |                 amountSpecified: -int256(pspIn),
    |                                   ^^^^^^^^^^^^^
    |
    = note: consider disabling this lint if you're certain the cast is safe
            
            // casting to 'int256' is safe because [explain why]
            // forge-lint: disable-next-line(unsafe-typecast)
            
            
    = help: https://book.getfoundry.sh/reference/forge/forge-lint#unsafe-typecast

note[screaming-snake-case-immutable]: immutables should use SCREAMING_SNAKE_CASE
  --> src/PSPZapIn.sol:26:30
   |
26 |     IMixETH public immutable mixETH;
   |                              ^^^^^^ help: consider using: `MIX_ETH`
   |
   = help: https://book.getfoundry.sh/reference/forge/forge-lint#screaming-snake-case-immutable

note[screaming-snake-case-immutable]: immutables should use SCREAMING_SNAKE_CASE
  --> src/PSPZapIn.sol:27:35
   |
27 |     IPoolManager public immutable poolManager;
   |                                   ^^^^^^^^^^^ help: consider using: `POOL_MANAGER`
   |
   = help: https://book.getfoundry.sh/reference/forge/forge-lint#screaming-snake-case-immutable

note[mixed-case-variable]: mutable variables should use mixedCase
  --> src/PSPZapIn.sol:46:25
   |
46 |     constructor(IMixETH _mixETH, IPoolManager _poolManager) {
   |                         ^^^^^^^ help: consider using: `_mixEth`
   |
   = help: https://book.getfoundry.sh/reference/forge/forge-lint#mixed-case-variable

note[unused-import]: unused imports should be removed
 --> test/unit/PSPToken.t.sol:4:15
  |
4 | import {Test, console} from "forge-std/Test.sol";
  |               ^^^^^^^
  |
  = help: https://book.getfoundry.sh/reference/forge/forge-lint#unused-import

warning[erc20-unchecked-transfer]: ERC20 'transfer' and 'transferFrom' calls should check the return value
   --> test/unit/PSPToken.t.sol:143:9
    |
143 |         token.transfer(attacker, 30e18);
    |         ^^^^^^^^^^^^^^^^^^^^^^^^^^^^^^^
    |
    = help: https://book.getfoundry.sh/reference/forge/forge-lint#erc20-unchecked-transfer

note[screaming-snake-case-immutable]: immutables should use SCREAMING_SNAKE_CASE
   --> test/wave2/auditorC/CBase.sol:212:35
    |
212 |     IPoolManager public immutable pm;
    |                                   ^^ help: consider using: `PM`
    |
    = help: https://book.getfoundry.sh/reference/forge/forge-lint#screaming-snake-case-immutable

note[screaming-snake-case-immutable]: immutables should use SCREAMING_SNAKE_CASE
   --> test/wave2/auditorC/CBase.sol:213:29
    |
213 |     IERC20 public immutable mix;
    |                             ^^^ help: consider using: `MIX`
    |
    = help: https://book.getfoundry.sh/reference/forge/forge-lint#screaming-snake-case-immutable

warning[unsafe-typecast]: typecasts that can truncate values should be checked
   --> test/SineV3Economics.t.sol:222:23
    |
222 |         uint256 amt = uint256(int256(mixDelta));
    |                       ^^^^^^^^^^^^^^^^^^^^^^^^^
    |
    = note: consider disabling this lint if you're certain the cast is safe
            
            // casting to 'uint256' is safe because [explain why]
            // forge-lint: disable-next-line(unsafe-typecast)
            
            
    = help: https://book.getfoundry.sh/reference/forge/forge-lint#unsafe-typecast

note[unused-import]: unused imports should be removed
  --> test/wave2/auditorC/CBase.sol:12:23
   |
12 | import {BalanceDelta, BalanceDeltaLibrary} from "@uniswap/v4-core/src/types/BalanceDelta.sol";
   |                       ^^^^^^^^^^^^^^^^^^^
   |
   = help: https://book.getfoundry.sh/reference/forge/forge-lint#unused-import

note[unused-import]: unused imports should be removed
  --> test/wave2/auditorC/CBase.sol:26:9
   |
26 | import {PSPStaker} from "../../../src/PSPStaker.sol";
   |         ^^^^^^^^^
   |
   = help: https://book.getfoundry.sh/reference/forge/forge-lint#unused-import

warning[erc20-unchecked-transfer]: ERC20 'transfer' and 'transferFrom' calls should check the return value
  --> test/wave2/auditorC/CBase.sol:69:9
   |
69 |         mixETH.transfer(alice, 1_000e18);
   |         ^^^^^^^^^^^^^^^^^^^^^^^^^^^^^^^^
   |
   = help: https://book.getfoundry.sh/reference/forge/forge-lint#erc20-unchecked-transfer

warning[erc20-unchecked-transfer]: ERC20 'transfer' and 'transferFrom' calls should check the return value
  --> test/wave2/auditorC/CBase.sol:70:9
   |
70 |         mixETH.transfer(bob, 1_000e18);
   |         ^^^^^^^^^^^^^^^^^^^^^^^^^^^^^^
   |
   = help: https://book.getfoundry.sh/reference/forge/forge-lint#erc20-unchecked-transfer

warning[erc20-unchecked-transfer]: ERC20 'transfer' and 'transferFrom' calls should check the return value
  --> test/wave2/auditorC/CBase.sol:71:9
   |
71 |         mixETH.transfer(attacker, 1_000e18);
   |         ^^^^^^^^^^^^^^^^^^^^^^^^^^^^^^^^^^^
   |
   = help: https://book.getfoundry.sh/reference/forge/forge-lint#erc20-unchecked-transfer

note[mixed-case-variable]: mutable variables should use mixedCase
   --> src/CurveHook.sol:730:43
    |
730 |     function sendFees(address to, uint256 mixETHAmount) external {
    |                                           ^^^^^^^^^^^^ help: consider using: `mixEthAmount`
    |
    = help: https://book.getfoundry.sh/reference/forge/forge-lint#mixed-case-variable

note[mixed-case-variable]: mutable variables should use mixedCase
   --> src/CurveHook.sol:736:17
    |
736 |         address mixETHAddr = Currency.unwrap(controller.getMixETH());
    |                 ^^^^^^^^^^ help: consider using: `mixEthAddr`
    |
    = help: https://book.getfoundry.sh/reference/forge/forge-lint#mixed-case-variable

note[mixed-case-variable]: mutable variables should use mixedCase
   --> src/CurveHook.sol:759:64
    |
759 |     event Redeemed(address indexed who, uint256 pspIn, uint256 mixETHOut);
    |                                                                ^^^^^^^^^ help: consider using: `mixEthOut`
    |
    = help: https://book.getfoundry.sh/reference/forge/forge-lint#mixed-case-variable

note[mixed-case-variable]: mutable variables should use mixedCase
   --> src/CurveHook.sol:769:73
    |
769 |     function redeemBacking(uint256 pspAmount) external returns (uint256 mixETHOut) {
    |                                                                         ^^^^^^^^^ help: consider using: `mixEthOut`
    |
    = help: https://book.getfoundry.sh/reference/forge/forge-lint#mixed-case-variable

note[mixed-case-variable]: mutable variables should use mixedCase
  --> test/unit/CurveMath.t.sol:12:27
   |
12 |     CurveMath.CurveConfig multiCC;
   |                           ^^^^^^^ help: consider using: `multiCc`
   |
   = help: https://book.getfoundry.sh/reference/forge/forge-lint#mixed-case-variable

note[mixed-case-variable]: mutable variables should use mixedCase
  --> test/unit/CurveMath.t.sol:68:17
   |
68 |         uint256 S_inf = 100_000_000e18;
   |                 ^^^^^ help: consider using: `sInf`
   |
   = help: https://book.getfoundry.sh/reference/forge/forge-lint#mixed-case-variable

note[named-struct-fields]: prefer initializing structs with named fields
  --> test/SineV3Fixtures.sol:13:16
   |
13 |         r[0] = Row(450000000000000000000, 955000000000000000000, 450000000000000000000, 75000000000000, 7711482365186207164818799);
   |                ^^^^^^^^^^^^^^^^^^^^^^^^^^^^^^^^^^^^^^^^^^^^^^^^^^^^^^^^^^^^^^^^^^^^^^^^^^^^^^^^^^^^^^^^^^^^^^^^^^^^^^^^^^^^^^^^^^^ help: consider using named fields: `Row({ boot: 450000000000000000000, lam: 955000000000000000000, R: 450000000000000000000, price: 75000000000000, supply: 7711482365186207164818799 })`
   |
   = help: https://book.getfoundry.sh/reference/forge/forge-lint#named-struct-fields

note[unused-import]: unused imports should be removed
 --> test/RedeemIndefinite.t.sol:7:9
  |
7 | import {PSPToken} from "../src/PSPToken.sol";
  |         ^^^^^^^^
  |
  = help: https://book.getfoundry.sh/reference/forge/forge-lint#unused-import

note[mixed-case-variable]: mutable variables should use mixedCase
   --> src/CurveHook.sol:944:38
    |
944 |     function initializeCurve(uint256 _reserveMixETH, uint256 _initialSupply, uint256 _genesisPotFee) external {
    |                                      ^^^^^^^^^^^^^^ help: consider using: `_reserveMixEth`
    |
    = help: https://book.getfoundry.sh/reference/forge/forge-lint#mixed-case-variable

warning[unsafe-typecast]: typecasts that can truncate values should be checked
   --> src/PSPZapIn.sol:228:26
    |
228 |         uint256 pspOut = uint256(int256(pspDelta));
    |                          ^^^^^^^^^^^^^^^^^^^^^^^^^
    |
    = note: consider disabling this lint if you're certain the cast is safe
            
            // casting to 'uint256' is safe because [explain why]
            // forge-lint: disable-next-line(unsafe-typecast)
            
            
    = help: https://book.getfoundry.sh/reference/forge/forge-lint#unsafe-typecast

note[named-struct-fields]: prefer initializing structs with named fields
  --> test/SineV3Fixtures.sol:14:16
   |
14 |         r[1] = Row(450000000000000000000, 955000000000000000000, 1405000000000000000000, 325186885619906, 14597080614208476529288658);
   |                ^^^^^^^^^^^^^^^^^^^^^^^^^^^^^^^^^^^^^^^^^^^^^^^^^^^^^^^^^^^^^^^^^^^^^^^^^^^^^^^^^^^^^^^^^^^^^^^^^^^^^^^^^^^^^^^^^^^^^^ help: consider using named fields: `Row({ boot: 450000000000000000000, lam: 955000000000000000000, R: 1405000000000000000000, price: 325186885619906, supply: 14597080614208476529288658 })`
   |
   = help: https://book.getfoundry.sh/reference/forge/forge-lint#named-struct-fields

note[named-struct-fields]: prefer initializing structs with named fields
  --> test/SineV3Fixtures.sol:15:16
   |
15 |         r[2] = Row(450000000000000000000, 955000000000000000000, 2360000000000000000000, 909963390601780, 16465295974916465792001981);
   |                ^^^^^^^^^^^^^^^^^^^^^^^^^^^^^^^^^^^^^^^^^^^^^^^^^^^^^^^^^^^^^^^^^^^^^^^^^^^^^^^^^^^^^^^^^^^^^^^^^^^^^^^^^^^^^^^^^^^^^^ help: consider using named fields: `Row({ boot: 450000000000000000000, lam: 955000000000000000000, R: 2360000000000000000000, price: 909963390601780, supply: 16465295974916465792001981 })`
   |
   = help: https://book.getfoundry.sh/reference/forge/forge-lint#named-struct-fields

note[named-struct-fields]: prefer initializing structs with named fields
  --> test/SineV3Fixtures.sol:16:16
   |
16 |         r[3] = Row(450000000000000000000, 955000000000000000000, 3315000000000000000000, 2064396635499299, 17190966117102665474486879);
   |                ^^^^^^^^^^^^^^^^^^^^^^^^^^^^^^^^^^^^^^^^^^^^^^^^^^^^^^^^^^^^^^^^^^^^^^^^^^^^^^^^^^^^^^^^^^^^^^^^^^^^^^^^^^^^^^^^^^^^^^^ help: consider using named fields: `Row({ boot: 450000000000000000000, lam: 955000000000000000000, R: 3315000000000000000000, price: 2064396635499299, supply: 17190966117102665474486879 })`
   |
   = help: https://book.getfoundry.sh/reference/forge/forge-lint#named-struct-fields

note[named-struct-fields]: prefer initializing structs with named fields
  --> test/SineV3Fixtures.sol:17:16
   |
17 |         r[4] = Row(450000000000000000000, 955000000000000000000, 4270000000000000000000, 4123126817954881, 17528112679739152797845084);
   |                ^^^^^^^^^^^^^^^^^^^^^^^^^^^^^^^^^^^^^^^^^^^^^^^^^^^^^^^^^^^^^^^^^^^^^^^^^^^^^^^^^^^^^^^^^^^^^^^^^^^^^^^^^^^^^^^^^^^^^^^ help: consider using named fields: `Row({ boot: 450000000000000000000, lam: 955000000000000000000, R: 4270000000000000000000, price: 4123126817954881, supply: 17528112679739152797845084 })`
   |
   = help: https://book.getfoundry.sh/reference/forge/forge-lint#named-struct-fields

note[named-struct-fields]: prefer initializing structs with named fields
  --> test/SineV3Fixtures.sol:18:16
   |
18 |         r[5] = Row(450000000000000000000, 955000000000000000000, 5225000000000000000000, 7548147729177654, 17703259467902003108553726);
   |                ^^^^^^^^^^^^^^^^^^^^^^^^^^^^^^^^^^^^^^^^^^^^^^^^^^^^^^^^^^^^^^^^^^^^^^^^^^^^^^^^^^^^^^^^^^^^^^^^^^^^^^^^^^^^^^^^^^^^^^^ help: consider using named fields: `Row({ boot: 450000000000000000000, lam: 955000000000000000000, R: 5225000000000000000000, price: 7548147729177654, supply: 17703259467902003108553726 })`
   |
   = help: https://book.getfoundry.sh/reference/forge/forge-lint#named-struct-fields

note[named-struct-fields]: prefer initializing structs with named fields
  --> test/SineV3Fixtures.sol:19:16
   |
19 | ... = Row(450000000000000000000, 955000000000000000000, 6180000000000000000000, 12962061822426420, 17801608380417930855364913);
   |       ^^^^^^^^^^^^^^^^^^^^^^^^^^^^^^^^^^^^^^^^^^^^^^^^^^^^^^^^^^^^^^^^^^^^^^^^^^^^^^^^^^^^^^^^^^^^^^^^^^^^^^^^^^^^^^^^^^^^^^^^ help: consider using named fields: `Row({ boot: 450000000000000000000, lam: 955000000000000000000, R: 6180000000000000000000, price: 12962061822426420, supply: 17801608380417930855364913 })`
   |
   = help: https://book.getfoundry.sh/reference/forge/forge-lint#named-struct-fields

note[named-struct-fields]: prefer initializing structs with named fields
  --> test/SineV3Fixtures.sol:20:16
   |
20 | ... = Row(450000000000000000000, 955000000000000000000, 7135000000000000000000, 21187588204820340, 17860128522482374088754796);
   |       ^^^^^^^^^^^^^^^^^^^^^^^^^^^^^^^^^^^^^^^^^^^^^^^^^^^^^^^^^^^^^^^^^^^^^^^^^^^^^^^^^^^^^^^^^^^^^^^^^^^^^^^^^^^^^^^^^^^^^^^^ help: consider using named fields: `Row({ boot: 450000000000000000000, lam: 955000000000000000000, R: 7135000000000000000000, price: 21187588204820340, supply: 17860128522482374088754796 })`
   |
   = help: https://book.getfoundry.sh/reference/forge/forge-lint#named-struct-fields

note[named-struct-fields]: prefer initializing structs with named fields
  --> test/SineV3Fixtures.sol:21:16
   |
21 | ... = Row(450000000000000000000, 955000000000000000000, 8090000000000000000000, 33294200943865312, 17896559167876180635643802);
   |       ^^^^^^^^^^^^^^^^^^^^^^^^^^^^^^^^^^^^^^^^^^^^^^^^^^^^^^^^^^^^^^^^^^^^^^^^^^^^^^^^^^^^^^^^^^^^^^^^^^^^^^^^^^^^^^^^^^^^^^^^ help: consider using named fields: `Row({ boot: 450000000000000000000, lam: 955000000000000000000, R: 8090000000000000000000, price: 33294200943865312, supply: 17896559167876180635643802 })`
   |
   = help: https://book.getfoundry.sh/reference/forge/forge-lint#named-struct-fields

note[mixed-case-function]: function names should use mixedCase
   --> src/CurveHook.sol:988:14
    |
988 |     function sineGenesisPSP(uint256 bootActual) external view returns (uint256) {
    |              ^^^^^^^^^^^^^^ help: consider using: `sineGenesisPsp`
    |
    = help: https://book.getfoundry.sh/reference/forge/forge-lint#mixed-case-function

note[screaming-snake-case-const]: constants should use SCREAMING_SNAKE_CASE
  --> test/SkillStakingReview.t.sol:18:29
   |
18 |     uint256 public constant flatTime = 0;
   |                             ^^^^^^^^ help: consider using: `FLAT_TIME`
   |
   = help: https://book.getfoundry.sh/reference/forge/forge-lint#screaming-snake-case-const

note[screaming-snake-case-const]: constants should use SCREAMING_SNAKE_CASE
  --> test/SkillStakingReview.t.sol:19:29
   |
19 |     address public constant hookAddress = address(0);
   |                             ^^^^^^^^^^^ help: consider using: `HOOK_ADDRESS`
   |
   = help: https://book.getfoundry.sh/reference/forge/forge-lint#screaming-snake-case-const

warning[incorrect-shift]: the order of args in a shift operation is incorrect
   --> test/unit/CurveMath.t.sol:377:24
    |
377 |         uint256 max = (1 << CurveMath.TIMINGS_WIDTH) - 1;
    |                        ^^^^^^^^^^^^^^^^^^^^^^^^^^^^
    |
    = help: https://book.getfoundry.sh/reference/forge/forge-lint#incorrect-shift

warning[incorrect-shift]: the order of args in a shift operation is incorrect
   --> test/unit/CurveMath.t.sol:397:24
    |
397 |         uint256 max = (1 << CurveMath.TIMINGS_WIDTH) - 1;
    |                        ^^^^^^^^^^^^^^^^^^^^^^^^^^^^
    |
    = help: https://book.getfoundry.sh/reference/forge/forge-lint#incorrect-shift

warning[erc20-unchecked-transfer]: ERC20 'transfer' and 'transferFrom' calls should check the return value
   --> test/unit/PSPToken.t.sol:157:9
    |
157 |         token.transfer(attacker, 101e18);
    |         ^^^^^^^^^^^^^^^^^^^^^^^^^^^^^^^^
    |
    = help: https://book.getfoundry.sh/reference/forge/forge-lint#erc20-unchecked-transfer

note[named-struct-fields]: prefer initializing structs with named fields
  --> test/SineV3Fixtures.sol:22:16
   |
22 | ... = Row(450000000000000000000, 955000000000000000000, 9045000000000000000000, 50652872342428708, 17920079726738645801490662);
   |       ^^^^^^^^^^^^^^^^^^^^^^^^^^^^^^^^^^^^^^^^^^^^^^^^^^^^^^^^^^^^^^^^^^^^^^^^^^^^^^^^^^^^^^^^^^^^^^^^^^^^^^^^^^^^^^^^^^^^^^^^ help: consider using named fields: `Row({ boot: 450000000000000000000, lam: 955000000000000000000, R: 9045000000000000000000, price: 50652872342428708, supply: 17920079726738645801490662 })`
   |
   = help: https://book.getfoundry.sh/reference/forge/forge-lint#named-struct-fields

note[named-struct-fields]: prefer initializing structs with named fields
  --> test/SineV3Fixtures.sol:23:17
   |
23 | ... = Row(450000000000000000000, 955000000000000000000, 10000000000000000000000, 75000000000000000, 17935729396005407076334791);
   |       ^^^^^^^^^^^^^^^^^^^^^^^^^^^^^^^^^^^^^^^^^^^^^^^^^^^^^^^^^^^^^^^^^^^^^^^^^^^^^^^^^^^^^^^^^^^^^^^^^^^^^^^^^^^^^^^^^^^^^^^^^ help: consider using named fields: `Row({ boot: 450000000000000000000, lam: 955000000000000000000, R: 10000000000000000000000, price: 75000000000000000, supply: 17935729396005407076334791 })`
   |
   = help: https://book.getfoundry.sh/reference/forge/forge-lint#named-struct-fields

note[named-struct-fields]: prefer initializing structs with named fields
  --> test/SineV3Fixtures.sol:24:17
   |
24 |         r[11] = Row(450000000000000000000, 955000000000000000000, 0, 36028064035289, 0);
   |                 ^^^^^^^^^^^^^^^^^^^^^^^^^^^^^^^^^^^^^^^^^^^^^^^^^^^^^^^^^^^^^^^^^^^^^^^ help: consider using named fields: `Row({ boot: 450000000000000000000, lam: 955000000000000000000, R: 0, price: 36028064035289, supply: 0 })`
   |
   = help: https://book.getfoundry.sh/reference/forge/forge-lint#named-struct-fields

note[named-struct-fields]: prefer initializing structs with named fields
  --> test/SineV3Fixtures.sol:25:17
   |
25 |         r[12] = Row(450000000000000000000, 955000000000000000000, 688750000000000000000, 88540453159621, 10761900909379768779032003);
   |                 ^^^^^^^^^^^^^^^^^^^^^^^^^^^^^^^^^^^^^^^^^^^^^^^^^^^^^^^^^^^^^^^^^^^^^^^^^^^^^^^^^^^^^^^^^^^^^^^^^^^^^^^^^^^^^^^^^^^^ help: consider using named fields: `Row({ boot: 450000000000000000000, lam: 955000000000000000000, R: 688750000000000000000, price: 88540453159621, supply: 10761900909379768779032003 })`
   |
   = help: https://book.getfoundry.sh/reference/forge/forge-lint#named-struct-fields

note[named-struct-fields]: prefer initializing structs with named fields
  --> test/SineV3Fixtures.sol:26:17
   |
26 |         r[13] = Row(450000000000000000000, 955000000000000000000, 688750000000000000001, 88540453159621, 10761900909379768779043298);
   |                 ^^^^^^^^^^^^^^^^^^^^^^^^^^^^^^^^^^^^^^^^^^^^^^^^^^^^^^^^^^^^^^^^^^^^^^^^^^^^^^^^^^^^^^^^^^^^^^^^^^^^^^^^^^^^^^^^^^^^ help: consider using named fields: `Row({ boot: 450000000000000000000, lam: 955000000000000000000, R: 688750000000000000001, price: 88540453159621, supply: 10761900909379768779043298 })`
   |
   = help: https://book.getfoundry.sh/reference/forge/forge-lint#named-struct-fields

note[named-struct-fields]: prefer initializing structs with named fields
  --> test/SineV3Fixtures.sol:27:17
   |
27 |         r[14] = Row(450000000000000000000, 955000000000000000000, 688749999999999999999, 88540453159621, 10761900909379768779020709);
   |                 ^^^^^^^^^^^^^^^^^^^^^^^^^^^^^^^^^^^^^^^^^^^^^^^^^^^^^^^^^^^^^^^^^^^^^^^^^^^^^^^^^^^^^^^^^^^^^^^^^^^^^^^^^^^^^^^^^^^^ help: consider using named fields: `Row({ boot: 450000000000000000000, lam: 955000000000000000000, R: 688749999999999999999, price: 88540453159621, supply: 10761900909379768779020709 })`
   |
   = help: https://book.getfoundry.sh/reference/forge/forge-lint#named-struct-fields

note[named-struct-fields]: prefer initializing structs with named fields
  --> test/SineV3Fixtures.sol:28:17
   |
28 | ... = Row(450000000000000000000, 955000000000000000000, 10000000000000000012345, 75000000000000000, 17935729396005407076499391);
   |       ^^^^^^^^^^^^^^^^^^^^^^^^^^^^^^^^^^^^^^^^^^^^^^^^^^^^^^^^^^^^^^^^^^^^^^^^^^^^^^^^^^^^^^^^^^^^^^^^^^^^^^^^^^^^^^^^^^^^^^^^^ help: consider using named fields: `Row({ boot: 450000000000000000000, lam: 955000000000000000000, R: 10000000000000000012345, price: 75000000000000000, supply: 17935729396005407076499391 })`
   |
   = help: https://book.getfoundry.sh/reference/forge/forge-lint#named-struct-fields

note[named-struct-fields]: prefer initializing structs with named fields
  --> test/SineV3Fixtures.sol:29:17
   |
29 |         r[16] = Row(1, 45019131735, 0, 74999999999999, 0);
   |                 ^^^^^^^^^^^^^^^^^^^^^^^^^^^^^^^^^^^^^^^^^ help: consider using named fields: `Row({ boot: 1, lam: 45019131735, R: 0, price: 74999999999999, supply: 0 })`
   |
   = help: https://book.getfoundry.sh/reference/forge/forge-lint#named-struct-fields

note[mixed-case-variable]: mutable variables should use mixedCase
  --> src/PSPFactory.sol:41:82
   |
41 |     event ETHCarried(uint256 indexed fromRound, uint256 indexed toRound, uint256 mixETHAmount);
   |                                                                                  ^^^^^^^^^^^^ help: consider using: `mixEthAmount`
   |
   = help: https://book.getfoundry.sh/reference/forge/forge-lint#mixed-case-variable

note[screaming-snake-case-immutable]: immutables should use SCREAMING_SNAKE_CASE
  --> src/PSPFactory.sol:59:35
   |
59 |     IPoolManager public immutable poolManager;
   |                                   ^^^^^^^^^^^ help: consider using: `POOL_MANAGER`
   |
   = help: https://book.getfoundry.sh/reference/forge/forge-lint#screaming-snake-case-immutable

note[screaming-snake-case-immutable]: immutables should use SCREAMING_SNAKE_CASE
  --> src/PSPFactory.sol:60:29
   |
60 |     IERC20 public immutable mixETH;
   |                             ^^^^^^ help: consider using: `MIX_ETH`
   |
   = help: https://book.getfoundry.sh/reference/forge/forge-lint#screaming-snake-case-immutable

note[screaming-snake-case-immutable]: immutables should use SCREAMING_SNAKE_CASE
  --> src/PSPFactory.sol:63:35
   |
63 |     HookDeployer public immutable hookDeployer;
   |                                   ^^^^^^^^^^^^ help: consider using: `HOOK_DEPLOYER`
   |
   = help: https://book.getfoundry.sh/reference/forge/forge-lint#screaming-snake-case-immutable

note[screaming-snake-case-immutable]: immutables should use SCREAMING_SNAKE_CASE
  --> src/PSPFactory.sol:65:41
   |
65 |     ControllerDeployer public immutable controllerDeployer;
   |                                         ^^^^^^^^^^^^^^^^^^ help: consider using: `CONTROLLER_DEPLOYER`
   |
   = help: https://book.getfoundry.sh/reference/forge/forge-lint#screaming-snake-case-immutable

note[screaming-snake-case-immutable]: immutables should use SCREAMING_SNAKE_CASE
  --> src/PSPFactory.sol:70:37
   |
70 |     StakerDeployer public immutable stakerDeployer;
   |                                     ^^^^^^^^^^^^^^ help: consider using: `STAKER_DEPLOYER`
   |
   = help: https://book.getfoundry.sh/reference/forge/forge-lint#screaming-snake-case-immutable

note[screaming-snake-case-immutable]: immutables should use SCREAMING_SNAKE_CASE
  --> src/PSPFactory.sol:76:36
   |
76 |     TokenDeployer public immutable tokenDeployer;
   |                                    ^^^^^^^^^^^^^ help: consider using: `TOKEN_DEPLOYER`
   |
   = help: https://book.getfoundry.sh/reference/forge/forge-lint#screaming-snake-case-immutable

warning[erc20-unchecked-transfer]: ERC20 'transfer' and 'transferFrom' calls should check the return value
   --> test/wave2/auditorC/CBase.sol:173:9
    |
173 |         mix.transferFrom(msg.sender, address(this), mixIn);
    |         ^^^^^^^^^^^^^^^^^^^^^^^^^^^^^^^^^^^^^^^^^^^^^^^^^^
    |
    = help: https://book.getfoundry.sh/reference/forge/forge-lint#erc20-unchecked-transfer

warning[erc20-unchecked-transfer]: ERC20 'transfer' and 'transferFrom' calls should check the return value
  --> test/unit/TestnetFaucet.t.sol:69:9
   |
69 |         mix.transfer(bob, 400 ether); // plain ERC-20 move — no ETH leg
   |         ^^^^^^^^^^^^^^^^^^^^^^^^^^^^
   |
   = help: https://book.getfoundry.sh/reference/forge/forge-lint#erc20-unchecked-transfer

note[screaming-snake-case-const]: constants should use SCREAMING_SNAKE_CASE
  --> src/PSPFactory.sol:90:27
   |
90 |     int24 public constant tickSpacing = 60;
   |                           ^^^^^^^^^^^ help: consider using: `TICK_SPACING`
   |
   = help: https://book.getfoundry.sh/reference/forge/forge-lint#screaming-snake-case-const

warning[unsafe-typecast]: typecasts that can truncate values should be checked
  --> test/SineV3Independent.t.sol:43:55
   |
43 |             if(phase<0) {uint256 back=FPML.fullMulDiv(uint256(-phase),lam,4);if(back>=boot)continue; R=boot-back;}
   |                                                       ^^^^^^^^^^^^^^^
   |
   = note: consider disabling this lint if you're certain the cast is safe
           
           // casting to 'uint256' is safe because [explain why]
           // forge-lint: disable-next-line(unsafe-typecast)
           
           
   = help: https://book.getfoundry.sh/reference/forge/forge-lint#unsafe-typecast

warning[unsafe-typecast]: typecasts that can truncate values should be checked
  --> test/SineV3Independent.t.sol:44:41
   |
44 |             else R=boot+FPML.fullMulDiv(uint256(phase),lam,4);
   |                                         ^^^^^^^^^^^^^^
   |
   = note: consider disabling this lint if you're certain the cast is safe
           
           // casting to 'uint256' is safe because [explain why]
           // forge-lint: disable-next-line(unsafe-typecast)
           
           
   = help: https://book.getfoundry.sh/reference/forge/forge-lint#unsafe-typecast

warning[erc20-unchecked-transfer]: ERC20 'transfer' and 'transferFrom' calls should check the return value
   --> test/wave2/auditorC/CBase.sol:186:9
    |
186 |         mix.transfer(address(pm), mixIn);
    |         ^^^^^^^^^^^^^^^^^^^^^^^^^^^^^^^^
    |
    = help: https://book.getfoundry.sh/reference/forge/forge-lint#erc20-unchecked-transfer

warning[unsafe-typecast]: typecasts that can truncate values should be checked
   --> test/wave2/auditorC/CBase.sol:192:35
    |
192 |                 amountSpecified: -int256(mixIn),
    |                                   ^^^^^^^^^^^^^
    |
    = note: consider disabling this lint if you're certain the cast is safe
            
            // casting to 'int256' is safe because [explain why]
            // forge-lint: disable-next-line(unsafe-typecast)
            
            
    = help: https://book.getfoundry.sh/reference/forge/forge-lint#unsafe-typecast

warning[unsafe-typecast]: typecasts that can truncate values should be checked
   --> test/wave2/auditorC/CBase.sol:200:23
    |
200 |         uint256 out = uint256(int256(pspDelta));
    |                       ^^^^^^^^^^^^^^^^^^^^^^^^^
    |
    = note: consider disabling this lint if you're certain the cast is safe
            
            // casting to 'uint256' is safe because [explain why]
            // forge-lint: disable-next-line(unsafe-typecast)
            
            
    = help: https://book.getfoundry.sh/reference/forge/forge-lint#unsafe-typecast

warning[erc20-unchecked-transfer]: ERC20 'transfer' and 'transferFrom' calls should check the return value
   --> test/wave2/auditorC/CBase.sol:221:9
    |
221 |         mix.transferFrom(msg.sender, address(this), mixIn);
    |         ^^^^^^^^^^^^^^^^^^^^^^^^^^^^^^^^^^^^^^^^^^^^^^^^^^
    |
    = help: https://book.getfoundry.sh/reference/forge/forge-lint#erc20-unchecked-transfer

warning[erc20-unchecked-transfer]: ERC20 'transfer' and 'transferFrom' calls should check the return value
   --> test/wave2/auditorC/CBase.sol:235:9
    |
235 |         mix.transfer(address(pm), mixIn);
    |         ^^^^^^^^^^^^^^^^^^^^^^^^^^^^^^^^
    |
    = help: https://book.getfoundry.sh/reference/forge/forge-lint#erc20-unchecked-transfer

warning[unsafe-typecast]: typecasts that can truncate values should be checked
   --> test/wave2/auditorC/CBase.sol:241:35
    |
241 |                 amountSpecified: -int256(mixIn),
    |                                   ^^^^^^^^^^^^^
    |
    = note: consider disabling this lint if you're certain the cast is safe
            
            // casting to 'int256' is safe because [explain why]
            // forge-lint: disable-next-line(unsafe-typecast)
            
            
    = help: https://book.getfoundry.sh/reference/forge/forge-lint#unsafe-typecast

warning[unsafe-typecast]: typecasts that can truncate values should be checked
   --> test/wave2/auditorC/CBase.sol:249:23
    |
249 |         uint256 out = uint256(int256(pspDelta));
    |                       ^^^^^^^^^^^^^^^^^^^^^^^^^
    |
    = note: consider disabling this lint if you're certain the cast is safe
            
            // casting to 'uint256' is safe because [explain why]
            // forge-lint: disable-next-line(unsafe-typecast)
            
            
    = help: https://book.getfoundry.sh/reference/forge/forge-lint#unsafe-typecast

note[mixed-case-variable]: mutable variables should use mixedCase
   --> src/PSPFactory.sol:100:20
    |
100 |     uint128 public gameSinePL;
    |                    ^^^^^^^^^^ help: consider using: `gameSinePl`
    |
    = help: https://book.getfoundry.sh/reference/forge/forge-lint#mixed-case-variable

note[screaming-snake-case-immutable]: immutables should use SCREAMING_SNAKE_CASE
   --> src/PSPFactory.sol:105:30
    |
105 |     address public immutable sineV3Table;
    |                              ^^^^^^^^^^^ help: consider using: `SINE_V3_TABLE`
    |
    = help: https://book.getfoundry.sh/reference/forge/forge-lint#screaming-snake-case-immutable

note[mixed-case-variable]: mutable variables should use mixedCase
  --> test/unit/Factory.t.sol:40:16
   |
40 |     MockMixETH mixETH;
   |                ^^^^^^ help: consider using: `mixEth`
   |
   = help: https://book.getfoundry.sh/reference/forge/forge-lint#mixed-case-variable

note[unused-import]: unused imports should be removed
 --> test/wave2/auditorC/C2_Handoff.t.sol:5:9
  |
5 | import {CurveHook} from "../../../src/CurveHook.sol";
  |         ^^^^^^^^^
  |
  = help: https://book.getfoundry.sh/reference/forge/forge-lint#unused-import

note[unused-import]: unused imports should be removed
 --> test/wave2/auditorC/C2_Handoff.t.sol:6:9
  |
6 | import {RoundController} from "../../../src/RoundController.sol";
  |         ^^^^^^^^^^^^^^^
  |
  = help: https://book.getfoundry.sh/reference/forge/forge-lint#unused-import

note[unused-import]: unused imports should be removed
 --> test/wave2/auditorC/C2_Handoff.t.sol:8:9
  |
8 | import {IERC20} from "@openzeppelin/contracts/token/ERC20/IERC20.sol";
  |         ^^^^^^
  |
  = help: https://book.getfoundry.sh/reference/forge/forge-lint#unused-import

note[unused-import]: unused imports should be removed
 --> test/unit/Factory.t.sol:8:9
  |
8 | import {Ownable} from "@openzeppelin/contracts/access/Ownable.sol";
  |         ^^^^^^^
  |
  = help: https://book.getfoundry.sh/reference/forge/forge-lint#unused-import

note[mixed-case-variable]: mutable variables should use mixedCase
    --> src/CurveHook.sol:1015:35
     |
1015 |     function getBuyOutput(uint256 mixETHInput) external view returns (uint256) {
     |                                   ^^^^^^^^^^^ help: consider using: `mixEthInput`
     |
     = help: https://book.getfoundry.sh/reference/forge/forge-lint#mixed-case-variable

warning[erc20-unchecked-transfer]: ERC20 'transfer' and 'transferFrom' calls should check the return value
   --> test/SpawnStaging.t.sol:143:9
    |
143 |         mixETH.transfer(address(factory), donated);
    |         ^^^^^^^^^^^^^^^^^^^^^^^^^^^^^^^^^^^^^^^^^^
    |
    = help: https://book.getfoundry.sh/reference/forge/forge-lint#erc20-unchecked-transfer

note[mixed-case-variable]: mutable variables should use mixedCase
   --> src/PSPFactory.sol:144:51
    |
144 |     constructor(IPoolManager _poolManager, IERC20 _mixETH, HookDeployer _hookDeployer, ControllerDeployer _controllerDeployer, Stak...
    |                                                   ^^^^^^^ help: consider using: `_mixEth`
    |
    = help: https://book.getfoundry.sh/reference/forge/forge-lint#mixed-case-variable

note[screaming-snake-case-immutable]: immutables should use SCREAMING_SNAKE_CASE
   --> src/PSPFactory.sol:165:30
    |
165 |     uint256 public immutable roundTimings;
    |                              ^^^^^^^^^^^^ help: consider using: `ROUND_TIMINGS`
    |
    = help: https://book.getfoundry.sh/reference/forge/forge-lint#screaming-snake-case-immutable

note[screaming-snake-case-immutable]: immutables should use SCREAMING_SNAKE_CASE
   --> src/PSPFactory.sol:166:30
    |
166 |     address public immutable deployerCutTo;
    |                              ^^^^^^^^^^^^^ help: consider using: `DEPLOYER_CUT_TO`
    |
    = help: https://book.getfoundry.sh/reference/forge/forge-lint#screaming-snake-case-immutable

note[named-struct-fields]: prefer initializing structs with named fields
  --> test/SineV3Fixtures.sol:30:17
   |
30 |         r[17] = Row(1, 45019131735, 1, 75000000000000, 13333);
   |                 ^^^^^^^^^^^^^^^^^^^^^^^^^^^^^^^^^^^^^^^^^^^^^ help: consider using named fields: `Row({ boot: 1, lam: 45019131735, R: 1, price: 75000000000000, supply: 13333 })`
   |
   = help: https://book.getfoundry.sh/reference/forge/forge-lint#named-struct-fields

note[mixed-case-variable]: mutable variables should use mixedCase
  --> src/ControllerDeployer.sol:47:16
   |
47 |         IERC20 mixETH,
   |                ^^^^^^ help: consider using: `mixEth`
   |
   = help: https://book.getfoundry.sh/reference/forge/forge-lint#mixed-case-variable

note[mixed-case-variable]: mutable variables should use mixedCase
  --> src/ControllerDeployer.sol:98:16
   |
98 |         IERC20 mixETH,
   |                ^^^^^^ help: consider using: `mixEth`
   |
   = help: https://book.getfoundry.sh/reference/forge/forge-lint#mixed-case-variable

note[mixed-case-variable]: mutable variables should use mixedCase
   --> src/ControllerDeployer.sol:135:16
    |
135 |         IERC20 mixETH,
    |                ^^^^^^ help: consider using: `mixEth`
    |
    = help: https://book.getfoundry.sh/reference/forge/forge-lint#mixed-case-variable

note[mixed-case-variable]: mutable variables should use mixedCase
   --> src/ControllerDeployer.sol:161:53
    |
161 |     function deployRegistry(address staker, uint256 minStakePSP)
    |                                                     ^^^^^^^^^^^ help: consider using: `minStakePsp`
    |
    = help: https://book.getfoundry.sh/reference/forge/forge-lint#mixed-case-variable

note[mixed-case-variable]: mutable variables should use mixedCase
   --> src/ControllerDeployer.sol:172:69
    |
172 |     function deployRegistryAt(bytes32 salt, address staker, uint256 minStakePSP)
    |                                                                     ^^^^^^^^^^^ help: consider using: `minStakePsp`
    |
    = help: https://book.getfoundry.sh/reference/forge/forge-lint#mixed-case-variable

note[unused-import]: unused imports should be removed
  --> test/unit/Factory.t.sol:22:9
   |
22 | import {PSPStaker} from "../../src/PSPStaker.sol";
   |         ^^^^^^^^^
   |
   = help: https://book.getfoundry.sh/reference/forge/forge-lint#unused-import

note[unused-import]: unused imports should be removed
 --> src/CurveHook.sol:8:9
  |
8 | import {PoolId, PoolIdLibrary} from "@uniswap/v4-core/src/types/PoolId.sol";
  |         ^^^^^^
  |
  = help: https://book.getfoundry.sh/reference/forge/forge-lint#unused-import

note[unused-import]: unused imports should be removed
 --> src/CurveHook.sol:9:9
  |
9 | import {BalanceDelta, BalanceDeltaLibrary} from "@uniswap/v4-core/src/types/BalanceDelta.sol";
  |         ^^^^^^^^^^^^
  |
  = help: https://book.getfoundry.sh/reference/forge/forge-lint#unused-import

note[unused-import]: unused imports should be removed
 --> src/CurveHook.sol:9:23
  |
9 | import {BalanceDelta, BalanceDeltaLibrary} from "@uniswap/v4-core/src/types/BalanceDelta.sol";
  |                       ^^^^^^^^^^^^^^^^^^^
  |
  = help: https://book.getfoundry.sh/reference/forge/forge-lint#unused-import

note[unused-import]: unused imports should be removed
  --> src/CurveHook.sol:10:26
   |
10 | import {BeforeSwapDelta, BeforeSwapDeltaLibrary, toBeforeSwapDelta} from "@uniswap/v4-core/src/types/BeforeSwapDelta.sol";
   |                          ^^^^^^^^^^^^^^^^^^^^^^
   |
   = help: https://book.getfoundry.sh/reference/forge/forge-lint#unused-import

warning[erc20-unchecked-transfer]: ERC20 'transfer' and 'transferFrom' calls should check the return value
   --> test/unit/Factory.t.sol:219:9
    |
219 |         mixETH.transfer(alice, 200e18);
    |         ^^^^^^^^^^^^^^^^^^^^^^^^^^^^^^
    |
    = help: https://book.getfoundry.sh/reference/forge/forge-lint#erc20-unchecked-transfer

warning[erc20-unchecked-transfer]: ERC20 'transfer' and 'transferFrom' calls should check the return value
   --> test/unit/PSPToken.t.sol:171:9
    |
171 |         token.transferFrom(alice, attacker, 30e18);
    |         ^^^^^^^^^^^^^^^^^^^^^^^^^^^^^^^^^^^^^^^^^^
    |
    = help: https://book.getfoundry.sh/reference/forge/forge-lint#erc20-unchecked-transfer

warning[erc20-unchecked-transfer]: ERC20 'transfer' and 'transferFrom' calls should check the return value
   --> test/unit/PSPToken.t.sol:189:9
    |
189 |         token.transferFrom(alice, attacker, 51e18);
    |         ^^^^^^^^^^^^^^^^^^^^^^^^^^^^^^^^^^^^^^^^^^
    |
    = help: https://book.getfoundry.sh/reference/forge/forge-lint#erc20-unchecked-transfer

warning[erc20-unchecked-transfer]: ERC20 'transfer' and 'transferFrom' calls should check the return value
   --> test/unit/PSPToken.t.sol:202:9
    |
202 |         token.transfer(address(0), 10e18);
    |         ^^^^^^^^^^^^^^^^^^^^^^^^^^^^^^^^^
    |
    = help: https://book.getfoundry.sh/reference/forge/forge-lint#erc20-unchecked-transfer

warning[erc20-unchecked-transfer]: ERC20 'transfer' and 'transferFrom' calls should check the return value
   --> test/unit/PSPToken.t.sol:319:9
    |
319 |         token.transfer(attacker, 0);
    |         ^^^^^^^^^^^^^^^^^^^^^^^^^^^
    |
    = help: https://book.getfoundry.sh/reference/forge/forge-lint#erc20-unchecked-transfer

warning[erc20-unchecked-transfer]: ERC20 'transfer' and 'transferFrom' calls should check the return value
   --> test/unit/Factory.t.sol:220:9
    |
220 |         mixETH.transfer(bob, 200e18);
    |         ^^^^^^^^^^^^^^^^^^^^^^^^^^^^
    |
    = help: https://book.getfoundry.sh/reference/forge/forge-lint#erc20-unchecked-transfer

warning[unsafe-typecast]: typecasts that can truncate values should be checked
   --> src/CurveHook.sol:571:31
    |
571 |             uint128 seatPsp = uint128(pspOut / units);
    |                               ^^^^^^^^^^^^^^^^^^^^^^^
    |
    = note: consider disabling this lint if you're certain the cast is safe
            
            // casting to 'uint128' is safe because [explain why]
            // forge-lint: disable-next-line(unsafe-typecast)
            
            
    = help: https://book.getfoundry.sh/reference/forge/forge-lint#unsafe-typecast

warning[unsafe-typecast]: typecasts that can truncate values should be checked
   --> src/CurveHook.sol:572:31
    |
572 |             uint128 seatMix = uint128(mixETHInput / units);
    |                               ^^^^^^^^^^^^^^^^^^^^^^^^^^^^
    |
    = note: consider disabling this lint if you're certain the cast is safe
            
            // casting to 'uint128' is safe because [explain why]
            // forge-lint: disable-next-line(unsafe-typecast)
            
            
    = help: https://book.getfoundry.sh/reference/forge/forge-lint#unsafe-typecast

note[named-struct-fields]: prefer initializing structs with named fields
   --> src/CurveHook.sol:576:45
    |
576 |                 tickets[ticketCount % 10] = Ticket(buyer, ts, seatPsp, seatMix);
    |                                             ^^^^^^^^^^^^^^^^^^^^^^^^^^^^^^^^^^^ help: consider using named fields: `Ticket({ buyer: buyer, ts: ts, pspAmount: seatPsp, mixPaid: seatMix })`
    |
    = help: https://book.getfoundry.sh/reference/forge/forge-lint#named-struct-fields

warning[unsafe-typecast]: typecasts that can truncate values should be checked
   --> src/CurveHook.sol:603:13
    |
603 |             int128(int256(mixETHInput)),   // +input: hook handles the specified input
    |             ^^^^^^^^^^^^^^^^^^^^^^^^^^^
    |
    = note: consider disabling this lint if you're certain the cast is safe
            
            // casting to 'int128' is safe because [explain why]
            // forge-lint: disable-next-line(unsafe-typecast)
            
            
    = help: https://book.getfoundry.sh/reference/forge/forge-lint#unsafe-typecast

warning[unsafe-typecast]: typecasts that can truncate values should be checked
   --> src/CurveHook.sol:603:20
    |
603 |             int128(int256(mixETHInput)),   // +input: hook handles the specified input
    |                    ^^^^^^^^^^^^^^^^^^^
    |
    = note: consider disabling this lint if you're certain the cast is safe
            
            // casting to 'int256' is safe because [explain why]
            // forge-lint: disable-next-line(unsafe-typecast)
            
            
    = help: https://book.getfoundry.sh/reference/forge/forge-lint#unsafe-typecast

note[unused-import]: unused imports should be removed
 --> test/unit/NameCustody.t.sol:6:9
  |
6 | import {IERC721Receiver} from "@openzeppelin/contracts/token/ERC721/IERC721Receiver.sol";
  |         ^^^^^^^^^^^^^^^
  |
  = help: https://book.getfoundry.sh/reference/forge/forge-lint#unused-import

note[named-struct-fields]: prefer initializing structs with named fields
  --> test/unit/NameCustody.t.sol:23:22
   |
23 |         records[1] = Record("pepetesters", 0, uint64(block.timestamp + 365 days), 1, 0);
   |                      ^^^^^^^^^^^^^^^^^^^^^^^^^^^^^^^^^^^^^^^^^^^^^^^^^^^^^^^^^^^^^^^^^^ help: consider using named fields: `Record({ label: "pepetesters", parent: 0, expiresAt: uint64(block.timestamp + 365 days), epoch: 1, parentEpoch: 0 })`
   |
   = help: https://book.getfoundry.sh/reference/forge/forge-lint#named-struct-fields

note[named-struct-fields]: prefer initializing structs with named fields
  --> test/unit/NameCustody.t.sol:41:23
   |
41 |         records[id] = Record(label, parent, 0, records[id].epoch + 1, records[parent].epoch);
   |                       ^^^^^^^^^^^^^^^^^^^^^^^^^^^^^^^^^^^^^^^^^^^^^^^^^^^^^^^^^^^^^^^^^^^^^^ help: consider using named fields: `Record({ label: label, parent: parent, expiresAt: 0, epoch: records[id].epoch + 1, parentEpoch: records[parent].epoch })`
   |
   = help: https://book.getfoundry.sh/reference/forge/forge-lint#named-struct-fields

note[unused-import]: unused imports should be removed
  --> test/wave2/auditorC/C2_Handoff.t.sol:10:9
   |
10 | import {IPoolManager} from "@uniswap/v4-core/src/interfaces/IPoolManager.sol";
   |         ^^^^^^^^^^^^
   |
   = help: https://book.getfoundry.sh/reference/forge/forge-lint#unused-import

warning[erc20-unchecked-transfer]: ERC20 'transfer' and 'transferFrom' calls should check the return value
   --> test/wave2/auditorC/C2_Handoff.t.sol:113:9
    |
113 |         mixETH.transfer(address(factory), donated);
    |         ^^^^^^^^^^^^^^^^^^^^^^^^^^^^^^^^^^^^^^^^^^
    |
    = help: https://book.getfoundry.sh/reference/forge/forge-lint#erc20-unchecked-transfer

note[unsafe-cheatcode]: usage of unsafe cheatcodes that can perform dangerous operations
  --> test/unit/ArtDump.t.sol:51:16
   |
51 |             vm.writeFile(
   |                ^^^^^^^^^
   |
   = help: https://book.getfoundry.sh/reference/forge/forge-lint#unsafe-cheatcode

note[unused-import]: unused imports should be removed
  --> src/PSPFactory.sol:12:9
   |
12 | import {Hooks} from "@uniswap/v4-core/src/libraries/Hooks.sol";
   |         ^^^^^
   |
   = help: https://book.getfoundry.sh/reference/forge/forge-lint#unused-import

warning[unsafe-typecast]: typecasts that can truncate values should be checked
   --> src/CurveHook.sol:604:13
    |
604 |             int128(-int256(pspOut))         // -output: hook provides the unspecified output
    |             ^^^^^^^^^^^^^^^^^^^^^^^
    |
    = note: consider disabling this lint if you're certain the cast is safe
            
            // casting to 'int128' is safe because [explain why]
            // forge-lint: disable-next-line(unsafe-typecast)
            
            
    = help: https://book.getfoundry.sh/reference/forge/forge-lint#unsafe-typecast

warning[unsafe-typecast]: typecasts that can truncate values should be checked
   --> src/CurveHook.sol:604:21
    |
604 |             int128(-int256(pspOut))         // -output: hook provides the unspecified output
    |                     ^^^^^^^^^^^^^^
    |
    = note: consider disabling this lint if you're certain the cast is safe
            
            // casting to 'int256' is safe because [explain why]
            // forge-lint: disable-next-line(unsafe-typecast)
            
            
    = help: https://book.getfoundry.sh/reference/forge/forge-lint#unsafe-typecast

note[unsafe-cheatcode]: usage of unsafe cheatcodes that can perform dangerous operations
  --> test/unit/ArtDump.t.sol:94:16
   |
94 |             vm.writeFile(
   |                ^^^^^^^^^
   |
   = help: https://book.getfoundry.sh/reference/forge/forge-lint#unsafe-cheatcode

note[unsafe-cheatcode]: usage of unsafe cheatcodes that can perform dangerous operations
   --> test/unit/ArtDump.t.sol:105:16
    |
105 |             vm.writeFile(
    |                ^^^^^^^^^
    |
    = help: https://book.getfoundry.sh/reference/forge/forge-lint#unsafe-cheatcode

note[unused-import]: unused imports should be removed
 --> test/wave2/auditorC/C1_HookSquatDoS.t.sol:5:9
  |
5 | import {HookDeployer} from "../../../src/HookDeployer.sol";
  |         ^^^^^^^^^^^^
  |
  = help: https://book.getfoundry.sh/reference/forge/forge-lint#unused-import

note[unused-import]: unused imports should be removed
 --> test/unit/ClockDetonation.t.sol:7:23
  |
7 | import {IPoolManager, SwapParams} from "@uniswap/v4-core/src/interfaces/IPoolManager.sol";
  |                       ^^^^^^^^^^
  |
  = help: https://book.getfoundry.sh/reference/forge/forge-lint#unused-import

note[unused-import]: unused imports should be removed
  --> test/unit/ClockDetonation.t.sol:10:9
   |
10 | import {BalanceDelta, BalanceDeltaLibrary} from "@uniswap/v4-core/src/types/BalanceDelta.sol";
   |         ^^^^^^^^^^^^
   |
   = help: https://book.getfoundry.sh/reference/forge/forge-lint#unused-import

note[unused-import]: unused imports should be removed
  --> test/unit/ClockDetonation.t.sol:10:23
   |
10 | import {BalanceDelta, BalanceDeltaLibrary} from "@uniswap/v4-core/src/types/BalanceDelta.sol";
   |                       ^^^^^^^^^^^^^^^^^^^
   |
   = help: https://book.getfoundry.sh/reference/forge/forge-lint#unused-import

note[unused-import]: unused imports should be removed
  --> test/unit/ClockDetonation.t.sol:11:9
   |
11 | import {TickMath} from "@uniswap/v4-core/src/libraries/TickMath.sol";
   |         ^^^^^^^^
   |
   = help: https://book.getfoundry.sh/reference/forge/forge-lint#unused-import

warning[erc20-unchecked-transfer]: ERC20 'transfer' and 'transferFrom' calls should check the return value
  --> test/unit/ClockDetonation.t.sol:79:9
   |
79 |         mixETH.transfer(who, amount);
   |         ^^^^^^^^^^^^^^^^^^^^^^^^^^^^
   |
   = help: https://book.getfoundry.sh/reference/forge/forge-lint#erc20-unchecked-transfer

warning[erc20-unchecked-transfer]: ERC20 'transfer' and 'transferFrom' calls should check the return value
   --> test/unit/ClockDetonation.t.sol:176:9
    |
176 |         mixETH.transfer(alice, amt);
    |         ^^^^^^^^^^^^^^^^^^^^^^^^^^^
    |
    = help: https://book.getfoundry.sh/reference/forge/forge-lint#erc20-unchecked-transfer

note[mixed-case-variable]: mutable variables should use mixedCase
   --> src/ControllerDeployer.sol:195:68
    |
195 |     function predictRegistry(bytes32 salt, address staker, uint256 minStakePSP)
    |                                                                    ^^^^^^^^^^^ help: consider using: `minStakePsp`
    |
    = help: https://book.getfoundry.sh/reference/forge/forge-lint#mixed-case-variable

warning[unsafe-typecast]: typecasts that can truncate values should be checked
  --> test/wave2/auditorC/C5b_CollideProbe.t.sol:24:24
   |
24 |         bytes32 salt = bytes32("same");
   |                        ^^^^^^^^^^^^^^^
   |
   = note: consider disabling this lint if you're certain the cast is safe
           
           // casting to 'bytes32' is safe because [explain why]
           // forge-lint: disable-next-line(unsafe-typecast)
           
           
   = help: https://book.getfoundry.sh/reference/forge/forge-lint#unsafe-typecast

note[named-struct-fields]: prefer initializing structs with named fields
  --> test/SineV3Fixtures.sol:31:17
   |
31 |         r[18] = Row(90000000000000000000, 427088983702459832014, 0, 67581304112907, 0);
   |                 ^^^^^^^^^^^^^^^^^^^^^^^^^^^^^^^^^^^^^^^^^^^^^^^^^^^^^^^^^^^^^^^^^^^^^^ help: consider using named fields: `Row({ boot: 90000000000000000000, lam: 427088983702459832014, R: 0, price: 67581304112907, supply: 0 })`
   |
   = help: https://book.getfoundry.sh/reference/forge/forge-lint#named-struct-fields

note[named-struct-fields]: prefer initializing structs with named fields
  --> test/SineV3Fixtures.sol:32:17
   |
32 |         r[19] = Row(90000000000000000000, 427088983702459832014, 90000000000000000000, 75000000000000, 1233435108442448645805994);
   |                 ^^^^^^^^^^^^^^^^^^^^^^^^^^^^^^^^^^^^^^^^^^^^^^^^^^^^^^^^^^^^^^^^^^^^^^^^^^^^^^^^^^^^^^^^^^^^^^^^^^^^^^^^^^^^^^^^^ help: consider using named fields: `Row({ boot: 90000000000000000000, lam: 427088983702459832014, R: 90000000000000000000, price: 75000000000000, supply: 1233435108442448645805994 })`
   |
   = help: https://book.getfoundry.sh/reference/forge/forge-lint#named-struct-fields

note[named-struct-fields]: prefer initializing structs with named fields
  --> test/SineV3Fixtures.sol:33:17
   |
33 |         r[20] = Row(90000000000000000000, 427088983702459832014, 1371266951107379496042, 2064396635499299, 5472789120620439268202556);
   |                 ^^^^^^^^^^^^^^^^^^^^^^^^^^^^^^^^^^^^^^^^^^^^^^^^^^^^^^^^^^^^^^^^^^^^^^^^^^^^^^^^^^^^^^^^^^^^^^^^^^^^^^^^^^^^^^^^^^^^^ help: consider using named fields: `Row({ boot: 90000000000000000000, lam: 427088983702459832014, R: 1371266951107379496042, price: 2064396635499299, supply: 5472789120620439268202556 })`
   |
   = help: https://book.getfoundry.sh/reference/forge/forge-lint#named-struct-fields

note[named-struct-fields]: prefer initializing structs with named fields
  --> test/SineV3Fixtures.sol:34:17
   |
34 | ... = Row(5000000000000000000000, 3183333333333333333333, 5000000000000000000000, 75000000000000, 240807753644914366675000720);
   |       ^^^^^^^^^^^^^^^^^^^^^^^^^^^^^^^^^^^^^^^^^^^^^^^^^^^^^^^^^^^^^^^^^^^^^^^^^^^^^^^^^^^^^^^^^^^^^^^^^^^^^^^^^^^^^^^^^^^^^^^^ help: consider using named fields: `Row({ boot: 5000000000000000000000, lam: 3183333333333333333333, R: 5000000000000000000000, price: 75000000000000, supply: 240807753644914366675000720 })`
   |
   = help: https://book.getfoundry.sh/reference/forge/forge-lint#named-struct-fields

note[named-struct-fields]: prefer initializing structs with named fields
  --> test/SineV3Fixtures.sol:35:17
   |
35 | ... = Row(100000000000000000000000, 14236299456748661067138, 100000000000000000000000, 75000000000000, 97622409703412061062922373388);
   |       ^^^^^^^^^^^^^^^^^^^^^^^^^^^^^^^^^^^^^^^^^^^^^^^^^^^^^^^^^^^^^^^^^^^^^^^^^^^^^^^^^^^^^^^^^^^^^^^^^^^^^^^^^^^^^^^^^^^^^^^^^^^^^^^ help: consider using named fields: `Row({ boot: 100000000000000000000000, lam: 14236299456748661067138, R: 100000000000000000000000, price: 75000000000000, supply: 97622409703412061062922373388 })`
   |
   = help: https://book.getfoundry.sh/reference/forge/forge-lint#named-struct-fields

note[named-struct-fields]: prefer initializing structs with named fields
  --> test/SineV3Fixtures.sol:36:17
   |
36 | ... = Row(100000000000000000000000, 14236299456748661067138, 199654096197240627469966, 21187588204820340, 97773696787994102746558229457);
   |       ^^^^^^^^^^^^^^^^^^^^^^^^^^^^^^^^^^^^^^^^^^^^^^^^^^^^^^^^^^^^^^^^^^^^^^^^^^^^^^^^^^^^^^^^^^^^^^^^^^^^^^^^^^^^^^^^^^^^^^^^^^^^^^^^^^ help: consider using named fields: `Row({ boot: 100000000000000000000000, lam: 14236299456748661067138, R: 199654096197240627469966, price: 21187588204820340, supply: 97773696787994102746558229457 })`
   |
   = help: https://book.getfoundry.sh/reference/forge/forge-lint#named-struct-fields

note[unused-import]: unused imports should be removed
 --> test/SkillLifecycleReview.t.sol:9:9
  |
9 | import {PSPFactory} from "../src/PSPFactory.sol";
  |         ^^^^^^^^^^
  |
  = help: https://book.getfoundry.sh/reference/forge/forge-lint#unused-import

note[named-struct-fields]: prefer initializing structs with named fields
  --> test/SkillLifecycleReview.t.sol:56:30
   |
56 |         PoolKey memory key = PoolKey(c0, c1, 0x800000, 60, IHooks(h));
   |                              ^^^^^^^^^^^^^^^^^^^^^^^^^^^^^^^^^^^^^^^^ help: consider using named fields: `PoolKey({ currency0: c0, currency1: c1, fee: 0x800000, tickSpacing: 60, hooks: IHooks(h) })`
   |
   = help: https://book.getfoundry.sh/reference/forge/forge-lint#named-struct-fields

warning[erc20-unchecked-transfer]: ERC20 'transfer' and 'transferFrom' calls should check the return value
   --> test/unit/ClockDetonation.t.sol:506:9
    |
506 |         mixETH.transfer(who, amount);
    |         ^^^^^^^^^^^^^^^^^^^^^^^^^^^^
    |
    = help: https://book.getfoundry.sh/reference/forge/forge-lint#erc20-unchecked-transfer

warning[unsafe-typecast]: typecasts that can truncate values should be checked
   --> src/CurveHook.sol:668:13
    |
668 |             int128(int256(pspInputAmount)),  // +input: hook handles the specified PSP input
    |             ^^^^^^^^^^^^^^^^^^^^^^^^^^^^^^
    |
    = note: consider disabling this lint if you're certain the cast is safe
            
            // casting to 'int128' is safe because [explain why]
            // forge-lint: disable-next-line(unsafe-typecast)
            
            
    = help: https://book.getfoundry.sh/reference/forge/forge-lint#unsafe-typecast

note[unused-import]: unused imports should be removed
  --> test/UncappedCapacity.t.sol:21:9
   |
21 | import {SineMath} from "../src/libraries/SineMath.sol";
   |         ^^^^^^^^
   |
   = help: https://book.getfoundry.sh/reference/forge/forge-lint#unused-import

note[named-struct-fields]: prefer initializing structs with named fields
  --> test/UncappedCapacity.t.sol:66:16
   |
66 |         return PoolKey(a, b, 0x800000, 60, IHooks(address(round.hook)));
   |                ^^^^^^^^^^^^^^^^^^^^^^^^^^^^^^^^^^^^^^^^^^^^^^^^^^^^^^^^ help: consider using named fields: `PoolKey({ currency0: a, currency1: b, fee: 0x800000, tickSpacing: 60, hooks: IHooks(address(round.hook)) })`
   |
   = help: https://book.getfoundry.sh/reference/forge/forge-lint#named-struct-fields

note[named-struct-fields]: prefer initializing structs with named fields
  --> test/UncappedCapacity.t.sol:76:43
   |
76 |           round.hook.beforeSwap(alice, key, SwapParams(isBuy ? buyZeroForOne : !buyZeroForOne,
   |  ___________________________________________^
77 | |             -int256(amount), 0), "");
   | |_______________________________^ help: consider using named fields: `SwapParams({ zeroForOne: isBuy ? buyZeroForOne : !buyZeroForOne, amountSpecified: -int256(amount), sqrtPriceLimitX96: 0 })`
   |
   = help: https://book.getfoundry.sh/reference/forge/forge-lint#named-struct-fields

warning[unsafe-typecast]: typecasts that can truncate values should be checked
  --> test/UncappedCapacity.t.sol:77:14
   |
77 |             -int256(amount), 0), "");
   |              ^^^^^^^^^^^^^^
   |
   = note: consider disabling this lint if you're certain the cast is safe
           
           // casting to 'int256' is safe because [explain why]
           // forge-lint: disable-next-line(unsafe-typecast)
           
           
   = help: https://book.getfoundry.sh/reference/forge/forge-lint#unsafe-typecast

note[named-struct-fields]: prefer initializing structs with named fields
   --> test/UncappedCapacity.t.sol:164:43
    |
164 |         round.hook.beforeSwap(alice, key, SwapParams(buyZeroForOne, -int256(1e35), 0), "");
    |                                           ^^^^^^^^^^^^^^^^^^^^^^^^^^^^^^^^^^^^^^^^^^^ help: consider using named fields: `SwapParams({ zeroForOne: buyZeroForOne, amountSpecified: -int256(1e35), sqrtPriceLimitX96: 0 })`
    |
    = help: https://book.getfoundry.sh/reference/forge/forge-lint#named-struct-fields

note[named-struct-fields]: prefer initializing structs with named fields
   --> test/UncappedCapacity.t.sol:188:43
    |
188 |         round.hook.beforeSwap(alice, key, SwapParams(!buyZeroForOne, -int256(amount), 0), "");
    |                                           ^^^^^^^^^^^^^^^^^^^^^^^^^^^^^^^^^^^^^^^^^^^^^^ help: consider using named fields: `SwapParams({ zeroForOne: !buyZeroForOne, amountSpecified: -int256(amount), sqrtPriceLimitX96: 0 })`
    |
    = help: https://book.getfoundry.sh/reference/forge/forge-lint#named-struct-fields

warning[unsafe-typecast]: typecasts that can truncate values should be checked
   --> test/UncappedCapacity.t.sol:188:71
    |
188 |         round.hook.beforeSwap(alice, key, SwapParams(!buyZeroForOne, -int256(amount), 0), "");
    |                                                                       ^^^^^^^^^^^^^^
    |
    = note: consider disabling this lint if you're certain the cast is safe
            
            // casting to 'int256' is safe because [explain why]
            // forge-lint: disable-next-line(unsafe-typecast)
            
            
    = help: https://book.getfoundry.sh/reference/forge/forge-lint#unsafe-typecast

note[unsafe-cheatcode]: usage of unsafe cheatcodes that can perform dangerous operations
   --> test/unit/ArtDump.t.sol:113:16
    |
113 |             vm.writeFile(
    |                ^^^^^^^^^
    |
    = help: https://book.getfoundry.sh/reference/forge/forge-lint#unsafe-cheatcode

note[mixed-case-variable]: mutable variables should use mixedCase
  --> test/SineV3ReviewRegression.t.sol:97:17
   |
97 |         uint256 onePSPWei = price / 1e18 + 2;
   |                 ^^^^^^^^^ help: consider using: `onePspWei`
   |
   = help: https://book.getfoundry.sh/reference/forge/forge-lint#mixed-case-variable

warning[unsafe-typecast]: typecasts that can truncate values should be checked
   --> src/CurveHook.sol:668:20
    |
668 |             int128(int256(pspInputAmount)),  // +input: hook handles the specified PSP input
    |                    ^^^^^^^^^^^^^^^^^^^^^^
    |
    = note: consider disabling this lint if you're certain the cast is safe
            
            // casting to 'int256' is safe because [explain why]
            // forge-lint: disable-next-line(unsafe-typecast)
            
            
    = help: https://book.getfoundry.sh/reference/forge/forge-lint#unsafe-typecast

warning[unsafe-typecast]: typecasts that can truncate values should be checked
   --> src/CurveHook.sol:669:13
    |
669 |             int128(-int256(mixETHToUser))    // -output: hook provides the unspecified mixETH output
    |             ^^^^^^^^^^^^^^^^^^^^^^^^^^^^^
    |
    = note: consider disabling this lint if you're certain the cast is safe
            
            // casting to 'int128' is safe because [explain why]
            // forge-lint: disable-next-line(unsafe-typecast)
            
            
    = help: https://book.getfoundry.sh/reference/forge/forge-lint#unsafe-typecast

note[unused-import]: unused imports should be removed
  --> src/PSPFactory.sol:15:9
   |
15 | import {HookMiner} from "./utils/HookMiner.sol";
   |         ^^^^^^^^^
   |
   = help: https://book.getfoundry.sh/reference/forge/forge-lint#unused-import

warning[unsafe-typecast]: typecasts that can truncate values should be checked
   --> src/PSPFactory.sol:290:13
    |
290 |             uint128(fromRoundId),
    |             ^^^^^^^^^^^^^^^^^^^^
    |
    = note: consider disabling this lint if you're certain the cast is safe
            
            // casting to 'uint128' is safe because [explain why]
            // forge-lint: disable-next-line(unsafe-typecast)
            
            
    = help: https://book.getfoundry.sh/reference/forge/forge-lint#unsafe-typecast

note[asm-keccak256]: use of inefficient hashing mechanism; consider using inline assembly
   --> src/PSPFactory.sol:370:24
    |
370 |         bytes32 root = keccak256(abi.encode(block.prevrandao, block.timestamp, block.number, newRoundId));
    |                        ^^^^^^^^^^^^^^^^^^^^^^^^^^^^^^^^^^^^^^^^^^^^^^^^^^^^^^^^^^^^^^^^^^^^^^^^^^^^^^^^^^
    |
    = help: https://book.getfoundry.sh/reference/forge/forge-lint#asm-keccak256

note[asm-keccak256]: use of inefficient hashing mechanism; consider using inline assembly
   --> src/PSPFactory.sol:371:29
    |
371 |         bytes32 tokenSalt = keccak256(abi.encode(root, "token"));
    |                             ^^^^^^^^^^^^^^^^^^^^^^^^^^^^^^^^^^^^
    |
    = help: https://book.getfoundry.sh/reference/forge/forge-lint#asm-keccak256

note[asm-keccak256]: use of inefficient hashing mechanism; consider using inline assembly
   --> src/PSPFactory.sol:372:34
    |
372 |         bytes32 controllerSalt = keccak256(abi.encode(root, "controller"));
    |                                  ^^^^^^^^^^^^^^^^^^^^^^^^^^^^^^^^^^^^^^^^^
    |
    = help: https://book.getfoundry.sh/reference/forge/forge-lint#asm-keccak256

note[mixed-case-function]: function names should use mixedCase
   --> test/SineV3Oracle.t.sol:143:14
    |
143 |     function _Rof(int256 x, uint256 boot, uint256 lam) private pure returns (uint256) {
    |              ^^^^ help: consider using: `_rof`
    |
    = help: https://book.getfoundry.sh/reference/forge/forge-lint#mixed-case-function

warning[erc20-unchecked-transfer]: ERC20 'transfer' and 'transferFrom' calls should check the return value
  --> test/SkillCallbackReview.t.sol:55:9
   |
55 |         mixETH.transfer(alice, 1e18);
   |         ^^^^^^^^^^^^^^^^^^^^^^^^^^^^
   |
   = help: https://book.getfoundry.sh/reference/forge/forge-lint#erc20-unchecked-transfer

warning[erc20-unchecked-transfer]: ERC20 'transfer' and 'transferFrom' calls should check the return value
  --> test/SkillCallbackReview.t.sol:61:9
   |
61 |         mixETH.transfer(who, 1e18);
   |         ^^^^^^^^^^^^^^^^^^^^^^^^^^
   |
   = help: https://book.getfoundry.sh/reference/forge/forge-lint#erc20-unchecked-transfer

warning[unsafe-typecast]: typecasts that can truncate values should be checked
   --> src/CurveHook.sol:669:21
    |
669 |             int128(-int256(mixETHToUser))    // -output: hook provides the unspecified mixETH output
    |                     ^^^^^^^^^^^^^^^^^^^^
    |
    = note: consider disabling this lint if you're certain the cast is safe
            
            // casting to 'int256' is safe because [explain why]
            // forge-lint: disable-next-line(unsafe-typecast)
            
            
    = help: https://book.getfoundry.sh/reference/forge/forge-lint#unsafe-typecast

warning[unsafe-typecast]: typecasts that can truncate values should be checked
   --> src/CurveHook.sol:714:13
    |
714 |             int128(int256(pspInputAmount)),  // +input: hook handles specified input
    |             ^^^^^^^^^^^^^^^^^^^^^^^^^^^^^^
    |
    = note: consider disabling this lint if you're certain the cast is safe
            
            // casting to 'int128' is safe because [explain why]
            // forge-lint: disable-next-line(unsafe-typecast)
            
            
    = help: https://book.getfoundry.sh/reference/forge/forge-lint#unsafe-typecast

warning[unsafe-typecast]: typecasts that can truncate values should be checked
   --> src/CurveHook.sol:714:20
    |
714 |             int128(int256(pspInputAmount)),  // +input: hook handles specified input
    |                    ^^^^^^^^^^^^^^^^^^^^^^
    |
    = note: consider disabling this lint if you're certain the cast is safe
            
            // casting to 'int256' is safe because [explain why]
            // forge-lint: disable-next-line(unsafe-typecast)
            
            
    = help: https://book.getfoundry.sh/reference/forge/forge-lint#unsafe-typecast

warning[unsafe-typecast]: typecasts that can truncate values should be checked
   --> src/CurveHook.sol:715:13
    |
715 |             int128(-int256(mixETHToUser))    // -output: hook provides unspecified output
    |             ^^^^^^^^^^^^^^^^^^^^^^^^^^^^^
    |
    = note: consider disabling this lint if you're certain the cast is safe
            
            // casting to 'int128' is safe because [explain why]
            // forge-lint: disable-next-line(unsafe-typecast)
            
            
    = help: https://book.getfoundry.sh/reference/forge/forge-lint#unsafe-typecast

warning[unsafe-typecast]: typecasts that can truncate values should be checked
   --> src/CurveHook.sol:715:21
    |
715 |             int128(-int256(mixETHToUser))    // -output: hook provides unspecified output
    |                     ^^^^^^^^^^^^^^^^^^^^
    |
    = note: consider disabling this lint if you're certain the cast is safe
            
            // casting to 'int256' is safe because [explain why]
            // forge-lint: disable-next-line(unsafe-typecast)
            
            
    = help: https://book.getfoundry.sh/reference/forge/forge-lint#unsafe-typecast

note[named-struct-fields]: prefer initializing structs with named fields
   --> src/CurveHook.sol:812:22
    |
812 |             out[i] = LadderEntry(t.buyer, t.pspAmount, t.mixPaid, t.ts);
    |                      ^^^^^^^^^^^^^^^^^^^^^^^^^^^^^^^^^^^^^^^^^^^^^^^^^^ help: consider using named fields: `LadderEntry({ buyer: t.buyer, pspAmount: t.pspAmount, mixPaid: t.mixPaid, ts: t.ts })`
    |
    = help: https://book.getfoundry.sh/reference/forge/forge-lint#named-struct-fields

note[named-struct-fields]: prefer initializing structs with named fields
   --> src/CurveHook.sol:959:22
    |
959 |             sineV3 = SineV3Curve(_reserveMixETH, lam, _reserveMixETH + 10 * lam, q0);
    |                      ^^^^^^^^^^^^^^^^^^^^^^^^^^^^^^^^^^^^^^^^^^^^^^^^^^^^^^^^^^^^^^^ help: consider using named fields: `SineV3Curve({ boot: _reserveMixETH, lam: lam, target: _reserveMixETH + 10 * lam, q0: q0 })`
    |
    = help: https://book.getfoundry.sh/reference/forge/forge-lint#named-struct-fields

note[named-struct-fields]: prefer initializing structs with named fields
  --> test/SineStateful.t.sol:23:24
   |
23 |         targetSelector(FuzzSelector(address(this),selectors));
   |                        ^^^^^^^^^^^^^^^^^^^^^^^^^^^^^^^^^^^^^ help: consider using named fields: `FuzzSelector({ addr: address(this), selectors: selectors })`
   |
   = help: https://book.getfoundry.sh/reference/forge/forge-lint#named-struct-fields

note[mixed-case-variable]: mutable variables should use mixedCase
  --> test/unit/StagedGenesis.t.sol:32:16
   |
32 |     MockMixETH mixETH;
   |                ^^^^^^ help: consider using: `mixEth`
   |
   = help: https://book.getfoundry.sh/reference/forge/forge-lint#mixed-case-variable

warning[unsafe-typecast]: typecasts that can truncate values should be checked
   --> test/SineV3Oracle.t.sol:144:44
    |
144 |         if (x >= 0) return boot + uint256((uint256(x) * lam) / 1e18);
    |                                            ^^^^^^^^^^
    |
    = note: consider disabling this lint if you're certain the cast is safe
            
            // casting to 'uint256' is safe because [explain why]
            // forge-lint: disable-next-line(unsafe-typecast)
            
            
    = help: https://book.getfoundry.sh/reference/forge/forge-lint#unsafe-typecast

note[mixed-case-variable]: mutable variables should use mixedCase
  --> test/DeployGasSpread.t.sol:27:16
   |
27 |     MockMixETH mixETH;
   |                ^^^^^^ help: consider using: `mixEth`
   |
   = help: https://book.getfoundry.sh/reference/forge/forge-lint#mixed-case-variable

note[mixed-case-variable]: mutable variables should use mixedCase
  --> test/SineMath.t.sol:78:17
   |
78 |         uint256 Rn = SineMath.reserveAt(c, q - pspIn);
   |                 ^^ help: consider using: `rn`
   |
   = help: https://book.getfoundry.sh/reference/forge/forge-lint#mixed-case-variable

note[mixed-case-variable]: mutable variables should use mixedCase
  --> test/SineMath.t.sol:94:21
   |
94 |             uint256 Rn = SineMath.reserveAt(c, q);
   |                     ^^ help: consider using: `rn`
   |
   = help: https://book.getfoundry.sh/reference/forge/forge-lint#mixed-case-variable

note[asm-keccak256]: use of inefficient hashing mechanism; consider using inline assembly
   --> src/PSPFactory.sol:380:30
    |
380 |         bytes32 stakerSalt = keccak256(abi.encode(controller, "psp-staker"));
    |                              ^^^^^^^^^^^^^^^^^^^^^^^^^^^^^^^^^^^^^^^^^^^^^^^
    |
    = help: https://book.getfoundry.sh/reference/forge/forge-lint#asm-keccak256

note[unused-import]: unused imports should be removed
 --> test/SineMath.t.sol:4:15
  |
4 | import {Test, console} from "forge-std/Test.sol";
  |               ^^^^^^^
  |
  = help: https://book.getfoundry.sh/reference/forge/forge-lint#unused-import

warning[unsafe-typecast]: typecasts that can truncate values should be checked
   --> test/SineV3Oracle.t.sol:145:25
    |
145 |         uint256 back = (uint256(-x) * lam) / 1e18;
    |                         ^^^^^^^^^^^
    |
    = note: consider disabling this lint if you're certain the cast is safe
            
            // casting to 'uint256' is safe because [explain why]
            // forge-lint: disable-next-line(unsafe-typecast)
            
            
    = help: https://book.getfoundry.sh/reference/forge/forge-lint#unsafe-typecast

warning[unsafe-typecast]: typecasts that can truncate values should be checked
   --> test/SineV3Oracle.t.sol:150:32
    |
150 |         if (d >= 0) return R + uint256(d);
    |                                ^^^^^^^^^^
    |
    = note: consider disabling this lint if you're certain the cast is safe
            
            // casting to 'uint256' is safe because [explain why]
            // forge-lint: disable-next-line(unsafe-typecast)
            
            
    = help: https://book.getfoundry.sh/reference/forge/forge-lint#unsafe-typecast

warning[unsafe-typecast]: typecasts that can truncate values should be checked
   --> test/SineV3Oracle.t.sol:151:21
    |
151 |         uint256 u = uint256(-d);
    |                     ^^^^^^^^^^^
    |
    = note: consider disabling this lint if you're certain the cast is safe
            
            // casting to 'uint256' is safe because [explain why]
            // forge-lint: disable-next-line(unsafe-typecast)
            
            
    = help: https://book.getfoundry.sh/reference/forge/forge-lint#unsafe-typecast

note[asm-keccak256]: use of inefficient hashing mechanism; consider using inline assembly
   --> src/PSPFactory.sol:384:32
    |
384 |         bytes32 registrySalt = keccak256(abi.encode(controller, "psp-registry"));
    |                                ^^^^^^^^^^^^^^^^^^^^^^^^^^^^^^^^^^^^^^^^^^^^^^^^^
    |
    = help: https://book.getfoundry.sh/reference/forge/forge-lint#asm-keccak256

warning[unsafe-typecast]: typecasts that can truncate values should be checked
   --> src/PSPFactory.sol:392:25
    |
392 |             newRoundId: uint128(newRoundId),
    |                         ^^^^^^^^^^^^^^^^^^^
    |
    = note: consider disabling this lint if you're certain the cast is safe
            
            // casting to 'uint128' is safe because [explain why]
            // forge-lint: disable-next-line(unsafe-typecast)
            
            
    = help: https://book.getfoundry.sh/reference/forge/forge-lint#unsafe-typecast

note[mixed-case-variable]: mutable variables should use mixedCase
  --> test/wave2/auditorB/B7_Supplemental.t.sol:85:17
   |
85 |         uint256 S0 = hook.totalSupplyPSP();
   |                 ^^ help: consider using: `s0`
   |
   = help: https://book.getfoundry.sh/reference/forge/forge-lint#mixed-case-variable

note[mixed-case-variable]: mutable variables should use mixedCase
  --> test/wave2/auditorB/B7_Supplemental.t.sol:86:17
   |
86 |         uint256 R0 = hook.reserveMixETH();
   |                 ^^ help: consider using: `r0`
   |
   = help: https://book.getfoundry.sh/reference/forge/forge-lint#mixed-case-variable

note[mixed-case-variable]: mutable variables should use mixedCase
  --> test/wave2/auditorB/B7_Supplemental.t.sol:99:17
   |
99 |         uint256 S1 = hook.totalSupplyPSP();
   |                 ^^ help: consider using: `s1`
   |
   = help: https://book.getfoundry.sh/reference/forge/forge-lint#mixed-case-variable

warning[erc20-unchecked-transfer]: ERC20 'transfer' and 'transferFrom' calls should check the return value
   --> test/unit/ClockDetonation.t.sol:523:9
    |
523 |         mixETH.transfer(alice, amt);
    |         ^^^^^^^^^^^^^^^^^^^^^^^^^^^
    |
    = help: https://book.getfoundry.sh/reference/forge/forge-lint#erc20-unchecked-transfer

note[screaming-snake-case-immutable]: immutables should use SCREAMING_SNAKE_CASE
  --> src/PSPReinvestor.sol:33:33
   |
33 |     IPSPStaker public immutable staker;
   |                                 ^^^^^^ help: consider using: `STAKER`
   |
   = help: https://book.getfoundry.sh/reference/forge/forge-lint#screaming-snake-case-immutable

note[screaming-snake-case-immutable]: immutables should use SCREAMING_SNAKE_CASE
  --> src/PSPReinvestor.sol:34:32
   |
34 |     IPSPZapIn public immutable zapIn;
   |                                ^^^^^ help: consider using: `ZAP_IN`
   |
   = help: https://book.getfoundry.sh/reference/forge/forge-lint#screaming-snake-case-immutable

note[screaming-snake-case-immutable]: immutables should use SCREAMING_SNAKE_CASE
  --> src/PSPReinvestor.sol:35:29
   |
35 |     IERC20 public immutable mix;
   |                             ^^^ help: consider using: `MIX`
   |
   = help: https://book.getfoundry.sh/reference/forge/forge-lint#screaming-snake-case-immutable

note[screaming-snake-case-immutable]: immutables should use SCREAMING_SNAKE_CASE
  --> src/PSPReinvestor.sol:36:29
   |
36 |     IERC20 public immutable psp;
   |                             ^^^ help: consider using: `PSP`
   |
   = help: https://book.getfoundry.sh/reference/forge/forge-lint#screaming-snake-case-immutable

warning[unsafe-typecast]: typecasts that can truncate values should be checked
   --> test/SineV3MonotonePrice.t.sol:125:20
    |
125 |         int256 x = int256(raw % 11000e18) - 1000e18;
    |                    ^^^^^^^^^^^^^^^^^^^^^^
    |
    = note: consider disabling this lint if you're certain the cast is safe
            
            // casting to 'int256' is safe because [explain why]
            // forge-lint: disable-next-line(unsafe-typecast)
            
            
    = help: https://book.getfoundry.sh/reference/forge/forge-lint#unsafe-typecast

warning[erc20-unchecked-transfer]: ERC20 'transfer' and 'transferFrom' calls should check the return value
   --> test/unit/StagedGenesis.t.sol:227:9
    |
227 |         mixETH.transfer(address(factory), 40e18);
    |         ^^^^^^^^^^^^^^^^^^^^^^^^^^^^^^^^^^^^^^^^
    |
    = help: https://book.getfoundry.sh/reference/forge/forge-lint#erc20-unchecked-transfer

warning[erc20-unchecked-transfer]: ERC20 'transfer' and 'transferFrom' calls should check the return value
   --> test/unit/StagedGenesis.t.sol:267:9
    |
267 |         mixETH.transfer(address(factory), 40e18);
    |         ^^^^^^^^^^^^^^^^^^^^^^^^^^^^^^^^^^^^^^^^
    |
    = help: https://book.getfoundry.sh/reference/forge/forge-lint#erc20-unchecked-transfer

note[mixed-case-function]: function names should use mixedCase
  --> test/dinosat/SineV3MathSymbolic.t.sol:83:14
   |
83 |     function check_domain_rejects_invalid_price(uint256 pL) public {
   |              ^^^^^^^^^^^^^^^^^^^^^^^^^^^^^^^^^^ help: consider using: `checkDomainRejectsInvalidPrice`
   |
   = help: https://book.getfoundry.sh/reference/forge/forge-lint#mixed-case-function

note[mixed-case-function]: function names should use mixedCase
  --> test/dinosat/SineV3MathSymbolic.t.sol:95:14
   |
95 |     function check_domain_rejects_excess_reserve(uint256 reserve) public {
   |              ^^^^^^^^^^^^^^^^^^^^^^^^^^^^^^^^^^^ help: consider using: `checkDomainRejectsExcessReserve`
   |
   = help: https://book.getfoundry.sh/reference/forge/forge-lint#mixed-case-function

note[mixed-case-function]: function names should use mixedCase
   --> test/dinosat/SineV3MathSymbolic.t.sol:135:14
    |
135 |     function check_buyout_spot_bound(uint112 spend) public view {
    |              ^^^^^^^^^^^^^^^^^^^^^^^ help: consider using: `checkBuyoutSpotBound`
    |
    = help: https://book.getfoundry.sh/reference/forge/forge-lint#mixed-case-function

note[mixed-case-function]: function names should use mixedCase
   --> test/dinosat/SineV3MathSymbolic.t.sol:147:14
    |
147 |     function check_buyout_supply_monotone(uint112 spend) public view {
    |              ^^^^^^^^^^^^^^^^^^^^^^^^^^^^ help: consider using: `checkBuyoutSupplyMonotone`
    |
    = help: https://book.getfoundry.sh/reference/forge/forge-lint#mixed-case-function

note[asm-keccak256]: use of inefficient hashing mechanism; consider using inline assembly
   --> src/PSPFactory.sol:460:32
    |
460 |         bytes32 registrySalt = keccak256(abi.encode(r.controller, "psp-registry"));
    |                                ^^^^^^^^^^^^^^^^^^^^^^^^^^^^^^^^^^^^^^^^^^^^^^^^^^^
    |
    = help: https://book.getfoundry.sh/reference/forge/forge-lint#asm-keccak256

warning[unsafe-typecast]: typecasts that can truncate values should be checked
  --> test/dinosat/SineV3MathSymbolic.t.sol:90:16
   |
90 |         assert(bytes4(result) == SineV3Math.SineV3Domain.selector);
   |                ^^^^^^^^^^^^^^
   |
   = note: consider disabling this lint if you're certain the cast is safe
           
           // casting to 'bytes4' is safe because [explain why]
           // forge-lint: disable-next-line(unsafe-typecast)
           
           
   = help: https://book.getfoundry.sh/reference/forge/forge-lint#unsafe-typecast

warning[unsafe-typecast]: typecasts that can truncate values should be checked
   --> test/dinosat/SineV3MathSymbolic.t.sol:102:16
    |
102 |         assert(bytes4(result) == SineV3Math.SineV3Domain.selector);
    |                ^^^^^^^^^^^^^^
    |
    = note: consider disabling this lint if you're certain the cast is safe
            
            // casting to 'bytes4' is safe because [explain why]
            // forge-lint: disable-next-line(unsafe-typecast)
            
            
    = help: https://book.getfoundry.sh/reference/forge/forge-lint#unsafe-typecast

warning[unsafe-typecast]: typecasts that can truncate values should be checked
   --> test/dinosat/SineV3MathSymbolic.t.sol:160:33
    |
160 |         check_buyout_spot_bound(uint112(spend));
    |                                 ^^^^^^^^^^^^^^
    |
    = note: consider disabling this lint if you're certain the cast is safe
            
            // casting to 'uint112' is safe because [explain why]
            // forge-lint: disable-next-line(unsafe-typecast)
            
            
    = help: https://book.getfoundry.sh/reference/forge/forge-lint#unsafe-typecast

warning[unsafe-typecast]: typecasts that can truncate values should be checked
   --> test/dinosat/SineV3MathSymbolic.t.sol:165:38
    |
165 |         check_buyout_supply_monotone(uint112(spend));
    |                                      ^^^^^^^^^^^^^^
    |
    = note: consider disabling this lint if you're certain the cast is safe
            
            // casting to 'uint112' is safe because [explain why]
            // forge-lint: disable-next-line(unsafe-typecast)
            
            
    = help: https://book.getfoundry.sh/reference/forge/forge-lint#unsafe-typecast

warning[erc20-unchecked-transfer]: ERC20 'transfer' and 'transferFrom' calls should check the return value
   --> test/unit/ClockDetonation.t.sol:656:9
    |
656 |         mixETH.transfer(rando, 100e18);
    |         ^^^^^^^^^^^^^^^^^^^^^^^^^^^^^^
    |
    = help: https://book.getfoundry.sh/reference/forge/forge-lint#erc20-unchecked-transfer

warning[unsafe-typecast]: typecasts that can truncate values should be checked
   --> src/PSPFactory.sol:577:13
    |
577 |             uint128(fromRoundId),
    |             ^^^^^^^^^^^^^^^^^^^^
    |
    = note: consider disabling this lint if you're certain the cast is safe
            
            // casting to 'uint128' is safe because [explain why]
            // forge-lint: disable-next-line(unsafe-typecast)
            
            
    = help: https://book.getfoundry.sh/reference/forge/forge-lint#unsafe-typecast

warning[unsafe-typecast]: typecasts that can truncate values should be checked
   --> test/SineV3MonotonePrice.t.sol:133:20
    |
133 |         int256 a = int256(aRaw % 11000e18) - 1000e18;
    |                    ^^^^^^^^^^^^^^^^^^^^^^^
    |
    = note: consider disabling this lint if you're certain the cast is safe
            
            // casting to 'int256' is safe because [explain why]
            // forge-lint: disable-next-line(unsafe-typecast)
            
            
    = help: https://book.getfoundry.sh/reference/forge/forge-lint#unsafe-typecast

warning[unsafe-typecast]: typecasts that can truncate values should be checked
   --> test/SineV3MonotonePrice.t.sol:134:20
    |
134 |         int256 b = int256(bRaw % 11000e18) - 1000e18;
    |                    ^^^^^^^^^^^^^^^^^^^^^^^
    |
    = note: consider disabling this lint if you're certain the cast is safe
            
            // casting to 'int256' is safe because [explain why]
            // forge-lint: disable-next-line(unsafe-typecast)
            
            
    = help: https://book.getfoundry.sh/reference/forge/forge-lint#unsafe-typecast

warning[unsafe-typecast]: typecasts that can truncate values should be checked
   --> test/SineV3MonotonePrice.t.sol:143:27
    |
143 |         int256 exponent = int256(raw % 250e18) - 200e18;
    |                           ^^^^^^^^^^^^^^^^^^^^
    |
    = note: consider disabling this lint if you're certain the cast is safe
            
            // casting to 'int256' is safe because [explain why]
            // forge-lint: disable-next-line(unsafe-typecast)
            
            
    = help: https://book.getfoundry.sh/reference/forge/forge-lint#unsafe-typecast

warning[unsafe-typecast]: typecasts that can truncate values should be checked
   --> test/SineV3MonotonePrice.t.sol:145:20
    |
145 |         exponent = int256(raw % 335e18) - 200e18;
    |                    ^^^^^^^^^^^^^^^^^^^^
    |
    = note: consider disabling this lint if you're certain the cast is safe
            
            // casting to 'int256' is safe because [explain why]
            // forge-lint: disable-next-line(unsafe-typecast)
            
            
    = help: https://book.getfoundry.sh/reference/forge/forge-lint#unsafe-typecast

note[mixed-case-variable]: mutable variables should use mixedCase
  --> src/PSPGraveZap.sol:11:73
   |
11 |     function redeemBacking(uint256 pspAmount) external returns (uint256 mixETHOut);
   |                                                                         ^^^^^^^^^ help: consider using: `mixEthOut`
   |
   = help: https://book.getfoundry.sh/reference/forge/forge-lint#mixed-case-variable

note[screaming-snake-case-immutable]: immutables should use SCREAMING_SNAKE_CASE
  --> src/PSPGraveZap.sol:47:30
   |
47 |     address public immutable mixETH;
   |                              ^^^^^^ help: consider using: `MIX_ETH`
   |
   = help: https://book.getfoundry.sh/reference/forge/forge-lint#screaming-snake-case-immutable

warning[erc20-unchecked-transfer]: ERC20 'transfer' and 'transferFrom' calls should check the return value
  --> test/LadderEconomics.t.sol:10:9
   |
10 |         mixETH.transfer(alice, 1e18);
   |         ^^^^^^^^^^^^^^^^^^^^^^^^^^^^
   |
   = help: https://book.getfoundry.sh/reference/forge/forge-lint#erc20-unchecked-transfer

note[named-struct-fields]: prefer initializing structs with named fields
  --> test/SineV3SmallReserveFixtures.sol:11:16
   |
11 |         r[0] = Row(518840888888888888888888, 32427555555555555555555, 1, 1000000000, 7099749292242);
   |                ^^^^^^^^^^^^^^^^^^^^^^^^^^^^^^^^^^^^^^^^^^^^^^^^^^^^^^^^^^^^^^^^^^^^^^^^^^^^^^^^^^^^ help: consider using named fields: `Row({ boot: 518840888888888888888888, wavelength: 32427555555555555555555, reserve: 1, price: 1000000000, expected: 7099749292242 })`
   |
   = help: https://book.getfoundry.sh/reference/forge/forge-lint#named-struct-fields

note[named-struct-fields]: prefer initializing structs with named fields
  --> test/SineV3SmallReserveFixtures.sol:12:16
   |
12 |         r[1] = Row(518840888888888888888888, 32427555555555555555555, 2, 1000000000, 14199498584485);
   |                ^^^^^^^^^^^^^^^^^^^^^^^^^^^^^^^^^^^^^^^^^^^^^^^^^^^^^^^^^^^^^^^^^^^^^^^^^^^^^^^^^^^^^ help: consider using named fields: `Row({ boot: 518840888888888888888888, wavelength: 32427555555555555555555, reserve: 2, price: 1000000000, expected: 14199498584485 })`
   |
   = help: https://book.getfoundry.sh/reference/forge/forge-lint#named-struct-fields

note[named-struct-fields]: prefer initializing structs with named fields
  --> test/SineV3SmallReserveFixtures.sol:13:16
   |
13 |         r[2] = Row(518840888888888888888888, 32427555555555555555555, 1000000, 1000000000, 7099749292242794946);
   |                ^^^^^^^^^^^^^^^^^^^^^^^^^^^^^^^^^^^^^^^^^^^^^^^^^^^^^^^^^^^^^^^^^^^^^^^^^^^^^^^^^^^^^^^^^^^^^^^^ help: consider using named fields: `Row({ boot: 518840888888888888888888, wavelength: 32427555555555555555555, reserve: 1000000, price: 1000000000, expected: 7099749292242794946 })`
   |
   = help: https://book.getfoundry.sh/reference/forge/forge-lint#named-struct-fields

note[named-struct-fields]: prefer initializing structs with named fields
  --> test/SineV3SmallReserveFixtures.sol:14:16
   |
14 |         r[3] = Row(518840888888888888888888, 32427555555555555555555, 1000000000000, 1000000000, 7099749292242794946422362);
   |                ^^^^^^^^^^^^^^^^^^^^^^^^^^^^^^^^^^^^^^^^^^^^^^^^^^^^^^^^^^^^^^^^^^^^^^^^^^^^^^^^^^^^^^^^^^^^^^^^^^^^^^^^^^^^ help: consider using named fields: `Row({ boot: 518840888888888888888888, wavelength: 32427555555555555555555, reserve: 1000000000000, price: 1000000000, expected: 7099749292242794946422362 })`
   |
   = help: https://book.getfoundry.sh/reference/forge/forge-lint#named-struct-fields

note[named-struct-fields]: prefer initializing structs with named fields
  --> test/SineV3SmallReserveFixtures.sol:15:16
   |
15 |         r[4] = Row(518840888888888888888888, 32427555555555555555555, 1000000000000000, 1000000000, 7099749292242794946422264618);
   |                ^^^^^^^^^^^^^^^^^^^^^^^^^^^^^^^^^^^^^^^^^^^^^^^^^^^^^^^^^^^^^^^^^^^^^^^^^^^^^^^^^^^^^^^^^^^^^^^^^^^^^^^^^^^^^^^^^^ help: consider using named fields: `Row({ boot: 518840888888888888888888, wavelength: 32427555555555555555555, reserve: 1000000000000000, price: 1000000000, expected: 7099749292242794946422264618 })`
   |
   = help: https://book.getfoundry.sh/reference/forge/forge-lint#named-struct-fields

note[named-struct-fields]: prefer initializing structs with named fields
  --> test/SineV3SmallReserveFixtures.sol:16:16
   |
16 |         r[5] = Row(518840888888888888888888, 32427555555555555555555, 1, 75000000000000, 94663323);
   |                ^^^^^^^^^^^^^^^^^^^^^^^^^^^^^^^^^^^^^^^^^^^^^^^^^^^^^^^^^^^^^^^^^^^^^^^^^^^^^^^^^^^ help: consider using named fields: `Row({ boot: 518840888888888888888888, wavelength: 32427555555555555555555, reserve: 1, price: 75000000000000, expected: 94663323 })`
   |
   = help: https://book.getfoundry.sh/reference/forge/forge-lint#named-struct-fields

note[named-struct-fields]: prefer initializing structs with named fields
  --> test/SineV3SmallReserveFixtures.sol:17:16
   |
17 |         r[6] = Row(518840888888888888888888, 32427555555555555555555, 2, 75000000000000, 189326647);
   |                ^^^^^^^^^^^^^^^^^^^^^^^^^^^^^^^^^^^^^^^^^^^^^^^^^^^^^^^^^^^^^^^^^^^^^^^^^^^^^^^^^^^^ help: consider using named fields: `Row({ boot: 518840888888888888888888, wavelength: 32427555555555555555555, reserve: 2, price: 75000000000000, expected: 189326647 })`
   |
   = help: https://book.getfoundry.sh/reference/forge/forge-lint#named-struct-fields

note[named-struct-fields]: prefer initializing structs with named fields
  --> test/SineV3SmallReserveFixtures.sol:18:16
   |
18 |         r[7] = Row(518840888888888888888888, 32427555555555555555555, 1000000, 75000000000000, 94663323896570);
   |                ^^^^^^^^^^^^^^^^^^^^^^^^^^^^^^^^^^^^^^^^^^^^^^^^^^^^^^^^^^^^^^^^^^^^^^^^^^^^^^^^^^^^^^^^^^^^^^^ help: consider using named fields: `Row({ boot: 518840888888888888888888, wavelength: 32427555555555555555555, reserve: 1000000, price: 75000000000000, expected: 94663323896570 })`
   |
   = help: https://book.getfoundry.sh/reference/forge/forge-lint#named-struct-fields

note[named-struct-fields]: prefer initializing structs with named fields
  --> test/SineV3SmallReserveFixtures.sol:19:16
   |
19 |         r[8] = Row(518840888888888888888888, 32427555555555555555555, 1000000000000, 75000000000000, 94663323896570599285);
   |                ^^^^^^^^^^^^^^^^^^^^^^^^^^^^^^^^^^^^^^^^^^^^^^^^^^^^^^^^^^^^^^^^^^^^^^^^^^^^^^^^^^^^^^^^^^^^^^^^^^^^^^^^^^^ help: consider using named fields: `Row({ boot: 518840888888888888888888, wavelength: 32427555555555555555555, reserve: 1000000000000, price: 75000000000000, expected: 94663323896570599285 })`
   |
   = help: https://book.getfoundry.sh/reference/forge/forge-lint#named-struct-fields

note[named-struct-fields]: prefer initializing structs with named fields
  --> test/SineV3SmallReserveFixtures.sol:20:16
   |
20 |         r[9] = Row(518840888888888888888888, 32427555555555555555555, 1000000000000000, 75000000000000, 94663323896570599285630);
   |                ^^^^^^^^^^^^^^^^^^^^^^^^^^^^^^^^^^^^^^^^^^^^^^^^^^^^^^^^^^^^^^^^^^^^^^^^^^^^^^^^^^^^^^^^^^^^^^^^^^^^^^^^^^^^^^^^^ help: consider using named fields: `Row({ boot: 518840888888888888888888, wavelength: 32427555555555555555555, reserve: 1000000000000000, price: 75000000000000, expected: 94663323896570599285630 })`
   |
   = help: https://book.getfoundry.sh/reference/forge/forge-lint#named-struct-fields

note[mixed-case-variable]: mutable variables should use mixedCase
   --> test/wave2/auditorB/B7_Supplemental.t.sol:208:17
    |
208 |         uint256 hookPSP = psp.balanceOf(address(hook));
    |                 ^^^^^^^ help: consider using: `hookPsp`
    |
    = help: https://book.getfoundry.sh/reference/forge/forge-lint#mixed-case-variable

note[screaming-snake-case-immutable]: immutables should use SCREAMING_SNAKE_CASE
   --> test/wave2/auditorB/B7_Supplemental.t.sol:276:35
    |
276 |     IPoolManager public immutable pm;
    |                                   ^^ help: consider using: `PM`
    |
    = help: https://book.getfoundry.sh/reference/forge/forge-lint#screaming-snake-case-immutable

note[screaming-snake-case-immutable]: immutables should use SCREAMING_SNAKE_CASE
   --> test/wave2/auditorB/B7_Supplemental.t.sol:277:30
    |
277 |     address public immutable mix;
    |                              ^^^ help: consider using: `MIX`
    |
    = help: https://book.getfoundry.sh/reference/forge/forge-lint#screaming-snake-case-immutable

note[mixed-case-function]: function names should use mixedCase
   --> test/wave2/auditorB/B7_Supplemental.t.sol:284:14
    |
284 |     function swapEO(PoolKey calldata key, int256 amt, bool asBuy) external returns (uint256) {
    |              ^^^^^^ help: consider using: `swapEo`
    |
    = help: https://book.getfoundry.sh/reference/forge/forge-lint#mixed-case-function

note[mixed-case-function]: function names should use mixedCase
  --> test/dinosat/SineV3PrimitiveSymbolic.t.sol:54:14
   |
54 |     function check_cell_monotone_0(uint256 r) public view {
   |              ^^^^^^^^^^^^^^^^^^^^^ help: consider using: `checkCellMonotone0`
   |
   = help: https://book.getfoundry.sh/reference/forge/forge-lint#mixed-case-function

note[mixed-case-function]: function names should use mixedCase
  --> test/dinosat/SineV3PrimitiveSymbolic.t.sol:59:14
   |
59 |     function check_cell_monotone_500(uint256 r) public view {
   |              ^^^^^^^^^^^^^^^^^^^^^^^ help: consider using: `checkCellMonotone500`
   |
   = help: https://book.getfoundry.sh/reference/forge/forge-lint#mixed-case-function

warning[erc20-unchecked-transfer]: ERC20 'transfer' and 'transferFrom' calls should check the return value
  --> test/ReinvestAttribution.t.sol:37:9
   |
37 |         mixETH.transfer(alice, 2e18);
   |         ^^^^^^^^^^^^^^^^^^^^^^^^^^^^
   |
   = help: https://book.getfoundry.sh/reference/forge/forge-lint#erc20-unchecked-transfer

warning[erc20-unchecked-transfer]: ERC20 'transfer' and 'transferFrom' calls should check the return value
  --> test/ReinvestAttribution.t.sol:55:9
   |
55 |         pspToken.transfer(address(reinvestor), 1001);
   |         ^^^^^^^^^^^^^^^^^^^^^^^^^^^^^^^^^^^^^^^^^^^^
   |
   = help: https://book.getfoundry.sh/reference/forge/forge-lint#erc20-unchecked-transfer

warning[erc20-unchecked-transfer]: ERC20 'transfer' and 'transferFrom' calls should check the return value
   --> test/ReinvestAttribution.t.sol:155:13
    |
155 |             pspToken.transfer(bob, extra);
    |             ^^^^^^^^^^^^^^^^^^^^^^^^^^^^^
    |
    = help: https://book.getfoundry.sh/reference/forge/forge-lint#erc20-unchecked-transfer

warning[erc20-unchecked-transfer]: ERC20 'transfer' and 'transferFrom' calls should check the return value
   --> test/ReinvestAttribution.t.sol:247:9
    |
247 |         mixETH.transfer(operator, 1e18);
    |         ^^^^^^^^^^^^^^^^^^^^^^^^^^^^^^^
    |
    = help: https://book.getfoundry.sh/reference/forge/forge-lint#erc20-unchecked-transfer

note[screaming-snake-case-immutable]: immutables should use SCREAMING_SNAKE_CASE
  --> test/unit/FeeImmediacy.t.sol:22:30
   |
22 |     IERC20 private immutable mix;
   |                              ^^^ help: consider using: `MIX`
   |
   = help: https://book.getfoundry.sh/reference/forge/forge-lint#screaming-snake-case-immutable

note[screaming-snake-case-immutable]: immutables should use SCREAMING_SNAKE_CASE
  --> test/unit/FeeImmediacy.t.sol:23:33
   |
23 |     PSPStaker private immutable staking;
   |                                 ^^^^^^^ help: consider using: `STAKING`
   |
   = help: https://book.getfoundry.sh/reference/forge/forge-lint#screaming-snake-case-immutable

note[screaming-snake-case-immutable]: immutables should use SCREAMING_SNAKE_CASE
  --> test/unit/FeeImmediacy.t.sol:24:31
   |
24 |     address private immutable from;
   |                               ^^^^ help: consider using: `FROM`
   |
   = help: https://book.getfoundry.sh/reference/forge/forge-lint#screaming-snake-case-immutable

note[screaming-snake-case-immutable]: immutables should use SCREAMING_SNAKE_CASE
  --> test/unit/FeeImmediacy.t.sol:25:31
   |
25 |     address private immutable to;
   |                               ^^ help: consider using: `TO`
   |
   = help: https://book.getfoundry.sh/reference/forge/forge-lint#screaming-snake-case-immutable

note[mixed-case-variable]: mutable variables should use mixedCase
  --> test/unit/FeeImmediacy.t.sol:56:16
   |
56 |     MockMixETH mixETH;
   |                ^^^^^^ help: consider using: `mixEth`
   |
   = help: https://book.getfoundry.sh/reference/forge/forge-lint#mixed-case-variable

note[mixed-case-function]: function names should use mixedCase
   --> src/PepeDescriptor8Bit.sol:191:14
    |
191 |     function renderSVG(uint256 dna) public pure returns (string memory) {
    |              ^^^^^^^^^ help: consider using: `renderSvg`
    |
    = help: https://book.getfoundry.sh/reference/forge/forge-lint#mixed-case-function

note[mixed-case-variable]: mutable variables should use mixedCase
  --> src/PSPGraveZap.sol:49:25
   |
49 |     constructor(address _mixETH) {
   |                         ^^^^^^^ help: consider using: `_mixEth`
   |
   = help: https://book.getfoundry.sh/reference/forge/forge-lint#mixed-case-variable

warning[unsafe-typecast]: typecasts that can truncate values should be checked
  --> test/unit/FeeImmediacy.t.sol:30:26
   |
30 |         blocked = !ok && bytes4(reason) == bytes4(keccak256("ReentrancyGuardReentrantCall()"));
   |                          ^^^^^^^^^^^^^^
   |
   = note: consider disabling this lint if you're certain the cast is safe
           
           // casting to 'bytes4' is safe because [explain why]
           // forge-lint: disable-next-line(unsafe-typecast)
           
           
   = help: https://book.getfoundry.sh/reference/forge/forge-lint#unsafe-typecast

warning[erc20-unchecked-transfer]: ERC20 'transfer' and 'transferFrom' calls should check the return value
  --> test/unit/FeeImmediacy.t.sol:31:9
   |
31 |         mix.transfer(recipient, amount);
   |         ^^^^^^^^^^^^^^^^^^^^^^^^^^^^^^^
   |
   = help: https://book.getfoundry.sh/reference/forge/forge-lint#erc20-unchecked-transfer

note[mixed-case-variable]: mutable variables should use mixedCase
   --> src/PepeDescriptor8Bit.sol:306:17
    |
306 |         bytes16 HEX = "0123456789ABCDEF";
    |                 ^^^ help: consider using: `hex`
    |
    = help: https://book.getfoundry.sh/reference/forge/forge-lint#mixed-case-variable

warning[erc20-unchecked-transfer]: ERC20 'transfer' and 'transferFrom' calls should check the return value
  --> test/LadderEconomics.t.sol:37:9
   |
37 |         mixETH.transfer(bob, 1e18);
   |         ^^^^^^^^^^^^^^^^^^^^^^^^^^
   |
   = help: https://book.getfoundry.sh/reference/forge/forge-lint#erc20-unchecked-transfer

note[named-struct-fields]: prefer initializing structs with named fields
  --> test/SineV3SmallReserveFixtures.sol:21:17
   |
21 |         r[10] = Row(518840888888888888888888, 32427555555555555555555, 1, 1000000000000000000, 7099);
   |                 ^^^^^^^^^^^^^^^^^^^^^^^^^^^^^^^^^^^^^^^^^^^^^^^^^^^^^^^^^^^^^^^^^^^^^^^^^^^^^^^^^^^^ help: consider using named fields: `Row({ boot: 518840888888888888888888, wavelength: 32427555555555555555555, reserve: 1, price: 1000000000000000000, expected: 7099 })`
   |
   = help: https://book.getfoundry.sh/reference/forge/forge-lint#named-struct-fields

note[named-struct-fields]: prefer initializing structs with named fields
  --> test/SineV3SmallReserveFixtures.sol:22:17
   |
22 |         r[11] = Row(518840888888888888888888, 32427555555555555555555, 2, 1000000000000000000, 14199);
   |                 ^^^^^^^^^^^^^^^^^^^^^^^^^^^^^^^^^^^^^^^^^^^^^^^^^^^^^^^^^^^^^^^^^^^^^^^^^^^^^^^^^^^^^ help: consider using named fields: `Row({ boot: 518840888888888888888888, wavelength: 32427555555555555555555, reserve: 2, price: 1000000000000000000, expected: 14199 })`
   |
   = help: https://book.getfoundry.sh/reference/forge/forge-lint#named-struct-fields

note[named-struct-fields]: prefer initializing structs with named fields
  --> test/SineV3SmallReserveFixtures.sol:23:17
   |
23 |         r[12] = Row(518840888888888888888888, 32427555555555555555555, 1000000, 1000000000000000000, 7099749292);
   |                 ^^^^^^^^^^^^^^^^^^^^^^^^^^^^^^^^^^^^^^^^^^^^^^^^^^^^^^^^^^^^^^^^^^^^^^^^^^^^^^^^^^^^^^^^^^^^^^^^ help: consider using named fields: `Row({ boot: 518840888888888888888888, wavelength: 32427555555555555555555, reserve: 1000000, price: 1000000000000000000, expected: 7099749292 })`
   |
   = help: https://book.getfoundry.sh/reference/forge/forge-lint#named-struct-fields

note[named-struct-fields]: prefer initializing structs with named fields
  --> test/SineV3SmallReserveFixtures.sol:24:17
   |
24 |         r[13] = Row(518840888888888888888888, 32427555555555555555555, 1000000000000, 1000000000000000000, 7099749292242794);
   |                 ^^^^^^^^^^^^^^^^^^^^^^^^^^^^^^^^^^^^^^^^^^^^^^^^^^^^^^^^^^^^^^^^^^^^^^^^^^^^^^^^^^^^^^^^^^^^^^^^^^^^^^^^^^^^ help: consider using named fields: `Row({ boot: 518840888888888888888888, wavelength: 32427555555555555555555, reserve: 1000000000000, price: 1000000000000000000, expected: 7099749292242794 })`
   |
   = help: https://book.getfoundry.sh/reference/forge/forge-lint#named-struct-fields

note[named-struct-fields]: prefer initializing structs with named fields
  --> test/SineV3SmallReserveFixtures.sol:25:17
   |
25 |         r[14] = Row(518840888888888888888888, 32427555555555555555555, 1000000000000000, 1000000000000000000, 7099749292242794946);
   |                 ^^^^^^^^^^^^^^^^^^^^^^^^^^^^^^^^^^^^^^^^^^^^^^^^^^^^^^^^^^^^^^^^^^^^^^^^^^^^^^^^^^^^^^^^^^^^^^^^^^^^^^^^^^^^^^^^^^ help: consider using named fields: `Row({ boot: 518840888888888888888888, wavelength: 32427555555555555555555, reserve: 1000000000000000, price: 1000000000000000000, expected: 7099749292242794946 })`
   |
   = help: https://book.getfoundry.sh/reference/forge/forge-lint#named-struct-fields

note[named-struct-fields]: prefer initializing structs with named fields
  --> test/SineV3SmallReserveFixtures.sol:26:17
   |
26 |         r[15] = Row(543114738272222222222222, 33177442777777777777777, 1, 1000000000, 7629101575907);
   |                 ^^^^^^^^^^^^^^^^^^^^^^^^^^^^^^^^^^^^^^^^^^^^^^^^^^^^^^^^^^^^^^^^^^^^^^^^^^^^^^^^^^^^ help: consider using named fields: `Row({ boot: 543114738272222222222222, wavelength: 33177442777777777777777, reserve: 1, price: 1000000000, expected: 7629101575907 })`
   |
   = help: https://book.getfoundry.sh/reference/forge/forge-lint#named-struct-fields

note[named-struct-fields]: prefer initializing structs with named fields
  --> test/SineV3SmallReserveFixtures.sol:27:17
   |
27 |         r[16] = Row(543114738272222222222222, 33177442777777777777777, 2, 1000000000, 15258203151814);
   |                 ^^^^^^^^^^^^^^^^^^^^^^^^^^^^^^^^^^^^^^^^^^^^^^^^^^^^^^^^^^^^^^^^^^^^^^^^^^^^^^^^^^^^^ help: consider using named fields: `Row({ boot: 543114738272222222222222, wavelength: 33177442777777777777777, reserve: 2, price: 1000000000, expected: 15258203151814 })`
   |
   = help: https://book.getfoundry.sh/reference/forge/forge-lint#named-struct-fields

note[named-struct-fields]: prefer initializing structs with named fields
  --> test/SineV3SmallReserveFixtures.sol:28:17
   |
28 |         r[17] = Row(543114738272222222222222, 33177442777777777777777, 1000000, 1000000000, 7629101575907313751);
   |                 ^^^^^^^^^^^^^^^^^^^^^^^^^^^^^^^^^^^^^^^^^^^^^^^^^^^^^^^^^^^^^^^^^^^^^^^^^^^^^^^^^^^^^^^^^^^^^^^^ help: consider using named fields: `Row({ boot: 543114738272222222222222, wavelength: 33177442777777777777777, reserve: 1000000, price: 1000000000, expected: 7629101575907313751 })`
   |
   = help: https://book.getfoundry.sh/reference/forge/forge-lint#named-struct-fields

note[named-struct-fields]: prefer initializing structs with named fields
  --> test/SineV3SmallReserveFixtures.sol:29:17
   |
29 |         r[18] = Row(543114738272222222222222, 33177442777777777777777, 1000000000000, 1000000000, 7629101575852746550511350);
   |                 ^^^^^^^^^^^^^^^^^^^^^^^^^^^^^^^^^^^^^^^^^^^^^^^^^^^^^^^^^^^^^^^^^^^^^^^^^^^^^^^^^^^^^^^^^^^^^^^^^^^^^^^^^^^^ help: consider using named fields: `Row({ boot: 543114738272222222222222, wavelength: 33177442777777777777777, reserve: 1000000000000, price: 1000000000, expected: 7629101575852746550511350 })`
   |
   = help: https://book.getfoundry.sh/reference/forge/forge-lint#named-struct-fields

note[named-struct-fields]: prefer initializing structs with named fields
  --> test/SineV3SmallReserveFixtures.sol:30:17
   |
30 |         r[19] = Row(543114738272222222222222, 33177442777777777777777, 1000000000000000, 1000000000, 7629101521340060146627238315);
   |                 ^^^^^^^^^^^^^^^^^^^^^^^^^^^^^^^^^^^^^^^^^^^^^^^^^^^^^^^^^^^^^^^^^^^^^^^^^^^^^^^^^^^^^^^^^^^^^^^^^^^^^^^^^^^^^^^^^^ help: consider using named fields: `Row({ boot: 543114738272222222222222, wavelength: 33177442777777777777777, reserve: 1000000000000000, price: 1000000000, expected: 7629101521340060146627238315 })`
   |
   = help: https://book.getfoundry.sh/reference/forge/forge-lint#named-struct-fields

note[named-struct-fields]: prefer initializing structs with named fields
  --> test/SineV3SmallReserveFixtures.sol:31:17
   |
31 |         r[20] = Row(543114738272222222222222, 33177442777777777777777, 1, 75000000000000, 101721354);
   |                 ^^^^^^^^^^^^^^^^^^^^^^^^^^^^^^^^^^^^^^^^^^^^^^^^^^^^^^^^^^^^^^^^^^^^^^^^^^^^^^^^^^^^ help: consider using named fields: `Row({ boot: 543114738272222222222222, wavelength: 33177442777777777777777, reserve: 1, price: 75000000000000, expected: 101721354 })`
   |
   = help: https://book.getfoundry.sh/reference/forge/forge-lint#named-struct-fields

note[named-struct-fields]: prefer initializing structs with named fields
  --> test/SineV3SmallReserveFixtures.sol:32:17
   |
32 |         r[21] = Row(543114738272222222222222, 33177442777777777777777, 2, 75000000000000, 203442708);
   |                 ^^^^^^^^^^^^^^^^^^^^^^^^^^^^^^^^^^^^^^^^^^^^^^^^^^^^^^^^^^^^^^^^^^^^^^^^^^^^^^^^^^^^ help: consider using named fields: `Row({ boot: 543114738272222222222222, wavelength: 33177442777777777777777, reserve: 2, price: 75000000000000, expected: 203442708 })`
   |
   = help: https://book.getfoundry.sh/reference/forge/forge-lint#named-struct-fields

note[named-struct-fields]: prefer initializing structs with named fields
  --> test/SineV3SmallReserveFixtures.sol:33:17
   |
33 |         r[22] = Row(543114738272222222222222, 33177442777777777777777, 1000000, 75000000000000, 101721354345430);
   |                 ^^^^^^^^^^^^^^^^^^^^^^^^^^^^^^^^^^^^^^^^^^^^^^^^^^^^^^^^^^^^^^^^^^^^^^^^^^^^^^^^^^^^^^^^^^^^^^^^ help: consider using named fields: `Row({ boot: 543114738272222222222222, wavelength: 33177442777777777777777, reserve: 1000000, price: 75000000000000, expected: 101721354345430 })`
   |
   = help: https://book.getfoundry.sh/reference/forge/forge-lint#named-struct-fields

note[named-struct-fields]: prefer initializing structs with named fields
  --> test/SineV3SmallReserveFixtures.sol:34:17
   |
34 |         r[23] = Row(543114738272222222222222, 33177442777777777777777, 1000000000000, 75000000000000, 101721354344703287340);
   |                 ^^^^^^^^^^^^^^^^^^^^^^^^^^^^^^^^^^^^^^^^^^^^^^^^^^^^^^^^^^^^^^^^^^^^^^^^^^^^^^^^^^^^^^^^^^^^^^^^^^^^^^^^^^^^ help: consider using named fields: `Row({ boot: 543114738272222222222222, wavelength: 33177442777777777777777, reserve: 1000000000000, price: 75000000000000, expected: 101721354344703287340 })`
   |
   = help: https://book.getfoundry.sh/reference/forge/forge-lint#named-struct-fields

note[named-struct-fields]: prefer initializing structs with named fields
  --> test/SineV3SmallReserveFixtures.sol:35:17
   |
35 |         r[24] = Row(543114738272222222222222, 33177442777777777777777, 1000000000000000, 75000000000000, 101721353617867468621696);
   |                 ^^^^^^^^^^^^^^^^^^^^^^^^^^^^^^^^^^^^^^^^^^^^^^^^^^^^^^^^^^^^^^^^^^^^^^^^^^^^^^^^^^^^^^^^^^^^^^^^^^^^^^^^^^^^^^^^^^ help: consider using named fields: `Row({ boot: 543114738272222222222222, wavelength: 33177442777777777777777, reserve: 1000000000000000, price: 75000000000000, expected: 101721353617867468621696 })`
   |
   = help: https://book.getfoundry.sh/reference/forge/forge-lint#named-struct-fields

note[named-struct-fields]: prefer initializing structs with named fields
  --> test/SineV3SmallReserveFixtures.sol:36:17
   |
36 |         r[25] = Row(543114738272222222222222, 33177442777777777777777, 1, 1000000000000000000, 7629);
   |                 ^^^^^^^^^^^^^^^^^^^^^^^^^^^^^^^^^^^^^^^^^^^^^^^^^^^^^^^^^^^^^^^^^^^^^^^^^^^^^^^^^^^^ help: consider using named fields: `Row({ boot: 543114738272222222222222, wavelength: 33177442777777777777777, reserve: 1, price: 1000000000000000000, expected: 7629 })`
   |
   = help: https://book.getfoundry.sh/reference/forge/forge-lint#named-struct-fields

warning[erc20-unchecked-transfer]: ERC20 'transfer' and 'transferFrom' calls should check the return value
  --> test/unit/FeeImmediacy.t.sol:87:9
   |
87 |         mixETH.transfer(address(hook), 500e18);
   |         ^^^^^^^^^^^^^^^^^^^^^^^^^^^^^^^^^^^^^^
   |
   = help: https://book.getfoundry.sh/reference/forge/forge-lint#erc20-unchecked-transfer

warning[erc20-unchecked-transfer]: ERC20 'transfer' and 'transferFrom' calls should check the return value
   --> test/unit/FeeImmediacy.t.sol:356:9
    |
356 |         mixETH.transfer(address(hook), 100e18);
    |         ^^^^^^^^^^^^^^^^^^^^^^^^^^^^^^^^^^^^^^
    |
    = help: https://book.getfoundry.sh/reference/forge/forge-lint#erc20-unchecked-transfer

warning[erc20-unchecked-transfer]: ERC20 'transfer' and 'transferFrom' calls should check the return value
   --> test/unit/FeeImmediacy.t.sol:411:9
    |
411 |         mixETH.transfer(address(callback), 100e18);
    |         ^^^^^^^^^^^^^^^^^^^^^^^^^^^^^^^^^^^^^^^^^^
    |
    = help: https://book.getfoundry.sh/reference/forge/forge-lint#erc20-unchecked-transfer

note[unused-import]: unused imports should be removed
 --> test/wave2/auditorB/B7_Supplemental.t.sol:4:16
  |
4 | import {BBase, BRouter, HookProbe} from "./BBase.sol";
  |                ^^^^^^^
  |
  = help: https://book.getfoundry.sh/reference/forge/forge-lint#unused-import

note[unused-import]: unused imports should be removed
 --> test/wave2/auditorB/B7_Supplemental.t.sol:4:25
  |
4 | import {BBase, BRouter, HookProbe} from "./BBase.sol";
  |                         ^^^^^^^^^
  |
  = help: https://book.getfoundry.sh/reference/forge/forge-lint#unused-import

warning[erc20-unchecked-transfer]: ERC20 'transfer' and 'transferFrom' calls should check the return value
   --> test/wave2/auditorB/B7_Supplemental.t.sol:184:9
    |
184 |         mixETH.transfer(address(hook), 5e18);
    |         ^^^^^^^^^^^^^^^^^^^^^^^^^^^^^^^^^^^^
    |
    = help: https://book.getfoundry.sh/reference/forge/forge-lint#erc20-unchecked-transfer

warning[erc20-unchecked-transfer]: ERC20 'transfer' and 'transferFrom' calls should check the return value
   --> test/wave2/auditorB/B7_Supplemental.t.sol:207:9
    |
207 |         psp.transfer(address(hook), pspOut);
    |         ^^^^^^^^^^^^^^^^^^^^^^^^^^^^^^^^^^^
    |
    = help: https://book.getfoundry.sh/reference/forge/forge-lint#erc20-unchecked-transfer

note[mixed-case-function]: function names should use mixedCase
  --> test/dinosat/SineV3PrimitiveSymbolic.t.sol:64:14
   |
64 |     function check_cell_monotone_708(uint256 r) public view {
   |              ^^^^^^^^^^^^^^^^^^^^^^^ help: consider using: `checkCellMonotone708`
   |
   = help: https://book.getfoundry.sh/reference/forge/forge-lint#mixed-case-function

note[mixed-case-function]: function names should use mixedCase
  --> test/dinosat/SineV3PrimitiveSymbolic.t.sol:69:14
   |
69 |     function check_cell_monotone_710(uint256 r) public view {
   |              ^^^^^^^^^^^^^^^^^^^^^^^ help: consider using: `checkCellMonotone710`
   |
   = help: https://book.getfoundry.sh/reference/forge/forge-lint#mixed-case-function

note[mixed-case-function]: function names should use mixedCase
  --> test/dinosat/SineV3PrimitiveSymbolic.t.sol:74:14
   |
74 |     function check_cell_monotone_711(uint256 r) public view {
   |              ^^^^^^^^^^^^^^^^^^^^^^^ help: consider using: `checkCellMonotone711`
   |
   = help: https://book.getfoundry.sh/reference/forge/forge-lint#mixed-case-function

note[mixed-case-function]: function names should use mixedCase
  --> test/dinosat/SineV3PrimitiveSymbolic.t.sol:84:14
   |
84 |     function check_cell_monotone_712(uint256 r) public view {
   |              ^^^^^^^^^^^^^^^^^^^^^^^ help: consider using: `checkCellMonotone712`
   |
   = help: https://book.getfoundry.sh/reference/forge/forge-lint#mixed-case-function

note[mixed-case-function]: function names should use mixedCase
  --> test/RealV4Lifecycle.t.sol:38:14
   |
38 |     function createMixETH() internal virtual returns (MockMixETH) { return new MockMixETH(); }
   |              ^^^^^^^^^^^^ help: consider using: `createMixEth`
   |
   = help: https://book.getfoundry.sh/reference/forge/forge-lint#mixed-case-function

note[mixed-case-variable]: mutable variables should use mixedCase
  --> test/RealV4Lifecycle.t.sol:40:16
   |
40 |     MockMixETH mixETH;
   |                ^^^^^^ help: consider using: `mixEth`
   |
   = help: https://book.getfoundry.sh/reference/forge/forge-lint#mixed-case-variable

note[named-struct-fields]: prefer initializing structs with named fields
  --> test/SineV3SmallReserveFixtures.sol:37:17
   |
37 |         r[26] = Row(543114738272222222222222, 33177442777777777777777, 2, 1000000000000000000, 15258);
   |                 ^^^^^^^^^^^^^^^^^^^^^^^^^^^^^^^^^^^^^^^^^^^^^^^^^^^^^^^^^^^^^^^^^^^^^^^^^^^^^^^^^^^^^ help: consider using named fields: `Row({ boot: 543114738272222222222222, wavelength: 33177442777777777777777, reserve: 2, price: 1000000000000000000, expected: 15258 })`
   |
   = help: https://book.getfoundry.sh/reference/forge/forge-lint#named-struct-fields

warning[unsafe-typecast]: typecasts that can truncate values should be checked
   --> test/GenesisPepe.t.sol:237:36
    |
237 |             address user = address(uint160(1 + seed % (type(uint160).max - 1)));
    |                                    ^^^^^^^^^^^^^^^^^^^^^^^^^^^^^^^^^^^^^^^^^^^
    |
    = note: consider disabling this lint if you're certain the cast is safe
            
            // casting to 'uint160' is safe because [explain why]
            // forge-lint: disable-next-line(unsafe-typecast)
            
            
    = help: https://book.getfoundry.sh/reference/forge/forge-lint#unsafe-typecast

note[mixed-case-function]: function names should use mixedCase
  --> test/dinosat/SineV3PrimitiveSymbolic.t.sol:89:14
   |
89 |     function check_cell_monotone_716(uint256 r) public view {
   |              ^^^^^^^^^^^^^^^^^^^^^^^ help: consider using: `checkCellMonotone716`
   |
   = help: https://book.getfoundry.sh/reference/forge/forge-lint#mixed-case-function

note[mixed-case-function]: function names should use mixedCase
  --> test/dinosat/SineV3PrimitiveSymbolic.t.sol:94:14
   |
94 |     function check_cell_monotone_1000(uint256 r) public view {
   |              ^^^^^^^^^^^^^^^^^^^^^^^^ help: consider using: `checkCellMonotone1000`
   |
   = help: https://book.getfoundry.sh/reference/forge/forge-lint#mixed-case-function

note[mixed-case-function]: function names should use mixedCase
  --> test/dinosat/SineV3PrimitiveSymbolic.t.sol:99:14
   |
99 |     function check_cell_terminal_plateau(uint256 r) public view {
   |              ^^^^^^^^^^^^^^^^^^^^^^^^^^^ help: consider using: `checkCellTerminalPlateau`
   |
   = help: https://book.getfoundry.sh/reference/forge/forge-lint#mixed-case-function

note[screaming-snake-case-immutable]: immutables should use SCREAMING_SNAKE_CASE
  --> src/SineV3Primitive.sol:15:31
   |
15 |     address private immutable _data0;
   |                               ^^^^^^ help: consider using: `_DATA0`
   |
   = help: https://book.getfoundry.sh/reference/forge/forge-lint#screaming-snake-case-immutable

note[screaming-snake-case-immutable]: immutables should use SCREAMING_SNAKE_CASE
  --> src/SineV3Primitive.sol:16:31
   |
16 |     address private immutable _data1;
   |                               ^^^^^^ help: consider using: `_DATA1`
   |
   = help: https://book.getfoundry.sh/reference/forge/forge-lint#screaming-snake-case-immutable

note[screaming-snake-case-immutable]: immutables should use SCREAMING_SNAKE_CASE
  --> src/SineV3Primitive.sol:17:31
   |
17 |     address private immutable _data2;
   |                               ^^^^^^ help: consider using: `_DATA2`
   |
   = help: https://book.getfoundry.sh/reference/forge/forge-lint#screaming-snake-case-immutable

note[screaming-snake-case-immutable]: immutables should use SCREAMING_SNAKE_CASE
  --> src/names/PSPRemoteNameGate.sol:18:30
   |
18 |     uint256 public immutable sourceChainId;
   |                              ^^^^^^^^^^^^^ help: consider using: `SOURCE_CHAIN_ID`
   |
   = help: https://book.getfoundry.sh/reference/forge/forge-lint#screaming-snake-case-immutable

note[screaming-snake-case-immutable]: immutables should use SCREAMING_SNAKE_CASE
  --> src/names/PSPRemoteNameGate.sol:19:30
   |
19 |     address public immutable factory;
   |                              ^^^^^^^ help: consider using: `FACTORY`
   |
   = help: https://book.getfoundry.sh/reference/forge/forge-lint#screaming-snake-case-immutable

note[mixed-case-variable]: mutable variables should use mixedCase
  --> test/SineFee.t.sol:44:16
   |
44 |     MockMixETH mixETH;
   |                ^^^^^^ help: consider using: `mixEth`
   |
   = help: https://book.getfoundry.sh/reference/forge/forge-lint#mixed-case-variable

note[named-struct-fields]: prefer initializing structs with named fields
  --> test/SineV3SmallReserveFixtures.sol:38:17
   |
38 |         r[27] = Row(543114738272222222222222, 33177442777777777777777, 1000000, 1000000000000000000, 7629101575);
   |                 ^^^^^^^^^^^^^^^^^^^^^^^^^^^^^^^^^^^^^^^^^^^^^^^^^^^^^^^^^^^^^^^^^^^^^^^^^^^^^^^^^^^^^^^^^^^^^^^^ help: consider using named fields: `Row({ boot: 543114738272222222222222, wavelength: 33177442777777777777777, reserve: 1000000, price: 1000000000000000000, expected: 7629101575 })`
   |
   = help: https://book.getfoundry.sh/reference/forge/forge-lint#named-struct-fields

note[named-struct-fields]: prefer initializing structs with named fields
  --> test/SineV3SmallReserveFixtures.sol:39:17
   |
39 |         r[28] = Row(543114738272222222222222, 33177442777777777777777, 1000000000000, 1000000000000000000, 7629101575852746);
   |                 ^^^^^^^^^^^^^^^^^^^^^^^^^^^^^^^^^^^^^^^^^^^^^^^^^^^^^^^^^^^^^^^^^^^^^^^^^^^^^^^^^^^^^^^^^^^^^^^^^^^^^^^^^^^^ help: consider using named fields: `Row({ boot: 543114738272222222222222, wavelength: 33177442777777777777777, reserve: 1000000000000, price: 1000000000000000000, expected: 7629101575852746 })`
   |
   = help: https://book.getfoundry.sh/reference/forge/forge-lint#named-struct-fields

note[named-struct-fields]: prefer initializing structs with named fields
  --> test/SineV3SmallReserveFixtures.sol:40:17
   |
40 |         r[29] = Row(543114738272222222222222, 33177442777777777777777, 1000000000000000, 1000000000000000000, 7629101521340060146);
   |                 ^^^^^^^^^^^^^^^^^^^^^^^^^^^^^^^^^^^^^^^^^^^^^^^^^^^^^^^^^^^^^^^^^^^^^^^^^^^^^^^^^^^^^^^^^^^^^^^^^^^^^^^^^^^^^^^^^^ help: consider using named fields: `Row({ boot: 543114738272222222222222, wavelength: 33177442777777777777777, reserve: 1000000000000000, price: 1000000000000000000, expected: 7629101521340060146 })`
   |
   = help: https://book.getfoundry.sh/reference/forge/forge-lint#named-struct-fields

note[named-struct-fields]: prefer initializing structs with named fields
  --> test/SineV3SmallReserveFixtures.sol:41:17
   |
41 |         r[30] = Row(585722722222222222222222, 34454277777777777777777, 1, 1000000000, 9385771861199);
   |                 ^^^^^^^^^^^^^^^^^^^^^^^^^^^^^^^^^^^^^^^^^^^^^^^^^^^^^^^^^^^^^^^^^^^^^^^^^^^^^^^^^^^^ help: consider using named fields: `Row({ boot: 585722722222222222222222, wavelength: 34454277777777777777777, reserve: 1, price: 1000000000, expected: 9385771861199 })`
   |
   = help: https://book.getfoundry.sh/reference/forge/forge-lint#named-struct-fields

note[named-struct-fields]: prefer initializing structs with named fields
  --> test/SineV3SmallReserveFixtures.sol:42:17
   |
42 |         r[31] = Row(585722722222222222222222, 34454277777777777777777, 2, 1000000000, 18771543722399);
   |                 ^^^^^^^^^^^^^^^^^^^^^^^^^^^^^^^^^^^^^^^^^^^^^^^^^^^^^^^^^^^^^^^^^^^^^^^^^^^^^^^^^^^^^ help: consider using named fields: `Row({ boot: 585722722222222222222222, wavelength: 34454277777777777777777, reserve: 2, price: 1000000000, expected: 18771543722399 })`
   |
   = help: https://book.getfoundry.sh/reference/forge/forge-lint#named-struct-fields

note[named-struct-fields]: prefer initializing structs with named fields
  --> test/SineV3SmallReserveFixtures.sol:43:17
   |
43 |         r[32] = Row(585722722222222222222222, 34454277777777777777777, 1000000, 1000000000, 9385771861199975695);
   |                 ^^^^^^^^^^^^^^^^^^^^^^^^^^^^^^^^^^^^^^^^^^^^^^^^^^^^^^^^^^^^^^^^^^^^^^^^^^^^^^^^^^^^^^^^^^^^^^^^ help: consider using named fields: `Row({ boot: 585722722222222222222222, wavelength: 34454277777777777777777, reserve: 1000000, price: 1000000000, expected: 9385771861199975695 })`
   |
   = help: https://book.getfoundry.sh/reference/forge/forge-lint#named-struct-fields

note[named-struct-fields]: prefer initializing structs with named fields
  --> test/SineV3SmallReserveFixtures.sol:44:17
   |
44 |         r[33] = Row(585722722222222222222222, 34454277777777777777777, 1000000000000, 1000000000, 9385771861199975695275557);
   |                 ^^^^^^^^^^^^^^^^^^^^^^^^^^^^^^^^^^^^^^^^^^^^^^^^^^^^^^^^^^^^^^^^^^^^^^^^^^^^^^^^^^^^^^^^^^^^^^^^^^^^^^^^^^^^ help: consider using named fields: `Row({ boot: 585722722222222222222222, wavelength: 34454277777777777777777, reserve: 1000000000000, price: 1000000000, expected: 9385771861199975695275557 })`
   |
   = help: https://book.getfoundry.sh/reference/forge/forge-lint#named-struct-fields

note[screaming-snake-case-immutable]: immutables should use SCREAMING_SNAKE_CASE
   --> test/SineFee.t.sol:308:35
    |
308 |     IPoolManager public immutable pm;
    |                                   ^^ help: consider using: `PM`
    |
    = help: https://book.getfoundry.sh/reference/forge/forge-lint#screaming-snake-case-immutable

note[screaming-snake-case-immutable]: immutables should use SCREAMING_SNAKE_CASE
   --> test/SineFee.t.sol:309:29
    |
309 |     IERC20 public immutable mix;
    |                             ^^^ help: consider using: `MIX`
    |
    = help: https://book.getfoundry.sh/reference/forge/forge-lint#screaming-snake-case-immutable

note[asm-keccak256]: use of inefficient hashing mechanism; consider using inline assembly
  --> src/names/PSPNameRegistrar.sol:65:16
   |
65 |         return keccak256(abi.encode(address(this), block.chainid, parentId, account, keccak256(bytes(label)), salt));
   |                ^^^^^^^^^^^^^^^^^^^^^^^^^^^^^^^^^^^^^^^^^^^^^^^^^^^^^^^^^^^^^^^^^^^^^^^^^^^^^^^^^^^^^^^^^^^^^^^^^^^^^
   |
   = help: https://book.getfoundry.sh/reference/forge/forge-lint#asm-keccak256

note[unused-import]: unused imports should be removed
 --> test/SineFee.t.sol:4:15
  |
4 | import {Test, console2} from "forge-std/Test.sol";
  |               ^^^^^^^^
  |
  = help: https://book.getfoundry.sh/reference/forge/forge-lint#unused-import

note[unused-import]: unused imports should be removed
  --> test/SineFee.t.sol:23:9
   |
23 | import {SineMath} from "../src/libraries/SineMath.sol";
   |         ^^^^^^^^
   |
   = help: https://book.getfoundry.sh/reference/forge/forge-lint#unused-import

note[mixed-case-function]: function names should use mixedCase
  --> test/ReferralRewards.t.sol:19:14
   |
19 |     function createMixETH() internal override returns (MockMixETH) { return new ReferralRewardsMix(); }
   |              ^^^^^^^^^^^^ help: consider using: `createMixEth`
   |
   = help: https://book.getfoundry.sh/reference/forge/forge-lint#mixed-case-function

note[named-struct-fields]: prefer initializing structs with named fields
  --> src/names/PSPNameRegistrar.sol:73:35
   |
73 |         commitments[msg.sender] = Commitment(hash, uint64(block.timestamp), parentEpoch, gateVersion);
   |                                   ^^^^^^^^^^^^^^^^^^^^^^^^^^^^^^^^^^^^^^^^^^^^^^^^^^^^^^^^^^^^^^^^^^^ help: consider using named fields: `Commitment({ hash: hash, createdAt: uint64(block.timestamp), epoch: parentEpoch, gateVersion: gateVersion })`
   |
   = help: https://book.getfoundry.sh/reference/forge/forge-lint#named-struct-fields

note[unused-import]: unused imports should be removed
 --> test/RealV4Lifecycle.t.sol:4:15
  |
4 | import {Test, console} from "forge-std/Test.sol";
  |               ^^^^^^^
  |
  = help: https://book.getfoundry.sh/reference/forge/forge-lint#unused-import

note[unused-import]: unused imports should be removed
  --> test/RealV4Lifecycle.t.sol:23:9
   |
23 | import {SineMath} from "../src/libraries/SineMath.sol";
   |         ^^^^^^^^
   |
   = help: https://book.getfoundry.sh/reference/forge/forge-lint#unused-import

warning[unsafe-typecast]: typecasts that can truncate values should be checked
  --> test/dinosat/SineV3PrimitiveSymbolic.t.sol:23:39
   |
23 |         if (left4 >= 0) return BOOT + uint256(left4) * LAM / 4;
   |                                       ^^^^^^^^^^^^^^
   |
   = note: consider disabling this lint if you're certain the cast is safe
           
           // casting to 'uint256' is safe because [explain why]
           // forge-lint: disable-next-line(unsafe-typecast)
           
           
   = help: https://book.getfoundry.sh/reference/forge/forge-lint#unsafe-typecast

warning[unsafe-typecast]: typecasts that can truncate values should be checked
  --> test/dinosat/SineV3PrimitiveSymbolic.t.sol:24:25
   |
24 |         uint256 back = (uint256(-left4) * LAM + 3) / 4; // divUp
   |                         ^^^^^^^^^^^^^^^
   |
   = note: consider disabling this lint if you're certain the cast is safe
           
           // casting to 'uint256' is safe because [explain why]
           // forge-lint: disable-next-line(unsafe-typecast)
           
           
   = help: https://book.getfoundry.sh/reference/forge/forge-lint#unsafe-typecast

note[named-struct-fields]: prefer initializing structs with named fields
  --> test/SineV3SmallReserveFixtures.sol:45:17
   |
45 |         r[34] = Row(585722722222222222222222, 34454277777777777777777, 1000000000000000, 1000000000, 9385771861199975695275454250);
   |                 ^^^^^^^^^^^^^^^^^^^^^^^^^^^^^^^^^^^^^^^^^^^^^^^^^^^^^^^^^^^^^^^^^^^^^^^^^^^^^^^^^^^^^^^^^^^^^^^^^^^^^^^^^^^^^^^^^^ help: consider using named fields: `Row({ boot: 585722722222222222222222, wavelength: 34454277777777777777777, reserve: 1000000000000000, price: 1000000000, expected: 9385771861199975695275454250 })`
   |
   = help: https://book.getfoundry.sh/reference/forge/forge-lint#named-struct-fields

note[named-struct-fields]: prefer initializing structs with named fields
  --> test/SineV3SmallReserveFixtures.sol:46:17
   |
46 |         r[35] = Row(585722722222222222222222, 34454277777777777777777, 1, 75000000000000, 125143624);
   |                 ^^^^^^^^^^^^^^^^^^^^^^^^^^^^^^^^^^^^^^^^^^^^^^^^^^^^^^^^^^^^^^^^^^^^^^^^^^^^^^^^^^^^ help: consider using named fields: `Row({ boot: 585722722222222222222222, wavelength: 34454277777777777777777, reserve: 1, price: 75000000000000, expected: 125143624 })`
   |
   = help: https://book.getfoundry.sh/reference/forge/forge-lint#named-struct-fields

note[named-struct-fields]: prefer initializing structs with named fields
  --> test/SineV3SmallReserveFixtures.sol:47:17
   |
47 |         r[36] = Row(585722722222222222222222, 34454277777777777777777, 2, 75000000000000, 250287249);
   |                 ^^^^^^^^^^^^^^^^^^^^^^^^^^^^^^^^^^^^^^^^^^^^^^^^^^^^^^^^^^^^^^^^^^^^^^^^^^^^^^^^^^^^ help: consider using named fields: `Row({ boot: 585722722222222222222222, wavelength: 34454277777777777777777, reserve: 2, price: 75000000000000, expected: 250287249 })`
   |
   = help: https://book.getfoundry.sh/reference/forge/forge-lint#named-struct-fields

note[named-struct-fields]: prefer initializing structs with named fields
  --> test/SineV3SmallReserveFixtures.sol:48:17
   |
48 |         r[37] = Row(585722722222222222222222, 34454277777777777777777, 1000000, 75000000000000, 125143624815999);
   |                 ^^^^^^^^^^^^^^^^^^^^^^^^^^^^^^^^^^^^^^^^^^^^^^^^^^^^^^^^^^^^^^^^^^^^^^^^^^^^^^^^^^^^^^^^^^^^^^^^ help: consider using named fields: `Row({ boot: 585722722222222222222222, wavelength: 34454277777777777777777, reserve: 1000000, price: 75000000000000, expected: 125143624815999 })`
   |
   = help: https://book.getfoundry.sh/reference/forge/forge-lint#named-struct-fields

note[named-struct-fields]: prefer initializing structs with named fields
  --> test/SineV3SmallReserveFixtures.sol:49:17
   |
49 |         r[38] = Row(585722722222222222222222, 34454277777777777777777, 1000000000000, 75000000000000, 125143624815999675937);
   |                 ^^^^^^^^^^^^^^^^^^^^^^^^^^^^^^^^^^^^^^^^^^^^^^^^^^^^^^^^^^^^^^^^^^^^^^^^^^^^^^^^^^^^^^^^^^^^^^^^^^^^^^^^^^^^ help: consider using named fields: `Row({ boot: 585722722222222222222222, wavelength: 34454277777777777777777, reserve: 1000000000000, price: 75000000000000, expected: 125143624815999675937 })`
   |
   = help: https://book.getfoundry.sh/reference/forge/forge-lint#named-struct-fields

note[named-struct-fields]: prefer initializing structs with named fields
  --> test/SineV3SmallReserveFixtures.sol:50:17
   |
50 |         r[39] = Row(585722722222222222222222, 34454277777777777777777, 1000000000000000, 75000000000000, 125143624815999675937006);
   |                 ^^^^^^^^^^^^^^^^^^^^^^^^^^^^^^^^^^^^^^^^^^^^^^^^^^^^^^^^^^^^^^^^^^^^^^^^^^^^^^^^^^^^^^^^^^^^^^^^^^^^^^^^^^^^^^^^^^ help: consider using named fields: `Row({ boot: 585722722222222222222222, wavelength: 34454277777777777777777, reserve: 1000000000000000, price: 75000000000000, expected: 125143624815999675937006 })`
   |
   = help: https://book.getfoundry.sh/reference/forge/forge-lint#named-struct-fields

note[named-struct-fields]: prefer initializing structs with named fields
  --> test/SineV3SmallReserveFixtures.sol:51:17
   |
51 |         r[40] = Row(585722722222222222222222, 34454277777777777777777, 1, 1000000000000000000, 9385);
   |                 ^^^^^^^^^^^^^^^^^^^^^^^^^^^^^^^^^^^^^^^^^^^^^^^^^^^^^^^^^^^^^^^^^^^^^^^^^^^^^^^^^^^^ help: consider using named fields: `Row({ boot: 585722722222222222222222, wavelength: 34454277777777777777777, reserve: 1, price: 1000000000000000000, expected: 9385 })`
   |
   = help: https://book.getfoundry.sh/reference/forge/forge-lint#named-struct-fields

note[screaming-snake-case-immutable]: immutables should use SCREAMING_SNAKE_CASE
  --> src/names/PSPNameCustody.sol:15:32
   |
15 |     IWeiNames public immutable names;
   |                                ^^^^^ help: consider using: `NAMES`
   |
   = help: https://book.getfoundry.sh/reference/forge/forge-lint#screaming-snake-case-immutable

note[screaming-snake-case-immutable]: immutables should use SCREAMING_SNAKE_CASE
  --> src/names/PSPNameCustody.sol:16:30
   |
16 |     uint256 public immutable parentId;
   |                              ^^^^^^^^ help: consider using: `PARENT_ID`
   |
   = help: https://book.getfoundry.sh/reference/forge/forge-lint#screaming-snake-case-immutable

note[screaming-snake-case-immutable]: immutables should use SCREAMING_SNAKE_CASE
  --> src/SineV3Primitive.sol:18:31
   |
18 |     address private immutable _data3;
   |                               ^^^^^^ help: consider using: `_DATA3`
   |
   = help: https://book.getfoundry.sh/reference/forge/forge-lint#screaming-snake-case-immutable

note[mixed-case-function]: function names should use mixedCase
 --> test/dinosat/VerificationSentinels.t.sol:9:14
  |
9 |     function check_false_assertion(uint256 x) public pure {
  |              ^^^^^^^^^^^^^^^^^^^^^ help: consider using: `checkFalseAssertion`
  |
  = help: https://book.getfoundry.sh/reference/forge/forge-lint#mixed-case-function

note[unused-import]: unused imports should be removed
  --> test/SineFee.t.sol:25:9
   |
25 | import {CBase, CSwapper} from "./wave2/auditorC/CBase.sol";
   |         ^^^^^
   |
   = help: https://book.getfoundry.sh/reference/forge/forge-lint#unused-import

warning[erc20-unchecked-transfer]: ERC20 'transfer' and 'transferFrom' calls should check the return value
  --> test/RealV4Lifecycle.t.sol:87:9
   |
87 |         mixETH.transfer(bob, 100e18);
   |         ^^^^^^^^^^^^^^^^^^^^^^^^^^^^
   |
   = help: https://book.getfoundry.sh/reference/forge/forge-lint#erc20-unchecked-transfer

warning[erc20-unchecked-transfer]: ERC20 'transfer' and 'transferFrom' calls should check the return value
   --> test/RealV4Lifecycle.t.sol:208:9
    |
208 |         mixETH.transfer(bob, 10e18);
    |         ^^^^^^^^^^^^^^^^^^^^^^^^^^^
    |
    = help: https://book.getfoundry.sh/reference/forge/forge-lint#erc20-unchecked-transfer

warning[erc20-unchecked-transfer]: ERC20 'transfer' and 'transferFrom' calls should check the return value
   --> test/RealV4Lifecycle.t.sol:235:9
    |
235 |         mixETH.transfer(bob, 10e18);
    |         ^^^^^^^^^^^^^^^^^^^^^^^^^^^
    |
    = help: https://book.getfoundry.sh/reference/forge/forge-lint#erc20-unchecked-transfer

note[named-struct-fields]: prefer initializing structs with named fields
   --> test/RealV4Lifecycle.t.sol:307:32
    |
307 |         PoolKey memory nextKey=PoolKey(c0,c1,0x800000,60,next.hook);
    |                                ^^^^^^^^^^^^^^^^^^^^^^^^^^^^^^^^^^^^ help: consider using named fields: `PoolKey({ currency0: c0, currency1: c1, fee: 0x800000, tickSpacing: 60, hooks: next.hook })`
    |
    = help: https://book.getfoundry.sh/reference/forge/forge-lint#named-struct-fields

warning[erc20-unchecked-transfer]: ERC20 'transfer' and 'transferFrom' calls should check the return value
   --> test/RealV4Lifecycle.t.sol:380:9
    |
380 |         mixETH.transfer(address(factory),50_000e18);
    |         ^^^^^^^^^^^^^^^^^^^^^^^^^^^^^^^^^^^^^^^^^^^
    |
    = help: https://book.getfoundry.sh/reference/forge/forge-lint#erc20-unchecked-transfer

note[mixed-case-function]: function names should use mixedCase
  --> test/dinosat/VerificationSentinels.t.sol:13:14
   |
13 |     function check_empty_domain(uint256 x) public pure {
   |              ^^^^^^^^^^^^^^^^^^ help: consider using: `checkEmptyDomain`
   |
   = help: https://book.getfoundry.sh/reference/forge/forge-lint#mixed-case-function

warning[unsafe-typecast]: typecasts that can truncate values should be checked
   --> test/dinosat/SineV3PrimitiveSymbolic.t.sol:112:33
    |
112 |         int256 right4 = left4 + int256(width4);
    |                                 ^^^^^^^^^^^^^^
    |
    = note: consider disabling this lint if you're certain the cast is safe
            
            // casting to 'int256' is safe because [explain why]
            // forge-lint: disable-next-line(unsafe-typecast)
            
            
    = help: https://book.getfoundry.sh/reference/forge/forge-lint#unsafe-typecast

warning[unsafe-typecast]: typecasts that can truncate values should be checked
   --> test/dinosat/SineV3PrimitiveSymbolic.t.sol:114:28
    |
114 |             uint256 back = uint256(-right4) * LAM / 4; // floor
    |                            ^^^^^^^^^^^^^^^^
    |
    = note: consider disabling this lint if you're certain the cast is safe
            
            // casting to 'uint256' is safe because [explain why]
            // forge-lint: disable-next-line(unsafe-typecast)
            
            
    = help: https://book.getfoundry.sh/reference/forge/forge-lint#unsafe-typecast

warning[unsafe-typecast]: typecasts that can truncate values should be checked
   --> test/dinosat/SineV3PrimitiveSymbolic.t.sol:118:24
    |
118 |         return BOOT + (uint256(right4) * LAM + 3) / 4;
    |                        ^^^^^^^^^^^^^^^
    |
    = note: consider disabling this lint if you're certain the cast is safe
            
            // casting to 'uint256' is safe because [explain why]
            // forge-lint: disable-next-line(unsafe-typecast)
            
            
    = help: https://book.getfoundry.sh/reference/forge/forge-lint#unsafe-typecast

warning[unsafe-typecast]: typecasts that can truncate values should be checked
  --> src/SineV3Primitive.sol:88:28
   |
88 |         return negative ? -int256(value) : int256(value);
   |                            ^^^^^^^^^^^^^
   |
   = note: consider disabling this lint if you're certain the cast is safe
           
           // casting to 'int256' is safe because [explain why]
           // forge-lint: disable-next-line(unsafe-typecast)
           
           
   = help: https://book.getfoundry.sh/reference/forge/forge-lint#unsafe-typecast

warning[unsafe-typecast]: typecasts that can truncate values should be checked
  --> src/SineV3Primitive.sol:88:44
   |
88 |         return negative ? -int256(value) : int256(value);
   |                                            ^^^^^^^^^^^^^
   |
   = note: consider disabling this lint if you're certain the cast is safe
           
           // casting to 'int256' is safe because [explain why]
           // forge-lint: disable-next-line(unsafe-typecast)
           
           
   = help: https://book.getfoundry.sh/reference/forge/forge-lint#unsafe-typecast

warning[unsafe-typecast]: typecasts that can truncate values should be checked
  --> src/SineV3Primitive.sol:96:65
   |
96 |         if (i <= SineV3DataInfo.LAST_QUARTER_INDEX) return -4 + int256(i - SineV3DataInfo.FIRST_QUARTER_INDEX);
   |                                                                 ^^^^^^^^^^^^^^^^^^^^^^^^^^^^^^^^^^^^^^^^^^^^^^
   |
   = note: consider disabling this lint if you're certain the cast is safe
           
           // casting to 'int256' is safe because [explain why]
           // forge-lint: disable-next-line(unsafe-typecast)
           
           
   = help: https://book.getfoundry.sh/reference/forge/forge-lint#unsafe-typecast

note[unused-import]: unused imports should be removed
  --> test/SineFee.t.sol:29:23
   |
29 | import {BalanceDelta, BalanceDeltaLibrary} from "@uniswap/v4-core/src/types/BalanceDelta.sol";
   |                       ^^^^^^^^^^^^^^^^^^^
   |
   = help: https://book.getfoundry.sh/reference/forge/forge-lint#unused-import

warning[erc20-unchecked-transfer]: ERC20 'transfer' and 'transferFrom' calls should check the return value
  --> test/SineFee.t.sol:59:9
   |
59 |         mixETH.transfer(rando, 100_000e18); // the buyer wallet (fresh, unattributed)
   |         ^^^^^^^^^^^^^^^^^^^^^^^^^^^^^^^^^^
   |
   = help: https://book.getfoundry.sh/reference/forge/forge-lint#erc20-unchecked-transfer

warning[erc20-unchecked-transfer]: ERC20 'transfer' and 'transferFrom' calls should check the return value
  --> test/SineFee.t.sol:90:9
   |
90 |         mixETH.transfer(alice, boot);
   |         ^^^^^^^^^^^^^^^^^^^^^^^^^^^^
   |
   = help: https://book.getfoundry.sh/reference/forge/forge-lint#erc20-unchecked-transfer

warning[erc20-unchecked-transfer]: ERC20 'transfer' and 'transferFrom' calls should check the return value
   --> test/SineFee.t.sol:216:9
    |
216 |         mixETH.transfer(alice, 20e18);
    |         ^^^^^^^^^^^^^^^^^^^^^^^^^^^^^
    |
    = help: https://book.getfoundry.sh/reference/forge/forge-lint#erc20-unchecked-transfer

warning[erc20-unchecked-transfer]: ERC20 'transfer' and 'transferFrom' calls should check the return value
   --> test/SineFee.t.sol:317:9
    |
317 |         mix.transferFrom(msg.sender, address(this), mixIn);
    |         ^^^^^^^^^^^^^^^^^^^^^^^^^^^^^^^^^^^^^^^^^^^^^^^^^^
    |
    = help: https://book.getfoundry.sh/reference/forge/forge-lint#erc20-unchecked-transfer

warning[erc20-unchecked-transfer]: ERC20 'transfer' and 'transferFrom' calls should check the return value
   --> test/SineFee.t.sol:331:9
    |
331 |         mix.transfer(address(pm), mixIn);
    |         ^^^^^^^^^^^^^^^^^^^^^^^^^^^^^^^^
    |
    = help: https://book.getfoundry.sh/reference/forge/forge-lint#erc20-unchecked-transfer

warning[unsafe-typecast]: typecasts that can truncate values should be checked
   --> test/SineFee.t.sol:337:35
    |
337 |                 amountSpecified: -int256(mixIn),
    |                                   ^^^^^^^^^^^^^
    |
    = note: consider disabling this lint if you're certain the cast is safe
            
            // casting to 'int256' is safe because [explain why]
            // forge-lint: disable-next-line(unsafe-typecast)
            
            
    = help: https://book.getfoundry.sh/reference/forge/forge-lint#unsafe-typecast

note[unused-import]: unused imports should be removed
 --> test/PredepositPrecision.t.sol:5:9
  |
5 | import {SineMath} from "../src/libraries/SineMath.sol";
  |         ^^^^^^^^
  |
  = help: https://book.getfoundry.sh/reference/forge/forge-lint#unused-import

warning[erc20-unchecked-transfer]: ERC20 'transfer' and 'transferFrom' calls should check the return value
  --> test/ReferralRewards.t.sol:29:9
   |
29 |         mixETH.transfer(alice, 100e18);
   |         ^^^^^^^^^^^^^^^^^^^^^^^^^^^^^^
   |
   = help: https://book.getfoundry.sh/reference/forge/forge-lint#erc20-unchecked-transfer

note[named-struct-fields]: prefer initializing structs with named fields
  --> test/SineV3SmallReserveFixtures.sol:52:17
   |
52 |         r[41] = Row(585722722222222222222222, 34454277777777777777777, 2, 1000000000000000000, 18771);
   |                 ^^^^^^^^^^^^^^^^^^^^^^^^^^^^^^^^^^^^^^^^^^^^^^^^^^^^^^^^^^^^^^^^^^^^^^^^^^^^^^^^^^^^^ help: consider using named fields: `Row({ boot: 585722722222222222222222, wavelength: 34454277777777777777777, reserve: 2, price: 1000000000000000000, expected: 18771 })`
   |
   = help: https://book.getfoundry.sh/reference/forge/forge-lint#named-struct-fields

note[named-struct-fields]: prefer initializing structs with named fields
  --> test/SineV3SmallReserveFixtures.sol:53:17
   |
53 |         r[42] = Row(585722722222222222222222, 34454277777777777777777, 1000000, 1000000000000000000, 9385771861);
   |                 ^^^^^^^^^^^^^^^^^^^^^^^^^^^^^^^^^^^^^^^^^^^^^^^^^^^^^^^^^^^^^^^^^^^^^^^^^^^^^^^^^^^^^^^^^^^^^^^^ help: consider using named fields: `Row({ boot: 585722722222222222222222, wavelength: 34454277777777777777777, reserve: 1000000, price: 1000000000000000000, expected: 9385771861 })`
   |
   = help: https://book.getfoundry.sh/reference/forge/forge-lint#named-struct-fields

note[named-struct-fields]: prefer initializing structs with named fields
  --> test/SineV3SmallReserveFixtures.sol:54:17
   |
54 |         r[43] = Row(585722722222222222222222, 34454277777777777777777, 1000000000000, 1000000000000000000, 9385771861199975);
   |                 ^^^^^^^^^^^^^^^^^^^^^^^^^^^^^^^^^^^^^^^^^^^^^^^^^^^^^^^^^^^^^^^^^^^^^^^^^^^^^^^^^^^^^^^^^^^^^^^^^^^^^^^^^^^^ help: consider using named fields: `Row({ boot: 585722722222222222222222, wavelength: 34454277777777777777777, reserve: 1000000000000, price: 1000000000000000000, expected: 9385771861199975 })`
   |
   = help: https://book.getfoundry.sh/reference/forge/forge-lint#named-struct-fields

note[named-struct-fields]: prefer initializing structs with named fields
  --> test/SineV3SmallReserveFixtures.sol:55:17
   |
55 |         r[44] = Row(585722722222222222222222, 34454277777777777777777, 1000000000000000, 1000000000000000000, 9385771861199975695);
   |                 ^^^^^^^^^^^^^^^^^^^^^^^^^^^^^^^^^^^^^^^^^^^^^^^^^^^^^^^^^^^^^^^^^^^^^^^^^^^^^^^^^^^^^^^^^^^^^^^^^^^^^^^^^^^^^^^^^^ help: consider using named fields: `Row({ boot: 585722722222222222222222, wavelength: 34454277777777777777777, reserve: 1000000000000000, price: 1000000000000000000, expected: 9385771861199975695 })`
   |
   = help: https://book.getfoundry.sh/reference/forge/forge-lint#named-struct-fields

note[named-struct-fields]: prefer initializing structs with named fields
  --> test/SineV3SmallReserveFixtures.sol:56:17
   |
56 |         r[45] = Row(611496346050000000000000, 35204165000000000000000, 1, 1000000000, 10058678778226);
   |                 ^^^^^^^^^^^^^^^^^^^^^^^^^^^^^^^^^^^^^^^^^^^^^^^^^^^^^^^^^^^^^^^^^^^^^^^^^^^^^^^^^^^^^ help: consider using named fields: `Row({ boot: 611496346050000000000000, wavelength: 35204165000000000000000, reserve: 1, price: 1000000000, expected: 10058678778226 })`
   |
   = help: https://book.getfoundry.sh/reference/forge/forge-lint#named-struct-fields

note[named-struct-fields]: prefer initializing structs with named fields
  --> test/SineV3SmallReserveFixtures.sol:57:17
   |
57 |         r[46] = Row(611496346050000000000000, 35204165000000000000000, 2, 1000000000, 20117357556452);
   |                 ^^^^^^^^^^^^^^^^^^^^^^^^^^^^^^^^^^^^^^^^^^^^^^^^^^^^^^^^^^^^^^^^^^^^^^^^^^^^^^^^^^^^^ help: consider using named fields: `Row({ boot: 611496346050000000000000, wavelength: 35204165000000000000000, reserve: 2, price: 1000000000, expected: 20117357556452 })`
   |
   = help: https://book.getfoundry.sh/reference/forge/forge-lint#named-struct-fields

note[named-struct-fields]: prefer initializing structs with named fields
  --> test/SineV3SmallReserveFixtures.sol:58:17
   |
58 |         r[47] = Row(611496346050000000000000, 35204165000000000000000, 1000000, 1000000000, 10058678778226394365);
   |                 ^^^^^^^^^^^^^^^^^^^^^^^^^^^^^^^^^^^^^^^^^^^^^^^^^^^^^^^^^^^^^^^^^^^^^^^^^^^^^^^^^^^^^^^^^^^^^^^^^ help: consider using named fields: `Row({ boot: 611496346050000000000000, wavelength: 35204165000000000000000, reserve: 1000000, price: 1000000000, expected: 10058678778226394365 })`
   |
   = help: https://book.getfoundry.sh/reference/forge/forge-lint#named-struct-fields

note[named-struct-fields]: prefer initializing structs with named fields
  --> test/SineV3SmallReserveFixtures.sol:59:17
   |
59 |         r[48] = Row(611496346050000000000000, 35204165000000000000000, 1000000000000, 1000000000, 10058678778161090950027058);
   |                 ^^^^^^^^^^^^^^^^^^^^^^^^^^^^^^^^^^^^^^^^^^^^^^^^^^^^^^^^^^^^^^^^^^^^^^^^^^^^^^^^^^^^^^^^^^^^^^^^^^^^^^^^^^^^^ help: consider using named fields: `Row({ boot: 611496346050000000000000, wavelength: 35204165000000000000000, reserve: 1000000000000, price: 1000000000, expected: 10058678778161090950027058 })`
   |
   = help: https://book.getfoundry.sh/reference/forge/forge-lint#named-struct-fields

note[named-struct-fields]: prefer initializing structs with named fields
  --> test/SineV3SmallReserveFixtures.sol:60:17
   |
60 |         r[49] = Row(611496346050000000000000, 35204165000000000000000, 1000000000000000, 1000000000, 10058678712922916039435006792);
   |                 ^^^^^^^^^^^^^^^^^^^^^^^^^^^^^^^^^^^^^^^^^^^^^^^^^^^^^^^^^^^^^^^^^^^^^^^^^^^^^^^^^^^^^^^^^^^^^^^^^^^^^^^^^^^^^^^^^^^ help: consider using named fields: `Row({ boot: 611496346050000000000000, wavelength: 35204165000000000000000, reserve: 1000000000000000, price: 1000000000, expected: 10058678712922916039435006792 })`
   |
   = help: https://book.getfoundry.sh/reference/forge/forge-lint#named-struct-fields

note[mixed-case-variable]: mutable variables should use mixedCase
  --> test/wave2/auditorB/BBase.sol:32:16
   |
32 |     MockMixETH mixETH;
   |                ^^^^^^ help: consider using: `mixEth`
   |
   = help: https://book.getfoundry.sh/reference/forge/forge-lint#mixed-case-variable

note[screaming-snake-case-immutable]: immutables should use SCREAMING_SNAKE_CASE
  --> src/PSPZapOut.sol:24:30
   |
24 |     IMixETH public immutable mixETH;
   |                              ^^^^^^ help: consider using: `MIX_ETH`
   |
   = help: https://book.getfoundry.sh/reference/forge/forge-lint#screaming-snake-case-immutable

warning[erc20-unchecked-transfer]: ERC20 'transfer' and 'transferFrom' calls should check the return value
  --> test/ReferralRewards.t.sol:40:9
   |
40 |         mixETH.transfer(address(registry), amount);
   |         ^^^^^^^^^^^^^^^^^^^^^^^^^^^^^^^^^^^^^^^^^^
   |
   = help: https://book.getfoundry.sh/reference/forge/forge-lint#erc20-unchecked-transfer

warning[erc20-unchecked-transfer]: ERC20 'transfer' and 'transferFrom' calls should check the return value
  --> test/ReferralRewards.t.sol:88:9
   |
88 |         mixETH.transfer(address(registry), 1e18);
   |         ^^^^^^^^^^^^^^^^^^^^^^^^^^^^^^^^^^^^^^^^
   |
   = help: https://book.getfoundry.sh/reference/forge/forge-lint#erc20-unchecked-transfer

warning[erc20-unchecked-transfer]: ERC20 'transfer' and 'transferFrom' calls should check the return value
   --> test/ReferralRewards.t.sol:106:9
    |
106 |         mixETH.transfer(address(registry), 1e18);
    |         ^^^^^^^^^^^^^^^^^^^^^^^^^^^^^^^^^^^^^^^^
    |
    = help: https://book.getfoundry.sh/reference/forge/forge-lint#erc20-unchecked-transfer

warning[erc20-unchecked-transfer]: ERC20 'transfer' and 'transferFrom' calls should check the return value
   --> test/ReferralRewards.t.sol:136:9
    |
136 |         mixETH.transfer(address(registry), 1e18);
    |         ^^^^^^^^^^^^^^^^^^^^^^^^^^^^^^^^^^^^^^^^
    |
    = help: https://book.getfoundry.sh/reference/forge/forge-lint#erc20-unchecked-transfer

warning[unsafe-typecast]: typecasts that can truncate values should be checked
   --> test/ReferralRewards.t.sol:305:55
    |
305 |             if (reason.length >= 4) callbackFailure = bytes4(reason);
    |                                                       ^^^^^^^^^^^^^^
    |
    = note: consider disabling this lint if you're certain the cast is safe
            
            // casting to 'bytes4' is safe because [explain why]
            // forge-lint: disable-next-line(unsafe-typecast)
            
            
    = help: https://book.getfoundry.sh/reference/forge/forge-lint#unsafe-typecast

warning[unsafe-typecast]: typecasts that can truncate values should be checked
   --> src/SineV3Primitive.sol:109:32
    |
109 |         int256 z = R >= boot ? int256(4 * (R - boot) / lam) : -int256(FPML.divUp(4 * (boot - R), lam));
    |                                ^^^^^^^^^^^^^^^^^^^^^^^^^^^^
    |
    = note: consider disabling this lint if you're certain the cast is safe
            
            // casting to 'int256' is safe because [explain why]
            // forge-lint: disable-next-line(unsafe-typecast)
            
            
    = help: https://book.getfoundry.sh/reference/forge/forge-lint#unsafe-typecast

warning[unsafe-typecast]: typecasts that can truncate values should be checked
   --> src/SineV3Primitive.sol:111:34
    |
111 |         if (z < -512) return 1 + uint256(z + 2320) / 4;
    |                                  ^^^^^^^^^^^^^^^^^
    |
    = note: consider disabling this lint if you're certain the cast is safe
            
            // casting to 'uint256' is safe because [explain why]
            // forge-lint: disable-next-line(unsafe-typecast)
            
            
    = help: https://book.getfoundry.sh/reference/forge/forge-lint#unsafe-typecast

warning[unsafe-typecast]: typecasts that can truncate values should be checked
   --> src/SineV3Primitive.sol:112:62
    |
112 |         if (z < -4) return SineV3DataInfo.FIRST_HALF_INDEX + uint256(z + 512) / 2;
    |                                                              ^^^^^^^^^^^^^^^^
    |
    = note: consider disabling this lint if you're certain the cast is safe
            
            // casting to 'uint256' is safe because [explain why]
            // forge-lint: disable-next-line(unsafe-typecast)
            
            
    = help: https://book.getfoundry.sh/reference/forge/forge-lint#unsafe-typecast

note[named-struct-fields]: prefer initializing structs with named fields
  --> test/SineV3SmallReserveFixtures.sol:61:17
   |
61 |         r[50] = Row(611496346050000000000000, 35204165000000000000000, 1, 75000000000000, 134115717);
   |                 ^^^^^^^^^^^^^^^^^^^^^^^^^^^^^^^^^^^^^^^^^^^^^^^^^^^^^^^^^^^^^^^^^^^^^^^^^^^^^^^^^^^^ help: consider using named fields: `Row({ boot: 611496346050000000000000, wavelength: 35204165000000000000000, reserve: 1, price: 75000000000000, expected: 134115717 })`
   |
   = help: https://book.getfoundry.sh/reference/forge/forge-lint#named-struct-fields

note[named-struct-fields]: prefer initializing structs with named fields
  --> test/SineV3SmallReserveFixtures.sol:62:17
   |
62 |         r[51] = Row(611496346050000000000000, 35204165000000000000000, 2, 75000000000000, 268231434);
   |                 ^^^^^^^^^^^^^^^^^^^^^^^^^^^^^^^^^^^^^^^^^^^^^^^^^^^^^^^^^^^^^^^^^^^^^^^^^^^^^^^^^^^^ help: consider using named fields: `Row({ boot: 611496346050000000000000, wavelength: 35204165000000000000000, reserve: 2, price: 75000000000000, expected: 268231434 })`
   |
   = help: https://book.getfoundry.sh/reference/forge/forge-lint#named-struct-fields

note[named-struct-fields]: prefer initializing structs with named fields
  --> test/SineV3SmallReserveFixtures.sol:63:17
   |
63 |         r[52] = Row(611496346050000000000000, 35204165000000000000000, 1000000, 75000000000000, 134115717043018);
   |                 ^^^^^^^^^^^^^^^^^^^^^^^^^^^^^^^^^^^^^^^^^^^^^^^^^^^^^^^^^^^^^^^^^^^^^^^^^^^^^^^^^^^^^^^^^^^^^^^^ help: consider using named fields: `Row({ boot: 611496346050000000000000, wavelength: 35204165000000000000000, reserve: 1000000, price: 75000000000000, expected: 134115717043018 })`
   |
   = help: https://book.getfoundry.sh/reference/forge/forge-lint#named-struct-fields

note[named-struct-fields]: prefer initializing structs with named fields
  --> test/SineV3SmallReserveFixtures.sol:64:17
   |
64 |         r[53] = Row(611496346050000000000000, 35204165000000000000000, 1000000000000, 75000000000000, 134115717042147879333);
   |                 ^^^^^^^^^^^^^^^^^^^^^^^^^^^^^^^^^^^^^^^^^^^^^^^^^^^^^^^^^^^^^^^^^^^^^^^^^^^^^^^^^^^^^^^^^^^^^^^^^^^^^^^^^^^^ help: consider using named fields: `Row({ boot: 611496346050000000000000, wavelength: 35204165000000000000000, reserve: 1000000000000, price: 75000000000000, expected: 134115717042147879333 })`
   |
   = help: https://book.getfoundry.sh/reference/forge/forge-lint#named-struct-fields

note[unused-import]: unused imports should be removed
 --> test/PredepositPrecision.t.sol:6:9
  |
6 | import {SineV3Math} from "../src/SineV3Math.sol";
  |         ^^^^^^^^^^
  |
  = help: https://book.getfoundry.sh/reference/forge/forge-lint#unused-import

note[screaming-snake-case-immutable]: immutables should use SCREAMING_SNAKE_CASE
  --> src/HookDeployer.sol:47:36
   |
47 |     IHookInitCode public immutable initOracle;
   |                                    ^^^^^^^^^^ help: consider using: `INIT_ORACLE`
   |
   = help: https://book.getfoundry.sh/reference/forge/forge-lint#screaming-snake-case-immutable

note[mixed-case-variable]: mutable variables should use mixedCase
  --> test/FatCurveSpawn.t.sol:28:16
   |
28 |     MockMixETH mixETH;
   |                ^^^^^^ help: consider using: `mixEth`
   |
   = help: https://book.getfoundry.sh/reference/forge/forge-lint#mixed-case-variable

warning[unsafe-typecast]: typecasts that can truncate values should be checked
   --> test/SineFee.t.sol:345:23
    |
345 |         uint256 out = uint256(int256(pspDelta));
    |                       ^^^^^^^^^^^^^^^^^^^^^^^^^
    |
    = note: consider disabling this lint if you're certain the cast is safe
            
            // casting to 'uint256' is safe because [explain why]
            // forge-lint: disable-next-line(unsafe-typecast)
            
            
    = help: https://book.getfoundry.sh/reference/forge/forge-lint#unsafe-typecast

note[named-struct-fields]: prefer initializing structs with named fields
  --> test/SineV3SmallReserveFixtures.sol:65:17
   |
65 |         r[54] = Row(611496346050000000000000, 35204165000000000000000, 1000000000000000, 75000000000000, 134115716172305547192466);
   |                 ^^^^^^^^^^^^^^^^^^^^^^^^^^^^^^^^^^^^^^^^^^^^^^^^^^^^^^^^^^^^^^^^^^^^^^^^^^^^^^^^^^^^^^^^^^^^^^^^^^^^^^^^^^^^^^^^^^ help: consider using named fields: `Row({ boot: 611496346050000000000000, wavelength: 35204165000000000000000, reserve: 1000000000000000, price: 75000000000000, expected: 134115716172305547192466 })`
   |
   = help: https://book.getfoundry.sh/reference/forge/forge-lint#named-struct-fields

note[mixed-case-function]: function names should use mixedCase
  --> test/ExpandedPepeArt.t.sol:14:14
   |
14 |     function ART_VERSION() external pure returns (uint256) { return 3; }
   |              ^^^^^^^^^^^ help: consider using: `artVersion`
   |
   = help: https://book.getfoundry.sh/reference/forge/forge-lint#mixed-case-function

note[unsafe-cheatcode]: usage of unsafe cheatcodes that can perform dangerous operations
  --> test/ExpandedPepeArt.t.sol:30:36
   |
30 |         string memory fixture = vm.readFile("script/expanded-art-fixtures.json");
   |                                    ^^^^^^^^
   |
   = help: https://book.getfoundry.sh/reference/forge/forge-lint#unsafe-cheatcode

note[named-struct-fields]: prefer initializing structs with named fields
  --> test/SineV3SmallReserveFixtures.sol:66:17
   |
66 |         r[55] = Row(611496346050000000000000, 35204165000000000000000, 1, 1000000000000000000, 10058);
   |                 ^^^^^^^^^^^^^^^^^^^^^^^^^^^^^^^^^^^^^^^^^^^^^^^^^^^^^^^^^^^^^^^^^^^^^^^^^^^^^^^^^^^^^ help: consider using named fields: `Row({ boot: 611496346050000000000000, wavelength: 35204165000000000000000, reserve: 1, price: 1000000000000000000, expected: 10058 })`
   |
   = help: https://book.getfoundry.sh/reference/forge/forge-lint#named-struct-fields

note[named-struct-fields]: prefer initializing structs with named fields
  --> test/SineV3SmallReserveFixtures.sol:67:17
   |
67 |         r[56] = Row(611496346050000000000000, 35204165000000000000000, 2, 1000000000000000000, 20117);
   |                 ^^^^^^^^^^^^^^^^^^^^^^^^^^^^^^^^^^^^^^^^^^^^^^^^^^^^^^^^^^^^^^^^^^^^^^^^^^^^^^^^^^^^^ help: consider using named fields: `Row({ boot: 611496346050000000000000, wavelength: 35204165000000000000000, reserve: 2, price: 1000000000000000000, expected: 20117 })`
   |
   = help: https://book.getfoundry.sh/reference/forge/forge-lint#named-struct-fields

note[named-struct-fields]: prefer initializing structs with named fields
  --> test/SineV3SmallReserveFixtures.sol:68:17
   |
68 |         r[57] = Row(611496346050000000000000, 35204165000000000000000, 1000000, 1000000000000000000, 10058678778);
   |                 ^^^^^^^^^^^^^^^^^^^^^^^^^^^^^^^^^^^^^^^^^^^^^^^^^^^^^^^^^^^^^^^^^^^^^^^^^^^^^^^^^^^^^^^^^^^^^^^^^ help: consider using named fields: `Row({ boot: 611496346050000000000000, wavelength: 35204165000000000000000, reserve: 1000000, price: 1000000000000000000, expected: 10058678778 })`
   |
   = help: https://book.getfoundry.sh/reference/forge/forge-lint#named-struct-fields

note[named-struct-fields]: prefer initializing structs with named fields
  --> test/SineV3SmallReserveFixtures.sol:69:17
   |
69 |         r[58] = Row(611496346050000000000000, 35204165000000000000000, 1000000000000, 1000000000000000000, 10058678778161090);
   |                 ^^^^^^^^^^^^^^^^^^^^^^^^^^^^^^^^^^^^^^^^^^^^^^^^^^^^^^^^^^^^^^^^^^^^^^^^^^^^^^^^^^^^^^^^^^^^^^^^^^^^^^^^^^^^^ help: consider using named fields: `Row({ boot: 611496346050000000000000, wavelength: 35204165000000000000000, reserve: 1000000000000, price: 1000000000000000000, expected: 10058678778161090 })`
   |
   = help: https://book.getfoundry.sh/reference/forge/forge-lint#named-struct-fields

note[named-struct-fields]: prefer initializing structs with named fields
  --> test/SineV3SmallReserveFixtures.sol:70:17
   |
70 |         r[59] = Row(611496346050000000000000, 35204165000000000000000, 1000000000000000, 1000000000000000000, 10058678712922916039);
   |                 ^^^^^^^^^^^^^^^^^^^^^^^^^^^^^^^^^^^^^^^^^^^^^^^^^^^^^^^^^^^^^^^^^^^^^^^^^^^^^^^^^^^^^^^^^^^^^^^^^^^^^^^^^^^^^^^^^^^ help: consider using named fields: `Row({ boot: 611496346050000000000000, wavelength: 35204165000000000000000, reserve: 1000000000000000, price: 1000000000000000000, expected: 10058678712922916039 })`
   |
   = help: https://book.getfoundry.sh/reference/forge/forge-lint#named-struct-fields

note[named-struct-fields]: prefer initializing structs with named fields
  --> test/SineV3SmallReserveFixtures.sol:71:17
   |
71 |         r[60] = Row(8301454222222222222222222, 129710222222222222222222, 1, 1000000000, 25343117354595023);
   |                 ^^^^^^^^^^^^^^^^^^^^^^^^^^^^^^^^^^^^^^^^^^^^^^^^^^^^^^^^^^^^^^^^^^^^^^^^^^^^^^^^^^^^^^^^^^ help: consider using named fields: `Row({ boot: 8301454222222222222222222, wavelength: 129710222222222222222222, reserve: 1, price: 1000000000, expected: 25343117354595023 })`
   |
   = help: https://book.getfoundry.sh/reference/forge/forge-lint#named-struct-fields

note[named-struct-fields]: prefer initializing structs with named fields
  --> test/SineV3SmallReserveFixtures.sol:72:17
   |
72 |         r[61] = Row(8301454222222222222222222, 129710222222222222222222, 2, 1000000000, 50686234709190047);
   |                 ^^^^^^^^^^^^^^^^^^^^^^^^^^^^^^^^^^^^^^^^^^^^^^^^^^^^^^^^^^^^^^^^^^^^^^^^^^^^^^^^^^^^^^^^^^ help: consider using named fields: `Row({ boot: 8301454222222222222222222, wavelength: 129710222222222222222222, reserve: 2, price: 1000000000, expected: 50686234709190047 })`
   |
   = help: https://book.getfoundry.sh/reference/forge/forge-lint#named-struct-fields

note[screaming-snake-case-immutable]: immutables should use SCREAMING_SNAKE_CASE
   --> test/wave2/auditorB/BBase.sol:220:35
    |
220 |     IPoolManager public immutable pm;
    |                                   ^^ help: consider using: `PM`
    |
    = help: https://book.getfoundry.sh/reference/forge/forge-lint#screaming-snake-case-immutable

note[screaming-snake-case-immutable]: immutables should use SCREAMING_SNAKE_CASE
   --> test/wave2/auditorB/BBase.sol:221:30
    |
221 |     address public immutable mix;
    |                              ^^^ help: consider using: `MIX`
    |
    = help: https://book.getfoundry.sh/reference/forge/forge-lint#screaming-snake-case-immutable

note[screaming-snake-case-immutable]: immutables should use SCREAMING_SNAKE_CASE
  --> src/PSPZapOut.sol:25:35
   |
25 |     IPoolManager public immutable poolManager;
   |                                   ^^^^^^^^^^^ help: consider using: `POOL_MANAGER`
   |
   = help: https://book.getfoundry.sh/reference/forge/forge-lint#screaming-snake-case-immutable

note[mixed-case-variable]: mutable variables should use mixedCase
   --> test/wave2/auditorB/BBase.sol:426:31
    |
426 |     function integral(uint256 S1, uint256 S2, CurveMath.CurveConfig memory c)
    |                               ^^ help: consider using: `s1`
    |
    = help: https://book.getfoundry.sh/reference/forge/forge-lint#mixed-case-variable

note[mixed-case-variable]: mutable variables should use mixedCase
   --> test/wave2/auditorB/BBase.sol:426:43
    |
426 |     function integral(uint256 S1, uint256 S2, CurveMath.CurveConfig memory c)
    |                                           ^^ help: consider using: `s2`
    |
    = help: https://book.getfoundry.sh/reference/forge/forge-lint#mixed-case-variable

note[unused-import]: unused imports should be removed
 --> test/DebugMaterialize.t.sol:6:9
  |
6 | import {FixedPointMathLib as FPML} from "solady/src/utils/FixedPointMathLib.sol";
  |         ^^^^^^^^^^^^^^^^^^^^^^^^^
  |
  = help: https://book.getfoundry.sh/reference/forge/forge-lint#unused-import

note[unused-import]: unused imports should be removed
  --> test/wave2/auditorB/BBase.sol:10:19
   |
10 | import {Currency, CurrencyLibrary} from "@uniswap/v4-core/src/types/Currency.sol";
   |                   ^^^^^^^^^^^^^^^
   |
   = help: https://book.getfoundry.sh/reference/forge/forge-lint#unused-import

note[unused-import]: unused imports should be removed
  --> test/wave2/auditorB/BBase.sol:11:23
   |
11 | import {BalanceDelta, BalanceDeltaLibrary} from "@uniswap/v4-core/src/types/BalanceDelta.sol";
   |                       ^^^^^^^^^^^^^^^^^^^
   |
   = help: https://book.getfoundry.sh/reference/forge/forge-lint#unused-import

warning[erc20-unchecked-transfer]: ERC20 'transfer' and 'transferFrom' calls should check the return value
  --> test/wave2/auditorB/BBase.sol:77:9
   |
77 |         mixETH.transfer(alice, 100_000e18);
   |         ^^^^^^^^^^^^^^^^^^^^^^^^^^^^^^^^^^
   |
   = help: https://book.getfoundry.sh/reference/forge/forge-lint#erc20-unchecked-transfer

warning[erc20-unchecked-transfer]: ERC20 'transfer' and 'transferFrom' calls should check the return value
  --> test/wave2/auditorB/BBase.sol:78:9
   |
78 |         mixETH.transfer(bob, 100_000e18);
   |         ^^^^^^^^^^^^^^^^^^^^^^^^^^^^^^^^
   |
   = help: https://book.getfoundry.sh/reference/forge/forge-lint#erc20-unchecked-transfer

warning[erc20-unchecked-transfer]: ERC20 'transfer' and 'transferFrom' calls should check the return value
  --> test/wave2/auditorB/BBase.sol:79:9
   |
79 |         mixETH.transfer(carol, 100_000e18);
   |         ^^^^^^^^^^^^^^^^^^^^^^^^^^^^^^^^^^
   |
   = help: https://book.getfoundry.sh/reference/forge/forge-lint#erc20-unchecked-transfer

warning[unsafe-typecast]: typecasts that can truncate values should be checked
   --> src/SineV3Primitive.sol:113:64
    |
113 |         if (z < 4) return SineV3DataInfo.FIRST_QUARTER_INDEX + uint256(z + 4);
    |                                                                ^^^^^^^^^^^^^^
    |
    = note: consider disabling this lint if you're certain the cast is safe
            
            // casting to 'uint256' is safe because [explain why]
            // forge-lint: disable-next-line(unsafe-typecast)
            
            
    = help: https://book.getfoundry.sh/reference/forge/forge-lint#unsafe-typecast

note[unused-import]: unused imports should be removed
  --> test/FatCurveSpawn.t.sol:11:9
   |
11 | import {CurveHook} from "../src/CurveHook.sol";
   |         ^^^^^^^^^
   |
   = help: https://book.getfoundry.sh/reference/forge/forge-lint#unused-import

note[unused-import]: unused imports should be removed
  --> test/FatCurveSpawn.t.sol:16:9
   |
16 | import {CurveMath} from "../src/libraries/CurveMath.sol";
   |         ^^^^^^^^^
   |
   = help: https://book.getfoundry.sh/reference/forge/forge-lint#unused-import

warning[unsafe-typecast]: typecasts that can truncate values should be checked
   --> test/wave2/auditorB/BBase.sol:300:23
    |
300 |         uint256 out = uint256(int256(outDelta));
    |                       ^^^^^^^^^^^^^^^^^^^^^^^^^
    |
    = note: consider disabling this lint if you're certain the cast is safe
            
            // casting to 'uint256' is safe because [explain why]
            // forge-lint: disable-next-line(unsafe-typecast)
            
            
    = help: https://book.getfoundry.sh/reference/forge/forge-lint#unsafe-typecast

warning[unsafe-typecast]: typecasts that can truncate values should be checked
   --> test/wave2/auditorB/BBase.sol:373:43
    |
373 |             SwapParams({amountSpecified: -int256(mixIn), sqrtPriceLimitX96: 0, zeroForOne: mixIsZero}),
    |                                           ^^^^^^^^^^^^^
    |
    = note: consider disabling this lint if you're certain the cast is safe
            
            // casting to 'int256' is safe because [explain why]
            // forge-lint: disable-next-line(unsafe-typecast)
            
            
    = help: https://book.getfoundry.sh/reference/forge/forge-lint#unsafe-typecast

warning[unsafe-typecast]: typecasts that can truncate values should be checked
   --> test/wave2/auditorB/BBase.sol:384:43
    |
384 |             SwapParams({amountSpecified: -int256(pspIn), sqrtPriceLimitX96: 0, zeroForOne: !mixIsZero}),
    |                                           ^^^^^^^^^^^^^
    |
    = note: consider disabling this lint if you're certain the cast is safe
            
            // casting to 'int256' is safe because [explain why]
            // forge-lint: disable-next-line(unsafe-typecast)
            
            
    = help: https://book.getfoundry.sh/reference/forge/forge-lint#unsafe-typecast

warning[unsafe-typecast]: typecasts that can truncate values should be checked
   --> test/wave2/auditorB/BBase.sol:396:34
    |
396 |                 amountSpecified: int256(wantOut),
    |                                  ^^^^^^^^^^^^^^^
    |
    = note: consider disabling this lint if you're certain the cast is safe
            
            // casting to 'int256' is safe because [explain why]
            // forge-lint: disable-next-line(unsafe-typecast)
            
            
    = help: https://book.getfoundry.sh/reference/forge/forge-lint#unsafe-typecast

note[mixed-case-function]: function names should use mixedCase
   --> script/DeploymentSupport.sol:155:14
    |
155 |     function _sinePL() internal view returns (uint128) {
    |              ^^^^^^^ help: consider using: `_sinePl`
    |
    = help: https://book.getfoundry.sh/reference/forge/forge-lint#mixed-case-function

warning[unsafe-typecast]: typecasts that can truncate values should be checked
   --> script/DeploymentSupport.sol:169:16
    |
169 |         return uint128(pL);
    |                ^^^^^^^^^^^
    |
    = note: consider disabling this lint if you're certain the cast is safe
            
            // casting to 'uint128' is safe because [explain why]
            // forge-lint: disable-next-line(unsafe-typecast)
            
            
    = help: https://book.getfoundry.sh/reference/forge/forge-lint#unsafe-typecast

note[mixed-case-variable]: mutable variables should use mixedCase
  --> test/wave2/auditorB/B1_CurveRoundTrip.t.sol:18:17
   |
18 |         uint256 S0 = hook.totalSupplyPSP();
   |                 ^^ help: consider using: `s0`
   |
   = help: https://book.getfoundry.sh/reference/forge/forge-lint#mixed-case-variable

note[named-struct-fields]: prefer initializing structs with named fields
 --> test/SineV3SellFixtures.sol:9:16
  |
9 | ... = Row(158000000000000000000000000, 565881711235759156789155, 1000000000000000000, 100000000000000000000000000000000000, 512729464894669923139600137485355366, 195034631712894034);
  |       ^^^^^^^^^^^^^^^^^^^^^^^^^^^^^^^^^^^^^^^^^^^^^^^^^^^^^^^^^^^^^^^^^^^^^^^^^^^^^^^^^^^^^^^^^^^^^^^^^^^^^^^^^^^^^^^^^^^^^^^^^^^^^^^^^^^^^^^^^^^^^^^^^^^^^^^^^^^^^^^^^^^^^^^^^^^^^^^ help: consider using named fields: `Row({ boot: 158000000000000000000000000, lam: 565881711235759156789155, reserve: 1000000000000000000, sold: 100000000000000000000000000000000000, supply: 512729464894669923139600137485355366, grossOut: 195034631712894034 })`
  |
  = help: https://book.getfoundry.sh/reference/forge/forge-lint#named-struct-fields

note[named-struct-fields]: prefer initializing structs with named fields
  --> test/SineV3SellFixtures.sol:10:16
   |
10 |         r[1] = Row(1000000000000, 45019131735543525, 1440613215537392800, 1000000000000, 483831597023121618692, 19309571266110);
   |                ^^^^^^^^^^^^^^^^^^^^^^^^^^^^^^^^^^^^^^^^^^^^^^^^^^^^^^^^^^^^^^^^^^^^^^^^^^^^^^^^^^^^^^^^^^^^^^^^^^^^^^^^^^^^^^^^ help: consider using named fields: `Row({ boot: 1000000000000, lam: 45019131735543525, reserve: 1440613215537392800, sold: 1000000000000, supply: 483831597023121618692, grossOut: 19309571266110 })`
   |
   = help: https://book.getfoundry.sh/reference/forge/forge-lint#named-struct-fields

note[named-struct-fields]: prefer initializing structs with named fields
  --> test/SineV3SellFixtures.sol:11:16
   |
11 |         r[2] = Row(1000000000000, 45019131735543525, 2836206299339242075, 1000000000000, 483845600008163628516, 1690898743748436);
   |                ^^^^^^^^^^^^^^^^^^^^^^^^^^^^^^^^^^^^^^^^^^^^^^^^^^^^^^^^^^^^^^^^^^^^^^^^^^^^^^^^^^^^^^^^^^^^^^^^^^^^^^^^^^^^^^^^^^ help: consider using named fields: `Row({ boot: 1000000000000, lam: 45019131735543525, reserve: 2836206299339242075, sold: 1000000000000, supply: 483845600008163628516, grossOut: 1690898743748436 })`
   |
   = help: https://book.getfoundry.sh/reference/forge/forge-lint#named-struct-fields

note[mixed-case-variable]: mutable variables should use mixedCase
  --> src/PSPZapOut.sol:42:25
   |
42 |     constructor(IMixETH _mixETH, IPoolManager _poolManager) {
   |                         ^^^^^^^ help: consider using: `_mixEth`
   |
   = help: https://book.getfoundry.sh/reference/forge/forge-lint#mixed-case-variable

note[unused-import]: unused imports should be removed
 --> test/wave2/auditorB/B1_CurveRoundTrip.t.sol:4:25
  |
4 | import {BBase, BRouter, HookProbe} from "./BBase.sol";
  |                         ^^^^^^^^^
  |
  = help: https://book.getfoundry.sh/reference/forge/forge-lint#unused-import

note[unused-import]: unused imports should be removed
 --> test/wave2/auditorB/B1_CurveRoundTrip.t.sol:6:9
  |
6 | import {CurveHook} from "../../../src/CurveHook.sol";
  |         ^^^^^^^^^
  |
  = help: https://book.getfoundry.sh/reference/forge/forge-lint#unused-import

note[unused-import]: unused imports should be removed
 --> test/wave2/auditorB/B1_CurveRoundTrip.t.sol:7:9
  |
7 | import {IERC20} from "@openzeppelin/contracts/token/ERC20/IERC20.sol";
  |         ^^^^^^
  |
  = help: https://book.getfoundry.sh/reference/forge/forge-lint#unused-import

warning[unsafe-typecast]: typecasts that can truncate values should be checked
   --> src/SineV3Primitive.sol:114:65
    |
114 |         if (z < 512) return SineV3DataInfo.LAST_QUARTER_INDEX + uint256(z - 4) / 2;
    |                                                                 ^^^^^^^^^^^^^^
    |
    = note: consider disabling this lint if you're certain the cast is safe
            
            // casting to 'uint256' is safe because [explain why]
            // forge-lint: disable-next-line(unsafe-typecast)
            
            
    = help: https://book.getfoundry.sh/reference/forge/forge-lint#unsafe-typecast

warning[unsafe-typecast]: typecasts that can truncate values should be checked
   --> src/SineV3Primitive.sol:115:49
    |
115 |         return SineV3DataInfo.LAST_HALF_INDEX + uint256(z - 512) / 4;
    |                                                 ^^^^^^^^^^^^^^^^
    |
    = note: consider disabling this lint if you're certain the cast is safe
            
            // casting to 'uint256' is safe because [explain why]
            // forge-lint: disable-next-line(unsafe-typecast)
            
            
    = help: https://book.getfoundry.sh/reference/forge/forge-lint#unsafe-typecast

warning[unsafe-typecast]: typecasts that can truncate values should be checked
   --> src/SineV3Primitive.sol:128:29
    |
128 |         uint256 fraction4 = uint256(cell.left4 - 4 * base);
    |                             ^^^^^^^^^^^^^^^^^^^^^^^^^^^^^^
    |
    = note: consider disabling this lint if you're certain the cast is safe
            
            // casting to 'uint256' is safe because [explain why]
            // forge-lint: disable-next-line(unsafe-typecast)
            
            
    = help: https://book.getfoundry.sh/reference/forge/forge-lint#unsafe-typecast

warning[unsafe-typecast]: typecasts that can truncate values should be checked
   --> src/SineV3Primitive.sol:138:67
    |
138 |             samples[j] = SineV3Price.densityAtPhase(base * 1e18 + int256(phase), scale);
    |                                                                   ^^^^^^^^^^^^^
    |
    = note: consider disabling this lint if you're certain the cast is safe
            
            // casting to 'int256' is safe because [explain why]
            // forge-lint: disable-next-line(unsafe-typecast)
            
            
    = help: https://book.getfoundry.sh/reference/forge/forge-lint#unsafe-typecast

warning[unsafe-typecast]: typecasts that can truncate values should be checked
   --> src/SineV3Primitive.sol:149:46
    |
149 |                 coefficient += weight < 0 ? -int256(magnitude) : int256(magnitude);
    |                                              ^^^^^^^^^^^^^^^^^
    |
    = note: consider disabling this lint if you're certain the cast is safe
            
            // casting to 'int256' is safe because [explain why]
            // forge-lint: disable-next-line(unsafe-typecast)
            
            
    = help: https://book.getfoundry.sh/reference/forge/forge-lint#unsafe-typecast

warning[unsafe-typecast]: typecasts that can truncate values should be checked
   --> src/SineV3Primitive.sol:149:66
    |
149 |                 coefficient += weight < 0 ? -int256(magnitude) : int256(magnitude);
    |                                                                  ^^^^^^^^^^^^^^^^^
    |
    = note: consider disabling this lint if you're certain the cast is safe
            
            // casting to 'int256' is safe because [explain why]
            // forge-lint: disable-next-line(unsafe-typecast)
            
            
    = help: https://book.getfoundry.sh/reference/forge/forge-lint#unsafe-typecast

warning[unsafe-typecast]: typecasts that can truncate values should be checked
   --> src/SineV3Primitive.sol:152:22
    |
152 |             total += uint256(coefficient);
    |                      ^^^^^^^^^^^^^^^^^^^^
    |
    = note: consider disabling this lint if you're certain the cast is safe
            
            // casting to 'uint256' is safe because [explain why]
            // forge-lint: disable-next-line(unsafe-typecast)
            
            
    = help: https://book.getfoundry.sh/reference/forge/forge-lint#unsafe-typecast

note[screaming-snake-case-immutable]: immutables should use SCREAMING_SNAKE_CASE
  --> src/HookInitCode.sol:47:30
   |
47 |     address public immutable first;
   |                              ^^^^^ help: consider using: `FIRST`
   |
   = help: https://book.getfoundry.sh/reference/forge/forge-lint#screaming-snake-case-immutable

note[screaming-snake-case-immutable]: immutables should use SCREAMING_SNAKE_CASE
  --> src/HookInitCode.sol:48:30
   |
48 |     address public immutable second;
   |                              ^^^^^^ help: consider using: `SECOND`
   |
   = help: https://book.getfoundry.sh/reference/forge/forge-lint#screaming-snake-case-immutable

note[unused-import]: unused imports should be removed
 --> test/wave2/auditorB/B5_Zaps.t.sol:4:16
  |
4 | import {BBase, BRouter, RevertingReceiver, ReentrantForward} from "./BBase.sol";
  |                ^^^^^^^
  |
  = help: https://book.getfoundry.sh/reference/forge/forge-lint#unused-import

note[unused-import]: unused imports should be removed
 --> test/wave2/auditorB/B5_Zaps.t.sol:7:9
  |
7 | import {CurveHook} from "../../../src/CurveHook.sol";
  |         ^^^^^^^^^
  |
  = help: https://book.getfoundry.sh/reference/forge/forge-lint#unused-import

note[unused-import]: unused imports should be removed
  --> test/wave2/auditorB/B5_Zaps.t.sol:10:9
   |
10 | import {IERC20} from "@openzeppelin/contracts/token/ERC20/IERC20.sol";
   |         ^^^^^^
   |
   = help: https://book.getfoundry.sh/reference/forge/forge-lint#unused-import

warning[erc20-unchecked-transfer]: ERC20 'transfer' and 'transferFrom' calls should check the return value
   --> test/wave2/auditorB/B5_Zaps.t.sol:115:9
    |
115 |         psp.transfer(address(rr), out);
    |         ^^^^^^^^^^^^^^^^^^^^^^^^^^^^^^
    |
    = help: https://book.getfoundry.sh/reference/forge/forge-lint#erc20-unchecked-transfer

warning[erc20-unchecked-transfer]: ERC20 'transfer' and 'transferFrom' calls should check the return value
   --> test/wave2/auditorB/B5_Zaps.t.sol:135:9
    |
135 |         psp.transfer(address(rf), out1);
    |         ^^^^^^^^^^^^^^^^^^^^^^^^^^^^^^^
    |
    = help: https://book.getfoundry.sh/reference/forge/forge-lint#erc20-unchecked-transfer

warning[erc20-unchecked-transfer]: ERC20 'transfer' and 'transferFrom' calls should check the return value
   --> test/wave2/auditorB/B5_Zaps.t.sol:175:9
    |
175 |         mixETH.transfer(address(zapOut), 5e18);
    |         ^^^^^^^^^^^^^^^^^^^^^^^^^^^^^^^^^^^^^^
    |
    = help: https://book.getfoundry.sh/reference/forge/forge-lint#erc20-unchecked-transfer

warning[erc20-unchecked-transfer]: ERC20 'transfer' and 'transferFrom' calls should check the return value
   --> test/wave2/auditorB/B5_Zaps.t.sol:176:9
    |
176 |         mixETH.transfer(address(zapIn), 5e18);
    |         ^^^^^^^^^^^^^^^^^^^^^^^^^^^^^^^^^^^^^
    |
    = help: https://book.getfoundry.sh/reference/forge/forge-lint#erc20-unchecked-transfer

warning[unsafe-typecast]: typecasts that can truncate values should be checked
   --> src/SineV3Primitive.sol:225:30
    |
225 |         int256 target = f0 + int256(distance);
    |                              ^^^^^^^^^^^^^^^^
    |
    = note: consider disabling this lint if you're certain the cast is safe
            
            // casting to 'int256' is safe because [explain why]
            // forge-lint: disable-next-line(unsafe-typecast)
            
            
    = help: https://book.getfoundry.sh/reference/forge/forge-lint#unsafe-typecast

warning[unsafe-typecast]: typecasts that can truncate values should be checked
   --> src/SineV3Primitive.sol:276:36
    |
276 |         if (x4 >= 0) return boot + uint256(x4) * lam / 4;
    |                                    ^^^^^^^^^^^
    |
    = note: consider disabling this lint if you're certain the cast is safe
            
            // casting to 'uint256' is safe because [explain why]
            // forge-lint: disable-next-line(unsafe-typecast)
            
            
    = help: https://book.getfoundry.sh/reference/forge/forge-lint#unsafe-typecast

warning[unsafe-typecast]: typecasts that can truncate values should be checked
   --> src/SineV3Primitive.sol:277:35
    |
277 |         uint256 back = FPML.divUp(uint256(-x4) * lam, 4);
    |                                   ^^^^^^^^^^^^
    |
    = note: consider disabling this lint if you're certain the cast is safe
            
            // casting to 'uint256' is safe because [explain why]
            // forge-lint: disable-next-line(unsafe-typecast)
            
            
    = help: https://book.getfoundry.sh/reference/forge/forge-lint#unsafe-typecast

warning[unsafe-typecast]: typecasts that can truncate values should be checked
   --> src/SineV3Primitive.sol:282:47
    |
282 |         if (x4 >= 0) return boot + FPML.divUp(uint256(x4) * lam, 4);
    |                                               ^^^^^^^^^^^
    |
    = note: consider disabling this lint if you're certain the cast is safe
            
            // casting to 'uint256' is safe because [explain why]
            // forge-lint: disable-next-line(unsafe-typecast)
            
            
    = help: https://book.getfoundry.sh/reference/forge/forge-lint#unsafe-typecast

warning[unsafe-typecast]: typecasts that can truncate values should be checked
   --> src/SineV3Primitive.sol:283:24
    |
283 |         uint256 back = uint256(-x4) * lam / 4;
    |                        ^^^^^^^^^^^^
    |
    = note: consider disabling this lint if you're certain the cast is safe
            
            // casting to 'uint256' is safe because [explain why]
            // forge-lint: disable-next-line(unsafe-typecast)
            
            
    = help: https://book.getfoundry.sh/reference/forge/forge-lint#unsafe-typecast

note[named-struct-fields]: prefer initializing structs with named fields
  --> test/SineV3SmallReserveFixtures.sol:73:17
   |
73 |         r[62] = Row(8301454222222222222222222, 129710222222222222222222, 1000000, 1000000000, 25343117354595023629094);
   |                 ^^^^^^^^^^^^^^^^^^^^^^^^^^^^^^^^^^^^^^^^^^^^^^^^^^^^^^^^^^^^^^^^^^^^^^^^^^^^^^^^^^^^^^^^^^^^^^^^^^^^^^ help: consider using named fields: `Row({ boot: 8301454222222222222222222, wavelength: 129710222222222222222222, reserve: 1000000, price: 1000000000, expected: 25343117354595023629094 })`
   |
   = help: https://book.getfoundry.sh/reference/forge/forge-lint#named-struct-fields

note[named-struct-fields]: prefer initializing structs with named fields
  --> test/SineV3SmallReserveFixtures.sol:74:17
   |
74 |         r[63] = Row(8301454222222222222222222, 129710222222222222222222, 1000000000000, 1000000000, 25343117354595023629094232276);
   |                 ^^^^^^^^^^^^^^^^^^^^^^^^^^^^^^^^^^^^^^^^^^^^^^^^^^^^^^^^^^^^^^^^^^^^^^^^^^^^^^^^^^^^^^^^^^^^^^^^^^^^^^^^^^^^^^^^^^ help: consider using named fields: `Row({ boot: 8301454222222222222222222, wavelength: 129710222222222222222222, reserve: 1000000000000, price: 1000000000, expected: 25343117354595023629094232276 })`
   |
   = help: https://book.getfoundry.sh/reference/forge/forge-lint#named-struct-fields

note[mixed-case-function]: function names should use mixedCase
 --> src/interfaces/IMixETH.sol:8:14
  |
8 |     function depositETH() external payable returns (uint256 shares);
  |              ^^^^^^^^^^ help: consider using: `depositEth`
  |
  = help: https://book.getfoundry.sh/reference/forge/forge-lint#mixed-case-function

note[screaming-snake-case-immutable]: immutables should use SCREAMING_SNAKE_CASE
  --> test/NftInterface.t.sol:15:25
   |
15 |     PSPStaker immutable staking;
   |                         ^^^^^^^ help: consider using: `STAKING`
   |
   = help: https://book.getfoundry.sh/reference/forge/forge-lint#screaming-snake-case-immutable

note[screaming-snake-case-immutable]: immutables should use SCREAMING_SNAKE_CASE
   --> test/TicketRulesV3.t.sol:266:35
    |
266 |     IPoolManager public immutable pm;
    |                                   ^^ help: consider using: `PM`
    |
    = help: https://book.getfoundry.sh/reference/forge/forge-lint#screaming-snake-case-immutable

note[screaming-snake-case-immutable]: immutables should use SCREAMING_SNAKE_CASE
   --> test/TicketRulesV3.t.sol:267:29
    |
267 |     IERC20 public immutable mix;
    |                             ^^^ help: consider using: `MIX`
    |
    = help: https://book.getfoundry.sh/reference/forge/forge-lint#screaming-snake-case-immutable

warning[erc20-unchecked-transfer]: ERC20 'transfer' and 'transferFrom' calls should check the return value
   --> test/wave2/auditorB/B5_Zaps.t.sol:180:9
    |
180 |         psp.transfer(address(zapIn), 1e15); // PSP donation to zapIn
    |         ^^^^^^^^^^^^^^^^^^^^^^^^^^^^^^^^^^
    |
    = help: https://book.getfoundry.sh/reference/forge/forge-lint#erc20-unchecked-transfer

note[asm-keccak256]: use of inefficient hashing mechanism; consider using inline assembly
  --> src/HookDeployer.sol:86:16
   |
86 |         return keccak256(abi.encode(block.prevrandao, block.timestamp, block.number, controller));
   |                ^^^^^^^^^^^^^^^^^^^^^^^^^^^^^^^^^^^^^^^^^^^^^^^^^^^^^^^^^^^^^^^^^^^^^^^^^^^^^^^^^^
   |
   = help: https://book.getfoundry.sh/reference/forge/forge-lint#asm-keccak256

warning[unsafe-typecast]: typecasts that can truncate values should be checked
   --> src/PSPZapOut.sol:158:26
    |
158 |         uint256 mixOut = uint256(int256(mixDelta));
    |                          ^^^^^^^^^^^^^^^^^^^^^^^^^
    |
    = note: consider disabling this lint if you're certain the cast is safe
            
            // casting to 'uint256' is safe because [explain why]
            // forge-lint: disable-next-line(unsafe-typecast)
            
            
    = help: https://book.getfoundry.sh/reference/forge/forge-lint#unsafe-typecast

note[unused-import]: unused imports should be removed
 --> test/wave2/auditorB/B6_AdminAPI.t.sol:4:25
  |
4 | import {BBase, BRouter, HookProbe} from "./BBase.sol";
  |                         ^^^^^^^^^
  |
  = help: https://book.getfoundry.sh/reference/forge/forge-lint#unused-import

note[unused-import]: unused imports should be removed
 --> test/wave2/auditorB/B6_AdminAPI.t.sol:6:9
  |
6 | import {RoundController} from "../../../src/RoundController.sol";
  |         ^^^^^^^^^^^^^^^
  |
  = help: https://book.getfoundry.sh/reference/forge/forge-lint#unused-import

note[unused-import]: unused imports should be removed
 --> test/wave2/auditorB/B6_AdminAPI.t.sol:7:9
  |
7 | import {PSPToken} from "../../../src/PSPToken.sol";
  |         ^^^^^^^^
  |
  = help: https://book.getfoundry.sh/reference/forge/forge-lint#unused-import

note[unused-import]: unused imports should be removed
 --> test/wave2/auditorB/B6_AdminAPI.t.sol:8:9
  |
8 | import {IERC20} from "@openzeppelin/contracts/token/ERC20/IERC20.sol";
  |         ^^^^^^
  |
  = help: https://book.getfoundry.sh/reference/forge/forge-lint#unused-import

note[unused-import]: unused imports should be removed
 --> test/wave2/auditorB/B6_AdminAPI.t.sol:9:9
  |
9 | import {console2} from "forge-std/console2.sol";
  |         ^^^^^^^^
  |
  = help: https://book.getfoundry.sh/reference/forge/forge-lint#unused-import

note[mixed-case-function]: function names should use mixedCase
 --> src/interfaces/IMixETH.sol:9:14
  |
9 |     function redeemETH(uint256 shareAmount) external returns (uint256 ethOut);
  |              ^^^^^^^^^ help: consider using: `redeemEth`
  |
  = help: https://book.getfoundry.sh/reference/forge/forge-lint#mixed-case-function

note[mixed-case-variable]: mutable variables should use mixedCase
  --> test/wave2/auditorB/B4_CurveMathFuzz.t.sol:19:17
   |
19 |         uint256 P0 = 1 + (r % 1e24);
   |                 ^^ help: consider using: `p0`
   |
   = help: https://book.getfoundry.sh/reference/forge/forge-lint#mixed-case-variable

note[screaming-snake-case-immutable]: immutables should use SCREAMING_SNAKE_CASE
  --> src/PSPToken.sol:18:30
   |
18 |     address public immutable factory;
   |                              ^^^^^^^ help: consider using: `FACTORY`
   |
   = help: https://book.getfoundry.sh/reference/forge/forge-lint#screaming-snake-case-immutable

note[unwrapped-modifier-logic]: wrap modifier logic to reduce code size
  --> src/PSPToken.sol:21:5
   |
21 | /     modifier onlyController() {
22 | |         if (msg.sender != controller) revert OnlyController();
23 | |         _;
24 | |     }
   | |_____^
   |
help: wrap modifier logic to reduce code size
   |
21 ~     modifier onlyController() {
22 +         _onlyController();
23 +         _;
24 +     }
25 + 
26 +     function _onlyController() internal {
27 +         if (msg.sender != controller) revert OnlyController();
28 +     }
   |
   = help: https://book.getfoundry.sh/reference/forge/forge-lint#unwrapped-modifier-logic

note[mixed-case-function]: function names should use mixedCase
  --> test/ReferralPurchase.t.sol:21:14
   |
21 |     function createMixETH() internal override returns (MockMixETH) { return new ReferralCallbackMix(); }
   |              ^^^^^^^^^^^^ help: consider using: `createMixEth`
   |
   = help: https://book.getfoundry.sh/reference/forge/forge-lint#mixed-case-function

note[mixed-case-function]: function names should use mixedCase
  --> src/VectorPepeDescriptor.sol:41:14
   |
41 |     function renderSVG(uint256 dna) public pure returns (string memory) {
   |              ^^^^^^^^^ help: consider using: `renderSvg`
   |
   = help: https://book.getfoundry.sh/reference/forge/forge-lint#mixed-case-function

note[mixed-case-variable]: mutable variables should use mixedCase
  --> script/DeployPSP.s.sol:42:17
   |
42 |         uint128 sinePL = _sinePL();
   |                 ^^^^^^ help: consider using: `sinePl`
   |
   = help: https://book.getfoundry.sh/reference/forge/forge-lint#mixed-case-variable

note[unused-import]: unused imports should be removed
 --> test/TicketRulesV3.t.sol:4:9
  |
4 | import {Test, console2} from "forge-std/Test.sol";
  |         ^^^^
  |
  = help: https://book.getfoundry.sh/reference/forge/forge-lint#unused-import

note[unused-import]: unused imports should be removed
 --> test/TicketRulesV3.t.sol:4:15
  |
4 | import {Test, console2} from "forge-std/Test.sol";
  |               ^^^^^^^^
  |
  = help: https://book.getfoundry.sh/reference/forge/forge-lint#unused-import

note[unsafe-cheatcode]: usage of unsafe cheatcodes that can perform dangerous operations
  --> script/DeployPSP.s.sol:45:39
   |
45 |         string memory htmlSource = vm.readFile(htmlPath);
   |                                       ^^^^^^^^
   |
   = help: https://book.getfoundry.sh/reference/forge/forge-lint#unsafe-cheatcode

note[mixed-case-variable]: mutable variables should use mixedCase
  --> script/DeployPSP.s.sol:55:29
   |
55 |             MockPoolManager mockPM = new MockPoolManager();
   |                             ^^^^^^ help: consider using: `mockPm`
   |
   = help: https://book.getfoundry.sh/reference/forge/forge-lint#mixed-case-variable

note[unsafe-cheatcode]: usage of unsafe cheatcodes that can perform dangerous operations
  --> script/CompleteBaseDeploy.s.sol:31:34
   |
31 |             html = vm.replace(vm.readFile(_htmlPath(testnet)), "__FACTORY__", vm.toString(address(factory)));
   |                                  ^^^^^^^^
   |
   = help: https://book.getfoundry.sh/reference/forge/forge-lint#unsafe-cheatcode

note[named-struct-fields]: prefer initializing structs with named fields
  --> test/SineV3SmallReserveFixtures.sol:75:17
   |
75 | ... = Row(8301454222222222222222222, 129710222222222222222222, 1000000000000000, 1000000000, 25343117354595023629094230053734);
   |       ^^^^^^^^^^^^^^^^^^^^^^^^^^^^^^^^^^^^^^^^^^^^^^^^^^^^^^^^^^^^^^^^^^^^^^^^^^^^^^^^^^^^^^^^^^^^^^^^^^^^^^^^^^^^^^^^^^^^^^^^ help: consider using named fields: `Row({ boot: 8301454222222222222222222, wavelength: 129710222222222222222222, reserve: 1000000000000000, price: 1000000000, expected: 25343117354595023629094230053734 })`
   |
   = help: https://book.getfoundry.sh/reference/forge/forge-lint#named-struct-fields

warning[unsafe-typecast]: typecasts that can truncate values should be checked
  --> src/VectorPepeDescriptor.sol:29:18
   |
29 |         t.expr = uint8(dna & 7);
   |                  ^^^^^^^^^^^^^^
   |
   = note: consider disabling this lint if you're certain the cast is safe
           
           // casting to 'uint8' is safe because [explain why]
           // forge-lint: disable-next-line(unsafe-typecast)
           
           
   = help: https://book.getfoundry.sh/reference/forge/forge-lint#unsafe-typecast

note[mixed-case-variable]: mutable variables should use mixedCase
   --> test/wave2/auditorB/B4_CurveMathFuzz.t.sol:339:17
    |
339 |         uint256 S0 = S;
    |                 ^^ help: consider using: `s0`
    |
    = help: https://book.getfoundry.sh/reference/forge/forge-lint#mixed-case-variable

warning[erc20-unchecked-transfer]: ERC20 'transfer' and 'transferFrom' calls should check the return value
  --> test/MultiOwnerStateful.t.sol:33:25
   |
33 |             if (i != 0) mixETH.transfer(actors[i], 1000e18);
   |                         ^^^^^^^^^^^^^^^^^^^^^^^^^^^^^^^^^^^
   |
   = help: https://book.getfoundry.sh/reference/forge/forge-lint#erc20-unchecked-transfer

warning[unsafe-typecast]: typecasts that can truncate values should be checked
  --> src/SineV3Price.sol:44:25
   |
44 |         return x < 0 ? -int256(value) : int256(value);
   |                         ^^^^^^^^^^^^^
   |
   = note: consider disabling this lint if you're certain the cast is safe
           
           // casting to 'int256' is safe because [explain why]
           // forge-lint: disable-next-line(unsafe-typecast)
           
           
   = help: https://book.getfoundry.sh/reference/forge/forge-lint#unsafe-typecast

warning[unsafe-typecast]: typecasts that can truncate values should be checked
  --> src/SineV3Price.sol:44:41
   |
44 |         return x < 0 ? -int256(value) : int256(value);
   |                                         ^^^^^^^^^^^^^
   |
   = note: consider disabling this lint if you're certain the cast is safe
           
           // casting to 'int256' is safe because [explain why]
           // forge-lint: disable-next-line(unsafe-typecast)
           
           
   = help: https://book.getfoundry.sh/reference/forge/forge-lint#unsafe-typecast

warning[unsafe-typecast]: typecasts that can truncate values should be checked
  --> src/SineV3Price.sol:66:25
   |
66 |         return s < 0 ? -int256(exponent) : int256(exponent);
   |                         ^^^^^^^^^^^^^^^^
   |
   = note: consider disabling this lint if you're certain the cast is safe
           
           // casting to 'int256' is safe because [explain why]
           // forge-lint: disable-next-line(unsafe-typecast)
           
           
   = help: https://book.getfoundry.sh/reference/forge/forge-lint#unsafe-typecast

warning[erc20-unchecked-transfer]: ERC20 'transfer' and 'transferFrom' calls should check the return value
  --> test/TicketRulesV3.t.sol:96:9
   |
96 |         mixETH.transfer(alice, 100e18);
   |         ^^^^^^^^^^^^^^^^^^^^^^^^^^^^^^
   |
   = help: https://book.getfoundry.sh/reference/forge/forge-lint#erc20-unchecked-transfer

warning[unsafe-typecast]: typecasts that can truncate values should be checked
   --> src/VectorPepeDescriptor.sol:138:52
    |
138 |         if (v < 0) return string.concat('-', _utoa(uint256(uint16(-v)) * 10));
    |                                                    ^^^^^^^^^^^^^^^^^^^
    |
    = note: consider disabling this lint if you're certain the cast is safe
            
            // casting to 'uint256' is safe because [explain why]
            // forge-lint: disable-next-line(unsafe-typecast)
            
            
    = help: https://book.getfoundry.sh/reference/forge/forge-lint#unsafe-typecast

warning[unsafe-typecast]: typecasts that can truncate values should be checked
   --> src/VectorPepeDescriptor.sol:138:60
    |
138 |         if (v < 0) return string.concat('-', _utoa(uint256(uint16(-v)) * 10));
    |                                                            ^^^^^^^^^^
    |
    = note: consider disabling this lint if you're certain the cast is safe
            
            // casting to 'uint16' is safe because [explain why]
            // forge-lint: disable-next-line(unsafe-typecast)
            
            
    = help: https://book.getfoundry.sh/reference/forge/forge-lint#unsafe-typecast

warning[unsafe-typecast]: typecasts that can truncate values should be checked
   --> src/VectorPepeDescriptor.sol:139:22
    |
139 |         return _utoa(uint256(uint16(v)) * 10);
    |                      ^^^^^^^^^^^^^^^^^^
    |
    = note: consider disabling this lint if you're certain the cast is safe
            
            // casting to 'uint256' is safe because [explain why]
            // forge-lint: disable-next-line(unsafe-typecast)
            
            
    = help: https://book.getfoundry.sh/reference/forge/forge-lint#unsafe-typecast

note[named-struct-fields]: prefer initializing structs with named fields
  --> test/SineV3SmallReserveFixtures.sol:76:17
   |
76 |         r[65] = Row(8301454222222222222222222, 129710222222222222222222, 1, 75000000000000, 337908231394);
   |                 ^^^^^^^^^^^^^^^^^^^^^^^^^^^^^^^^^^^^^^^^^^^^^^^^^^^^^^^^^^^^^^^^^^^^^^^^^^^^^^^^^^^^^^^^^ help: consider using named fields: `Row({ boot: 8301454222222222222222222, wavelength: 129710222222222222222222, reserve: 1, price: 75000000000000, expected: 337908231394 })`
   |
   = help: https://book.getfoundry.sh/reference/forge/forge-lint#named-struct-fields

note[named-struct-fields]: prefer initializing structs with named fields
  --> test/SineV3SmallReserveFixtures.sol:77:17
   |
77 |         r[66] = Row(8301454222222222222222222, 129710222222222222222222, 2, 75000000000000, 675816462789);
   |                 ^^^^^^^^^^^^^^^^^^^^^^^^^^^^^^^^^^^^^^^^^^^^^^^^^^^^^^^^^^^^^^^^^^^^^^^^^^^^^^^^^^^^^^^^^ help: consider using named fields: `Row({ boot: 8301454222222222222222222, wavelength: 129710222222222222222222, reserve: 2, price: 75000000000000, expected: 675816462789 })`
   |
   = help: https://book.getfoundry.sh/reference/forge/forge-lint#named-struct-fields

note[named-struct-fields]: prefer initializing structs with named fields
  --> test/SineV3SmallReserveFixtures.sol:78:17
   |
78 |         r[67] = Row(8301454222222222222222222, 129710222222222222222222, 1000000, 75000000000000, 337908231394600315);
   |                 ^^^^^^^^^^^^^^^^^^^^^^^^^^^^^^^^^^^^^^^^^^^^^^^^^^^^^^^^^^^^^^^^^^^^^^^^^^^^^^^^^^^^^^^^^^^^^^^^^^^^^ help: consider using named fields: `Row({ boot: 8301454222222222222222222, wavelength: 129710222222222222222222, reserve: 1000000, price: 75000000000000, expected: 337908231394600315 })`
   |
   = help: https://book.getfoundry.sh/reference/forge/forge-lint#named-struct-fields

note[named-struct-fields]: prefer initializing structs with named fields
  --> test/MultiOwnerStateful.t.sol:58:24
   |
58 |         targetSelector(FuzzSelector(address(this), selectors));
   |                        ^^^^^^^^^^^^^^^^^^^^^^^^^^^^^^^^^^^^^^ help: consider using named fields: `FuzzSelector({ addr: address(this), selectors: selectors })`
   |
   = help: https://book.getfoundry.sh/reference/forge/forge-lint#named-struct-fields

warning[unsafe-typecast]: typecasts that can truncate values should be checked
  --> src/SineV3Price.sol:66:44
   |
66 |         return s < 0 ? -int256(exponent) : int256(exponent);
   |                                            ^^^^^^^^^^^^^^^^
   |
   = note: consider disabling this lint if you're certain the cast is safe
           
           // casting to 'int256' is safe because [explain why]
           // forge-lint: disable-next-line(unsafe-typecast)
           
           
   = help: https://book.getfoundry.sh/reference/forge/forge-lint#unsafe-typecast

note[named-struct-fields]: prefer initializing structs with named fields
  --> test/SineV3SmallReserveFixtures.sol:79:17
   |
79 |         r[68] = Row(8301454222222222222222222, 129710222222222222222222, 1000000000000, 75000000000000, 337908231394600315054589);
   |                 ^^^^^^^^^^^^^^^^^^^^^^^^^^^^^^^^^^^^^^^^^^^^^^^^^^^^^^^^^^^^^^^^^^^^^^^^^^^^^^^^^^^^^^^^^^^^^^^^^^^^^^^^^^^^^^^^^ help: consider using named fields: `Row({ boot: 8301454222222222222222222, wavelength: 129710222222222222222222, reserve: 1000000000000, price: 75000000000000, expected: 337908231394600315054589 })`
   |
   = help: https://book.getfoundry.sh/reference/forge/forge-lint#named-struct-fields

note[named-struct-fields]: prefer initializing structs with named fields
  --> test/SineV3SmallReserveFixtures.sol:80:17
   |
80 | ... = Row(8301454222222222222222222, 129710222222222222222222, 1000000000000000, 75000000000000, 337908231394600315054589734);
   |       ^^^^^^^^^^^^^^^^^^^^^^^^^^^^^^^^^^^^^^^^^^^^^^^^^^^^^^^^^^^^^^^^^^^^^^^^^^^^^^^^^^^^^^^^^^^^^^^^^^^^^^^^^^^^^^^^^^^^^^^ help: consider using named fields: `Row({ boot: 8301454222222222222222222, wavelength: 129710222222222222222222, reserve: 1000000000000000, price: 75000000000000, expected: 337908231394600315054589734 })`
   |
   = help: https://book.getfoundry.sh/reference/forge/forge-lint#named-struct-fields

note[named-struct-fields]: prefer initializing structs with named fields
  --> test/SineV3SmallReserveFixtures.sol:81:17
   |
81 |         r[70] = Row(8301454222222222222222222, 129710222222222222222222, 1, 1000000000000000000, 25343117);
   |                 ^^^^^^^^^^^^^^^^^^^^^^^^^^^^^^^^^^^^^^^^^^^^^^^^^^^^^^^^^^^^^^^^^^^^^^^^^^^^^^^^^^^^^^^^^^ help: consider using named fields: `Row({ boot: 8301454222222222222222222, wavelength: 129710222222222222222222, reserve: 1, price: 1000000000000000000, expected: 25343117 })`
   |
   = help: https://book.getfoundry.sh/reference/forge/forge-lint#named-struct-fields

note[named-struct-fields]: prefer initializing structs with named fields
  --> test/SineV3SmallReserveFixtures.sol:82:17
   |
82 |         r[71] = Row(8301454222222222222222222, 129710222222222222222222, 2, 1000000000000000000, 50686234);
   |                 ^^^^^^^^^^^^^^^^^^^^^^^^^^^^^^^^^^^^^^^^^^^^^^^^^^^^^^^^^^^^^^^^^^^^^^^^^^^^^^^^^^^^^^^^^^ help: consider using named fields: `Row({ boot: 8301454222222222222222222, wavelength: 129710222222222222222222, reserve: 2, price: 1000000000000000000, expected: 50686234 })`
   |
   = help: https://book.getfoundry.sh/reference/forge/forge-lint#named-struct-fields

note[named-struct-fields]: prefer initializing structs with named fields
  --> test/SineV3SmallReserveFixtures.sol:83:17
   |
83 |         r[72] = Row(8301454222222222222222222, 129710222222222222222222, 1000000, 1000000000000000000, 25343117354595);
   |                 ^^^^^^^^^^^^^^^^^^^^^^^^^^^^^^^^^^^^^^^^^^^^^^^^^^^^^^^^^^^^^^^^^^^^^^^^^^^^^^^^^^^^^^^^^^^^^^^^^^^^^^ help: consider using named fields: `Row({ boot: 8301454222222222222222222, wavelength: 129710222222222222222222, reserve: 1000000, price: 1000000000000000000, expected: 25343117354595 })`
   |
   = help: https://book.getfoundry.sh/reference/forge/forge-lint#named-struct-fields

note[named-struct-fields]: prefer initializing structs with named fields
  --> test/SineV3SmallReserveFixtures.sol:84:17
   |
84 |         r[73] = Row(8301454222222222222222222, 129710222222222222222222, 1000000000000, 1000000000000000000, 25343117354595023629);
   |                 ^^^^^^^^^^^^^^^^^^^^^^^^^^^^^^^^^^^^^^^^^^^^^^^^^^^^^^^^^^^^^^^^^^^^^^^^^^^^^^^^^^^^^^^^^^^^^^^^^^^^^^^^^^^^^^^^^^ help: consider using named fields: `Row({ boot: 8301454222222222222222222, wavelength: 129710222222222222222222, reserve: 1000000000000, price: 1000000000000000000, expected: 25343117354595023629 })`
   |
   = help: https://book.getfoundry.sh/reference/forge/forge-lint#named-struct-fields

note[named-struct-fields]: prefer initializing structs with named fields
  --> test/SineV3SmallReserveFixtures.sol:85:17
   |
85 | ... = Row(8301454222222222222222222, 129710222222222222222222, 1000000000000000, 1000000000000000000, 25343117354595023629094);
   |       ^^^^^^^^^^^^^^^^^^^^^^^^^^^^^^^^^^^^^^^^^^^^^^^^^^^^^^^^^^^^^^^^^^^^^^^^^^^^^^^^^^^^^^^^^^^^^^^^^^^^^^^^^^^^^^^^^^^^^^^^ help: consider using named fields: `Row({ boot: 8301454222222222222222222, wavelength: 129710222222222222222222, reserve: 1000000000000000, price: 1000000000000000000, expected: 25343117354595023629094 })`
   |
   = help: https://book.getfoundry.sh/reference/forge/forge-lint#named-struct-fields

note[named-struct-fields]: prefer initializing structs with named fields
  --> test/SineV3SmallReserveFixtures.sol:86:17
   |
86 |         r[75] = Row(8397717244938888888888888, 130460109444444444444444, 1, 1000000000, 26102313889841033);
   |                 ^^^^^^^^^^^^^^^^^^^^^^^^^^^^^^^^^^^^^^^^^^^^^^^^^^^^^^^^^^^^^^^^^^^^^^^^^^^^^^^^^^^^^^^^^^ help: consider using named fields: `Row({ boot: 8397717244938888888888888, wavelength: 130460109444444444444444, reserve: 1, price: 1000000000, expected: 26102313889841033 })`
   |
   = help: https://book.getfoundry.sh/reference/forge/forge-lint#named-struct-fields

note[named-struct-fields]: prefer initializing structs with named fields
  --> test/SineV3SmallReserveFixtures.sol:87:17
   |
87 |         r[76] = Row(8397717244938888888888888, 130460109444444444444444, 2, 1000000000, 52204627779682066);
   |                 ^^^^^^^^^^^^^^^^^^^^^^^^^^^^^^^^^^^^^^^^^^^^^^^^^^^^^^^^^^^^^^^^^^^^^^^^^^^^^^^^^^^^^^^^^^ help: consider using named fields: `Row({ boot: 8397717244938888888888888, wavelength: 130460109444444444444444, reserve: 2, price: 1000000000, expected: 52204627779682066 })`
   |
   = help: https://book.getfoundry.sh/reference/forge/forge-lint#named-struct-fields

warning[erc20-unchecked-transfer]: ERC20 'transfer' and 'transferFrom' calls should check the return value
   --> test/TicketRulesV3.t.sol:184:9
    |
184 |         mixETH.transfer(alice, 100e18);
    |         ^^^^^^^^^^^^^^^^^^^^^^^^^^^^^^
    |
    = help: https://book.getfoundry.sh/reference/forge/forge-lint#erc20-unchecked-transfer

note[unused-import]: unused imports should be removed
  --> test/ReferralPurchase.t.sol:10:9
   |
10 | import {IERC20} from "@openzeppelin/contracts/token/ERC20/IERC20.sol";
   |         ^^^^^^
   |
   = help: https://book.getfoundry.sh/reference/forge/forge-lint#unused-import

warning[erc20-unchecked-transfer]: ERC20 'transfer' and 'transferFrom' calls should check the return value
  --> test/ReferralPurchase.t.sol:30:9
   |
30 |         mixETH.transfer(alice, 100e18);
   |         ^^^^^^^^^^^^^^^^^^^^^^^^^^^^^^
   |
   = help: https://book.getfoundry.sh/reference/forge/forge-lint#erc20-unchecked-transfer

warning[erc20-unchecked-transfer]: ERC20 'transfer' and 'transferFrom' calls should check the return value
  --> test/ReferralPurchase.t.sol:41:9
   |
41 |         mixETH.transfer(who, 1e18);
   |         ^^^^^^^^^^^^^^^^^^^^^^^^^^
   |
   = help: https://book.getfoundry.sh/reference/forge/forge-lint#erc20-unchecked-transfer

note[named-struct-fields]: prefer initializing structs with named fields
  --> test/SineV3SmallReserveFixtures.sol:88:17
   |
88 |         r[77] = Row(8397717244938888888888888, 130460109444444444444444, 1000000, 1000000000, 26102313889841033126870);
   |                 ^^^^^^^^^^^^^^^^^^^^^^^^^^^^^^^^^^^^^^^^^^^^^^^^^^^^^^^^^^^^^^^^^^^^^^^^^^^^^^^^^^^^^^^^^^^^^^^^^^^^^^ help: consider using named fields: `Row({ boot: 8397717244938888888888888, wavelength: 130460109444444444444444, reserve: 1000000, price: 1000000000, expected: 26102313889841033126870 })`
   |
   = help: https://book.getfoundry.sh/reference/forge/forge-lint#named-struct-fields

note[named-struct-fields]: prefer initializing structs with named fields
  --> test/SineV3SmallReserveFixtures.sol:89:17
   |
89 |         r[78] = Row(8397717244938888888888888, 130460109444444444444444, 1000000000000, 1000000000, 26102313889821473645899682716);
   |                 ^^^^^^^^^^^^^^^^^^^^^^^^^^^^^^^^^^^^^^^^^^^^^^^^^^^^^^^^^^^^^^^^^^^^^^^^^^^^^^^^^^^^^^^^^^^^^^^^^^^^^^^^^^^^^^^^^^ help: consider using named fields: `Row({ boot: 8397717244938888888888888, wavelength: 130460109444444444444444, reserve: 1000000000000, price: 1000000000, expected: 26102313889821473645899682716 })`
   |
   = help: https://book.getfoundry.sh/reference/forge/forge-lint#named-struct-fields

note[named-struct-fields]: prefer initializing structs with named fields
  --> test/SineV3SmallReserveFixtures.sol:90:17
   |
90 | ... = Row(8397717244938888888888888, 130460109444444444444444, 1000000000000000, 1000000000, 26102313870281532761175918997386);
   |       ^^^^^^^^^^^^^^^^^^^^^^^^^^^^^^^^^^^^^^^^^^^^^^^^^^^^^^^^^^^^^^^^^^^^^^^^^^^^^^^^^^^^^^^^^^^^^^^^^^^^^^^^^^^^^^^^^^^^^^^^ help: consider using named fields: `Row({ boot: 8397717244938888888888888, wavelength: 130460109444444444444444, reserve: 1000000000000000, price: 1000000000, expected: 26102313870281532761175918997386 })`
   |
   = help: https://book.getfoundry.sh/reference/forge/forge-lint#named-struct-fields

note[named-struct-fields]: prefer initializing structs with named fields
  --> test/SineV3SmallReserveFixtures.sol:91:17
   |
91 |         r[80] = Row(8397717244938888888888888, 130460109444444444444444, 1, 75000000000000, 348030851864);
   |                 ^^^^^^^^^^^^^^^^^^^^^^^^^^^^^^^^^^^^^^^^^^^^^^^^^^^^^^^^^^^^^^^^^^^^^^^^^^^^^^^^^^^^^^^^^ help: consider using named fields: `Row({ boot: 8397717244938888888888888, wavelength: 130460109444444444444444, reserve: 1, price: 75000000000000, expected: 348030851864 })`
   |
   = help: https://book.getfoundry.sh/reference/forge/forge-lint#named-struct-fields

note[named-struct-fields]: prefer initializing structs with named fields
  --> test/SineV3SmallReserveFixtures.sol:92:17
   |
92 |         r[81] = Row(8397717244938888888888888, 130460109444444444444444, 2, 75000000000000, 696061703729);
   |                 ^^^^^^^^^^^^^^^^^^^^^^^^^^^^^^^^^^^^^^^^^^^^^^^^^^^^^^^^^^^^^^^^^^^^^^^^^^^^^^^^^^^^^^^^^ help: consider using named fields: `Row({ boot: 8397717244938888888888888, wavelength: 130460109444444444444444, reserve: 2, price: 75000000000000, expected: 696061703729 })`
   |
   = help: https://book.getfoundry.sh/reference/forge/forge-lint#named-struct-fields

note[named-struct-fields]: prefer initializing structs with named fields
  --> test/SineV3SmallReserveFixtures.sol:93:17
   |
93 |         r[82] = Row(8397717244938888888888888, 130460109444444444444444, 1000000, 75000000000000, 348030851864547108);
   |                 ^^^^^^^^^^^^^^^^^^^^^^^^^^^^^^^^^^^^^^^^^^^^^^^^^^^^^^^^^^^^^^^^^^^^^^^^^^^^^^^^^^^^^^^^^^^^^^^^^^^^^ help: consider using named fields: `Row({ boot: 8397717244938888888888888, wavelength: 130460109444444444444444, reserve: 1000000, price: 75000000000000, expected: 348030851864547108 })`
   |
   = help: https://book.getfoundry.sh/reference/forge/forge-lint#named-struct-fields

note[named-struct-fields]: prefer initializing structs with named fields
  --> test/SineV3SmallReserveFixtures.sol:94:17
   |
94 |         r[83] = Row(8397717244938888888888888, 130460109444444444444444, 1000000000000, 75000000000000, 348030851864286315278662);
   |                 ^^^^^^^^^^^^^^^^^^^^^^^^^^^^^^^^^^^^^^^^^^^^^^^^^^^^^^^^^^^^^^^^^^^^^^^^^^^^^^^^^^^^^^^^^^^^^^^^^^^^^^^^^^^^^^^^^ help: consider using named fields: `Row({ boot: 8397717244938888888888888, wavelength: 130460109444444444444444, reserve: 1000000000000, price: 75000000000000, expected: 348030851864286315278662 })`
   |
   = help: https://book.getfoundry.sh/reference/forge/forge-lint#named-struct-fields

note[named-struct-fields]: prefer initializing structs with named fields
  --> test/SineV3SmallReserveFixtures.sol:95:17
   |
95 | ... = Row(8397717244938888888888888, 130460109444444444444444, 1000000000000000, 75000000000000, 348030851603753770149012253);
   |       ^^^^^^^^^^^^^^^^^^^^^^^^^^^^^^^^^^^^^^^^^^^^^^^^^^^^^^^^^^^^^^^^^^^^^^^^^^^^^^^^^^^^^^^^^^^^^^^^^^^^^^^^^^^^^^^^^^^^^^^ help: consider using named fields: `Row({ boot: 8397717244938888888888888, wavelength: 130460109444444444444444, reserve: 1000000000000000, price: 75000000000000, expected: 348030851603753770149012253 })`
   |
   = help: https://book.getfoundry.sh/reference/forge/forge-lint#named-struct-fields

note[named-struct-fields]: prefer initializing structs with named fields
  --> test/SineV3SmallReserveFixtures.sol:96:17
   |
96 |         r[85] = Row(8397717244938888888888888, 130460109444444444444444, 1, 1000000000000000000, 26102313);
   |                 ^^^^^^^^^^^^^^^^^^^^^^^^^^^^^^^^^^^^^^^^^^^^^^^^^^^^^^^^^^^^^^^^^^^^^^^^^^^^^^^^^^^^^^^^^^ help: consider using named fields: `Row({ boot: 8397717244938888888888888, wavelength: 130460109444444444444444, reserve: 1, price: 1000000000000000000, expected: 26102313 })`
   |
   = help: https://book.getfoundry.sh/reference/forge/forge-lint#named-struct-fields

note[named-struct-fields]: prefer initializing structs with named fields
  --> test/SineV3SmallReserveFixtures.sol:97:17
   |
97 |         r[86] = Row(8397717244938888888888888, 130460109444444444444444, 2, 1000000000000000000, 52204627);
   |                 ^^^^^^^^^^^^^^^^^^^^^^^^^^^^^^^^^^^^^^^^^^^^^^^^^^^^^^^^^^^^^^^^^^^^^^^^^^^^^^^^^^^^^^^^^^ help: consider using named fields: `Row({ boot: 8397717244938888888888888, wavelength: 130460109444444444444444, reserve: 2, price: 1000000000000000000, expected: 52204627 })`
   |
   = help: https://book.getfoundry.sh/reference/forge/forge-lint#named-struct-fields

note[screaming-snake-case-immutable]: immutables should use SCREAMING_SNAKE_CASE
   --> test/wave2/auditorB/B3_V4DeltaSpoof.t.sol:203:35
    |
203 |     IPoolManager public immutable pm;
    |                                   ^^ help: consider using: `PM`
    |
    = help: https://book.getfoundry.sh/reference/forge/forge-lint#screaming-snake-case-immutable

note[screaming-snake-case-immutable]: immutables should use SCREAMING_SNAKE_CASE
   --> test/wave2/auditorB/B3_V4DeltaSpoof.t.sol:240:35
    |
240 |     IPoolManager public immutable pm;
    |                                   ^^ help: consider using: `PM`
    |
    = help: https://book.getfoundry.sh/reference/forge/forge-lint#screaming-snake-case-immutable

note[screaming-snake-case-immutable]: immutables should use SCREAMING_SNAKE_CASE
   --> test/wave2/auditorB/B3_V4DeltaSpoof.t.sol:241:30
    |
241 |     address public immutable mix;
    |                              ^^^ help: consider using: `MIX`
    |
    = help: https://book.getfoundry.sh/reference/forge/forge-lint#screaming-snake-case-immutable

note[screaming-snake-case-immutable]: immutables should use SCREAMING_SNAKE_CASE
   --> test/wave2/auditorB/B3_V4DeltaSpoof.t.sol:287:35
    |
287 |     IPoolManager public immutable pm;
    |                                   ^^ help: consider using: `PM`
    |
    = help: https://book.getfoundry.sh/reference/forge/forge-lint#screaming-snake-case-immutable

warning[unsafe-typecast]: typecasts that can truncate values should be checked
   --> src/VectorPepeDescriptor.sol:139:30
    |
139 |         return _utoa(uint256(uint16(v)) * 10);
    |                              ^^^^^^^^^
    |
    = note: consider disabling this lint if you're certain the cast is safe
            
            // casting to 'uint16' is safe because [explain why]
            // forge-lint: disable-next-line(unsafe-typecast)
            
            
    = help: https://book.getfoundry.sh/reference/forge/forge-lint#unsafe-typecast

warning[erc20-unchecked-transfer]: ERC20 'transfer' and 'transferFrom' calls should check the return value
   --> test/TicketRulesV3.t.sol:202:9
    |
202 |         mixETH.transfer(address(hook), 1_000e18);
    |         ^^^^^^^^^^^^^^^^^^^^^^^^^^^^^^^^^^^^^^^^
    |
    = help: https://book.getfoundry.sh/reference/forge/forge-lint#erc20-unchecked-transfer

warning[erc20-unchecked-transfer]: ERC20 'transfer' and 'transferFrom' calls should check the return value
   --> test/TicketRulesV3.t.sol:246:13
    |
246 |             mixETH.transfer(who, 1_000e18);
    |             ^^^^^^^^^^^^^^^^^^^^^^^^^^^^^^
    |
    = help: https://book.getfoundry.sh/reference/forge/forge-lint#erc20-unchecked-transfer

warning[erc20-unchecked-transfer]: ERC20 'transfer' and 'transferFrom' calls should check the return value
   --> test/TicketRulesV3.t.sol:275:9
    |
275 | /         IERC20(Currency.unwrap(key.currency1 == Currency.wrap(address(mix)) ? key.currency0 : key.currency1))
276 | |             .transferFrom(msg.sender, address(this), pspIn);
    | |___________________________________________________________^
    |
    = help: https://book.getfoundry.sh/reference/forge/forge-lint#erc20-unchecked-transfer

warning[erc20-unchecked-transfer]: ERC20 'transfer' and 'transferFrom' calls should check the return value
   --> test/TicketRulesV3.t.sol:287:9
    |
287 |         IERC20(Currency.unwrap(pspCur)).transfer(address(pm), pspIn);
    |         ^^^^^^^^^^^^^^^^^^^^^^^^^^^^^^^^^^^^^^^^^^^^^^^^^^^^^^^^^^^^
    |
    = help: https://book.getfoundry.sh/reference/forge/forge-lint#erc20-unchecked-transfer

warning[unsafe-typecast]: typecasts that can truncate values should be checked
   --> test/TicketRulesV3.t.sol:292:35
    |
292 |                 amountSpecified: -int256(pspIn),
    |                                   ^^^^^^^^^^^^^
    |
    = note: consider disabling this lint if you're certain the cast is safe
            
            // casting to 'int256' is safe because [explain why]
            // forge-lint: disable-next-line(unsafe-typecast)
            
            
    = help: https://book.getfoundry.sh/reference/forge/forge-lint#unsafe-typecast

warning[unsafe-typecast]: typecasts that can truncate values should be checked
   --> test/TicketRulesV3.t.sol:300:23
    |
300 |         uint256 amt = uint256(int256(mixDelta));
    |                       ^^^^^^^^^^^^^^^^^^^^^^^^^
    |
    = note: consider disabling this lint if you're certain the cast is safe
            
            // casting to 'uint256' is safe because [explain why]
            // forge-lint: disable-next-line(unsafe-typecast)
            
            
    = help: https://book.getfoundry.sh/reference/forge/forge-lint#unsafe-typecast

note[named-struct-fields]: prefer initializing structs with named fields
  --> test/SineV3SmallReserveFixtures.sol:98:17
   |
98 |         r[87] = Row(8397717244938888888888888, 130460109444444444444444, 1000000, 1000000000000000000, 26102313889841);
   |                 ^^^^^^^^^^^^^^^^^^^^^^^^^^^^^^^^^^^^^^^^^^^^^^^^^^^^^^^^^^^^^^^^^^^^^^^^^^^^^^^^^^^^^^^^^^^^^^^^^^^^^^ help: consider using named fields: `Row({ boot: 8397717244938888888888888, wavelength: 130460109444444444444444, reserve: 1000000, price: 1000000000000000000, expected: 26102313889841 })`
   |
   = help: https://book.getfoundry.sh/reference/forge/forge-lint#named-struct-fields

note[named-struct-fields]: prefer initializing structs with named fields
  --> test/SineV3SmallReserveFixtures.sol:99:17
   |
99 |         r[88] = Row(8397717244938888888888888, 130460109444444444444444, 1000000000000, 1000000000000000000, 26102313889821473645);
   |                 ^^^^^^^^^^^^^^^^^^^^^^^^^^^^^^^^^^^^^^^^^^^^^^^^^^^^^^^^^^^^^^^^^^^^^^^^^^^^^^^^^^^^^^^^^^^^^^^^^^^^^^^^^^^^^^^^^^ help: consider using named fields: `Row({ boot: 8397717244938888888888888, wavelength: 130460109444444444444444, reserve: 1000000000000, price: 1000000000000000000, expected: 26102313889821473645 })`
   |
   = help: https://book.getfoundry.sh/reference/forge/forge-lint#named-struct-fields

note[named-struct-fields]: prefer initializing structs with named fields
   --> test/SineV3SmallReserveFixtures.sol:100:17
    |
100 | ... = Row(8397717244938888888888888, 130460109444444444444444, 1000000000000000, 1000000000000000000, 26102313870281532761175);
    |       ^^^^^^^^^^^^^^^^^^^^^^^^^^^^^^^^^^^^^^^^^^^^^^^^^^^^^^^^^^^^^^^^^^^^^^^^^^^^^^^^^^^^^^^^^^^^^^^^^^^^^^^^^^^^^^^^^^^^^^^^ help: consider using named fields: `Row({ boot: 8397717244938888888888888, wavelength: 130460109444444444444444, reserve: 1000000000000000, price: 1000000000000000000, expected: 26102313870281532761175 })`
    |
    = help: https://book.getfoundry.sh/reference/forge/forge-lint#named-struct-fields

note[named-struct-fields]: prefer initializing structs with named fields
   --> test/SineV3SmallReserveFixtures.sol:101:17
    |
101 |         r[90] = Row(20267222222222222222222222, 202672222222222222222222, 1, 1000000000, 919188104066853572);
    |                 ^^^^^^^^^^^^^^^^^^^^^^^^^^^^^^^^^^^^^^^^^^^^^^^^^^^^^^^^^^^^^^^^^^^^^^^^^^^^^^^^^^^^^^^^^^^^ help: consider using named fields: `Row({ boot: 20267222222222222222222222, wavelength: 202672222222222222222222, reserve: 1, price: 1000000000, expected: 919188104066853572 })`
    |
    = help: https://book.getfoundry.sh/reference/forge/forge-lint#named-struct-fields

note[named-struct-fields]: prefer initializing structs with named fields
   --> test/SineV3SmallReserveFixtures.sol:102:17
    |
102 |         r[91] = Row(20267222222222222222222222, 202672222222222222222222, 2, 1000000000, 1838376208133707145);
    |                 ^^^^^^^^^^^^^^^^^^^^^^^^^^^^^^^^^^^^^^^^^^^^^^^^^^^^^^^^^^^^^^^^^^^^^^^^^^^^^^^^^^^^^^^^^^^^^ help: consider using named fields: `Row({ boot: 20267222222222222222222222, wavelength: 202672222222222222222222, reserve: 2, price: 1000000000, expected: 1838376208133707145 })`
    |
    = help: https://book.getfoundry.sh/reference/forge/forge-lint#named-struct-fields

warning[erc20-unchecked-transfer]: ERC20 'transfer' and 'transferFrom' calls should check the return value
   --> test/ReferralPurchase.t.sol:219:9
    |
219 |         mixETH.transfer(carol, 1e18);
    |         ^^^^^^^^^^^^^^^^^^^^^^^^^^^^
    |
    = help: https://book.getfoundry.sh/reference/forge/forge-lint#erc20-unchecked-transfer

warning[unsafe-typecast]: typecasts that can truncate values should be checked
  --> src/SineV3Price.sol:89:42
   |
89 |         uint256 normalized = _expReduced(uint256(remainder));
   |                                          ^^^^^^^^^^^^^^^^^^
   |
   = note: consider disabling this lint if you're certain the cast is safe
           
           // casting to 'uint256' is safe because [explain why]
           // forge-lint: disable-next-line(unsafe-typecast)
           
           
   = help: https://book.getfoundry.sh/reference/forge/forge-lint#unsafe-typecast

warning[unsafe-typecast]: typecasts that can truncate values should be checked
  --> src/SineV3Price.sol:91:29
   |
91 |             uint256 shift = uint256(k);
   |                             ^^^^^^^^^^
   |
   = note: consider disabling this lint if you're certain the cast is safe
           
           // casting to 'uint256' is safe because [explain why]
           // forge-lint: disable-next-line(unsafe-typecast)
           
           
   = help: https://book.getfoundry.sh/reference/forge/forge-lint#unsafe-typecast

warning[unsafe-typecast]: typecasts that can truncate values should be checked
  --> src/SineV3Price.sol:95:30
   |
95 |         uint256 rightShift = uint256(-k);
   |                              ^^^^^^^^^^^
   |
   = note: consider disabling this lint if you're certain the cast is safe
           
           // casting to 'uint256' is safe because [explain why]
           // forge-lint: disable-next-line(unsafe-typecast)
           
           
   = help: https://book.getfoundry.sh/reference/forge/forge-lint#unsafe-typecast

warning[unsafe-typecast]: typecasts that can truncate values should be checked
   --> test/MultiOwnerStateful.t.sol:171:55
    |
171 |         for (uint256 i; i < ids.length; ++i) withdraw(uint8(i));
    |                                                       ^^^^^^^^
    |
    = note: consider disabling this lint if you're certain the cast is safe
            
            // casting to 'uint8' is safe because [explain why]
            // forge-lint: disable-next-line(unsafe-typecast)
            
            
    = help: https://book.getfoundry.sh/reference/forge/forge-lint#unsafe-typecast

note[named-struct-fields]: prefer initializing structs with named fields
   --> test/SineV3SmallReserveFixtures.sol:103:17
    |
103 |         r[92] = Row(20267222222222222222222222, 202672222222222222222222, 1000000, 1000000000, 919188104066853572795037);
    |                 ^^^^^^^^^^^^^^^^^^^^^^^^^^^^^^^^^^^^^^^^^^^^^^^^^^^^^^^^^^^^^^^^^^^^^^^^^^^^^^^^^^^^^^^^^^^^^^^^^^^^^^^^ help: consider using named fields: `Row({ boot: 20267222222222222222222222, wavelength: 202672222222222222222222, reserve: 1000000, price: 1000000000, expected: 919188104066853572795037 })`
    |
    = help: https://book.getfoundry.sh/reference/forge/forge-lint#named-struct-fields

note[screaming-snake-case-immutable]: immutables should use SCREAMING_SNAKE_CASE
   --> test/wave2/auditorB/B3_V4DeltaSpoof.t.sol:288:27
    |
288 |     bool public immutable mixIsZero;
    |                           ^^^^^^^^^ help: consider using: `MIX_IS_ZERO`
    |
    = help: https://book.getfoundry.sh/reference/forge/forge-lint#screaming-snake-case-immutable

note[named-struct-fields]: prefer initializing structs with named fields
   --> test/SineV3SmallReserveFixtures.sol:104:17
    |
104 |         r[93] = Row(20267222222222222222222222, 202672222222222222222222, 1000000000000, 1000000000, 919188104066853572795037934836);
    |                 ^^^^^^^^^^^^^^^^^^^^^^^^^^^^^^^^^^^^^^^^^^^^^^^^^^^^^^^^^^^^^^^^^^^^^^^^^^^^^^^^^^^^^^^^^^^^^^^^^^^^^^^^^^^^^^^^^^^^ help: consider using named fields: `Row({ boot: 20267222222222222222222222, wavelength: 202672222222222222222222, reserve: 1000000000000, price: 1000000000, expected: 919188104066853572795037934836 })`
    |
    = help: https://book.getfoundry.sh/reference/forge/forge-lint#named-struct-fields

note[named-struct-fields]: prefer initializing structs with named fields
   --> test/SineV3SmallReserveFixtures.sol:105:17
    |
105 | ... = Row(20267222222222222222222222, 202672222222222222222222, 1000000000000000, 1000000000, 919188104066853572795037919081797);
    |       ^^^^^^^^^^^^^^^^^^^^^^^^^^^^^^^^^^^^^^^^^^^^^^^^^^^^^^^^^^^^^^^^^^^^^^^^^^^^^^^^^^^^^^^^^^^^^^^^^^^^^^^^^^^^^^^^^^^^^^^^^^ help: consider using named fields: `Row({ boot: 20267222222222222222222222, wavelength: 202672222222222222222222, reserve: 1000000000000000, price: 1000000000, expected: 919188104066853572795037919081797 })`
    |
    = help: https://book.getfoundry.sh/reference/forge/forge-lint#named-struct-fields

note[named-struct-fields]: prefer initializing structs with named fields
   --> test/SineV3SmallReserveFixtures.sol:106:17
    |
106 |         r[95] = Row(20267222222222222222222222, 202672222222222222222222, 1, 75000000000000, 12255841387558);
    |                 ^^^^^^^^^^^^^^^^^^^^^^^^^^^^^^^^^^^^^^^^^^^^^^^^^^^^^^^^^^^^^^^^^^^^^^^^^^^^^^^^^^^^^^^^^^^^ help: consider using named fields: `Row({ boot: 20267222222222222222222222, wavelength: 202672222222222222222222, reserve: 1, price: 75000000000000, expected: 12255841387558 })`
    |
    = help: https://book.getfoundry.sh/reference/forge/forge-lint#named-struct-fields

note[named-struct-fields]: prefer initializing structs with named fields
   --> test/SineV3SmallReserveFixtures.sol:107:17
    |
107 |         r[96] = Row(20267222222222222222222222, 202672222222222222222222, 2, 75000000000000, 24511682775116);
    |                 ^^^^^^^^^^^^^^^^^^^^^^^^^^^^^^^^^^^^^^^^^^^^^^^^^^^^^^^^^^^^^^^^^^^^^^^^^^^^^^^^^^^^^^^^^^^^ help: consider using named fields: `Row({ boot: 20267222222222222222222222, wavelength: 202672222222222222222222, reserve: 2, price: 75000000000000, expected: 24511682775116 })`
    |
    = help: https://book.getfoundry.sh/reference/forge/forge-lint#named-struct-fields

note[named-struct-fields]: prefer initializing structs with named fields
   --> test/SineV3SmallReserveFixtures.sol:108:17
    |
108 |         r[97] = Row(20267222222222222222222222, 202672222222222222222222, 1000000, 75000000000000, 12255841387558047637);
    |                 ^^^^^^^^^^^^^^^^^^^^^^^^^^^^^^^^^^^^^^^^^^^^^^^^^^^^^^^^^^^^^^^^^^^^^^^^^^^^^^^^^^^^^^^^^^^^^^^^^^^^^^^^ help: consider using named fields: `Row({ boot: 20267222222222222222222222, wavelength: 202672222222222222222222, reserve: 1000000, price: 75000000000000, expected: 12255841387558047637 })`
    |
    = help: https://book.getfoundry.sh/reference/forge/forge-lint#named-struct-fields

note[named-struct-fields]: prefer initializing structs with named fields
   --> test/SineV3SmallReserveFixtures.sol:109:17
    |
109 |         r[98] = Row(20267222222222222222222222, 202672222222222222222222, 1000000000000, 75000000000000, 12255841387558047637267172);
    |                 ^^^^^^^^^^^^^^^^^^^^^^^^^^^^^^^^^^^^^^^^^^^^^^^^^^^^^^^^^^^^^^^^^^^^^^^^^^^^^^^^^^^^^^^^^^^^^^^^^^^^^^^^^^^^^^^^^^^^ help: consider using named fields: `Row({ boot: 20267222222222222222222222, wavelength: 202672222222222222222222, reserve: 1000000000000, price: 75000000000000, expected: 12255841387558047637267172 })`
    |
    = help: https://book.getfoundry.sh/reference/forge/forge-lint#named-struct-fields

note[screaming-snake-case-immutable]: immutables should use SCREAMING_SNAKE_CASE
   --> test/wave2/auditorB/B3_V4DeltaSpoof.t.sol:289:30
    |
289 |     address public immutable mix;
    |                              ^^^ help: consider using: `MIX`
    |
    = help: https://book.getfoundry.sh/reference/forge/forge-lint#screaming-snake-case-immutable

note[unused-import]: unused imports should be removed
 --> test/wave2/auditorB/B3_V4DeltaSpoof.t.sol:5:9
  |
5 | import {CurveHook} from "../../../src/CurveHook.sol";
  |         ^^^^^^^^^
  |
  = help: https://book.getfoundry.sh/reference/forge/forge-lint#unused-import

note[unused-import]: unused imports should be removed
  --> test/wave2/auditorB/B3_V4DeltaSpoof.t.sol:13:23
   |
13 | import {BalanceDelta, BalanceDeltaLibrary} from "@uniswap/v4-core/src/types/BalanceDelta.sol";
   |                       ^^^^^^^^^^^^^^^^^^^
   |
   = help: https://book.getfoundry.sh/reference/forge/forge-lint#unused-import

warning[erc20-unchecked-transfer]: ERC20 'transfer' and 'transferFrom' calls should check the return value
  --> test/wave2/auditorB/B3_V4DeltaSpoof.t.sol:99:9
   |
99 |         mixETH.transfer(address(poolManager), 50e18); // carol/test donates mixETH
   |         ^^^^^^^^^^^^^^^^^^^^^^^^^^^^^^^^^^^^^^^^^^^^
   |
   = help: https://book.getfoundry.sh/reference/forge/forge-lint#erc20-unchecked-transfer

warning[erc20-unchecked-transfer]: ERC20 'transfer' and 'transferFrom' calls should check the return value
   --> test/wave2/auditorB/B3_V4DeltaSpoof.t.sol:101:9
    |
101 |         psp.transfer(address(poolManager), psp.balanceOf(alice) / 2);
    |         ^^^^^^^^^^^^^^^^^^^^^^^^^^^^^^^^^^^^^^^^^^^^^^^^^^^^^^^^^^^^
    |
    = help: https://book.getfoundry.sh/reference/forge/forge-lint#erc20-unchecked-transfer

warning[erc20-unchecked-transfer]: ERC20 'transfer' and 'transferFrom' calls should check the return value
   --> test/wave2/auditorB/B3_V4DeltaSpoof.t.sol:127:9
    |
127 |         mixETH.transfer(address(hd), 10e18);
    |         ^^^^^^^^^^^^^^^^^^^^^^^^^^^^^^^^^^^
    |
    = help: https://book.getfoundry.sh/reference/forge/forge-lint#erc20-unchecked-transfer

warning[erc20-unchecked-transfer]: ERC20 'transfer' and 'transferFrom' calls should check the return value
   --> test/wave2/auditorB/B3_V4DeltaSpoof.t.sol:139:9
    |
139 |         mixETH.transfer(address(raw), 10e18);
    |         ^^^^^^^^^^^^^^^^^^^^^^^^^^^^^^^^^^^^
    |
    = help: https://book.getfoundry.sh/reference/forge/forge-lint#erc20-unchecked-transfer

warning[erc20-unchecked-transfer]: ERC20 'transfer' and 'transferFrom' calls should check the return value
   --> test/wave2/auditorB/B3_V4DeltaSpoof.t.sol:171:9
    |
171 |         mixETH.transfer(address(dl), 10e18);
    |         ^^^^^^^^^^^^^^^^^^^^^^^^^^^^^^^^^^^
    |
    = help: https://book.getfoundry.sh/reference/forge/forge-lint#erc20-unchecked-transfer

warning[erc20-unchecked-transfer]: ERC20 'transfer' and 'transferFrom' calls should check the return value
   --> test/wave2/auditorB/B3_V4DeltaSpoof.t.sol:186:9
    |
186 |         mixETH.transfer(alice, 200_000_000e18);
    |         ^^^^^^^^^^^^^^^^^^^^^^^^^^^^^^^^^^^^^^
    |
    = help: https://book.getfoundry.sh/reference/forge/forge-lint#erc20-unchecked-transfer

warning[unsafe-typecast]: typecasts that can truncate values should be checked
   --> test/wave2/auditorB/B3_V4DeltaSpoof.t.sol:215:35
    |
215 |         pm.unlock(abi.encode(key, int256(wantOut), true));
    |                                   ^^^^^^^^^^^^^^^
    |
    = note: consider disabling this lint if you're certain the cast is safe
            
            // casting to 'int256' is safe because [explain why]
            // forge-lint: disable-next-line(unsafe-typecast)
            
            
    = help: https://book.getfoundry.sh/reference/forge/forge-lint#unsafe-typecast

warning[unsafe-typecast]: typecasts that can truncate values should be checked
   --> test/wave2/auditorB/B3_V4DeltaSpoof.t.sol:268:35
    |
268 |                 amountSpecified: -int256(mixIn),
    |                                   ^^^^^^^^^^^^^
    |
    = note: consider disabling this lint if you're certain the cast is safe
            
            // casting to 'int256' is safe because [explain why]
            // forge-lint: disable-next-line(unsafe-typecast)
            
            
    = help: https://book.getfoundry.sh/reference/forge/forge-lint#unsafe-typecast

warning[unsafe-typecast]: typecasts that can truncate values should be checked
   --> test/wave2/auditorB/B3_V4DeltaSpoof.t.sol:276:23
    |
276 |         uint256 out = uint256(int256(outDelta));
    |                       ^^^^^^^^^^^^^^^^^^^^^^^^^
    |
    = note: consider disabling this lint if you're certain the cast is safe
            
            // casting to 'uint256' is safe because [explain why]
            // forge-lint: disable-next-line(unsafe-typecast)
            
            
    = help: https://book.getfoundry.sh/reference/forge/forge-lint#unsafe-typecast

note[named-struct-fields]: prefer initializing structs with named fields
   --> test/SineV3SmallReserveFixtures.sol:110:17
    |
110 | ... = Row(20267222222222222222222222, 202672222222222222222222, 1000000000000000, 75000000000000, 12255841387558047637267172254);
    |       ^^^^^^^^^^^^^^^^^^^^^^^^^^^^^^^^^^^^^^^^^^^^^^^^^^^^^^^^^^^^^^^^^^^^^^^^^^^^^^^^^^^^^^^^^^^^^^^^^^^^^^^^^^^^^^^^^^^^^^^^^^ help: consider using named fields: `Row({ boot: 20267222222222222222222222, wavelength: 202672222222222222222222, reserve: 1000000000000000, price: 75000000000000, expected: 12255841387558047637267172254 })`
    |
    = help: https://book.getfoundry.sh/reference/forge/forge-lint#named-struct-fields

note[named-struct-fields]: prefer initializing structs with named fields
   --> test/SineV3SmallReserveFixtures.sol:111:18
    |
111 |         r[100] = Row(20267222222222222222222222, 202672222222222222222222, 1, 1000000000000000000, 919188104);
    |                  ^^^^^^^^^^^^^^^^^^^^^^^^^^^^^^^^^^^^^^^^^^^^^^^^^^^^^^^^^^^^^^^^^^^^^^^^^^^^^^^^^^^^^^^^^^^^ help: consider using named fields: `Row({ boot: 20267222222222222222222222, wavelength: 202672222222222222222222, reserve: 1, price: 1000000000000000000, expected: 919188104 })`
    |
    = help: https://book.getfoundry.sh/reference/forge/forge-lint#named-struct-fields

note[named-struct-fields]: prefer initializing structs with named fields
   --> test/SineV3SmallReserveFixtures.sol:112:18
    |
112 |         r[101] = Row(20267222222222222222222222, 202672222222222222222222, 2, 1000000000000000000, 1838376208);
    |                  ^^^^^^^^^^^^^^^^^^^^^^^^^^^^^^^^^^^^^^^^^^^^^^^^^^^^^^^^^^^^^^^^^^^^^^^^^^^^^^^^^^^^^^^^^^^^^ help: consider using named fields: `Row({ boot: 20267222222222222222222222, wavelength: 202672222222222222222222, reserve: 2, price: 1000000000000000000, expected: 1838376208 })`
    |
    = help: https://book.getfoundry.sh/reference/forge/forge-lint#named-struct-fields

note[named-struct-fields]: prefer initializing structs with named fields
   --> test/SineV3SmallReserveFixtures.sol:113:18
    |
113 |         r[102] = Row(20267222222222222222222222, 202672222222222222222222, 1000000, 1000000000000000000, 919188104066853);
    |                  ^^^^^^^^^^^^^^^^^^^^^^^^^^^^^^^^^^^^^^^^^^^^^^^^^^^^^^^^^^^^^^^^^^^^^^^^^^^^^^^^^^^^^^^^^^^^^^^^^^^^^^^^ help: consider using named fields: `Row({ boot: 20267222222222222222222222, wavelength: 202672222222222222222222, reserve: 1000000, price: 1000000000000000000, expected: 919188104066853 })`
    |
    = help: https://book.getfoundry.sh/reference/forge/forge-lint#named-struct-fields

note[named-struct-fields]: prefer initializing structs with named fields
   --> test/SineV3SmallReserveFixtures.sol:114:18
    |
114 |         r[103] = Row(20267222222222222222222222, 202672222222222222222222, 1000000000000, 1000000000000000000, 919188104066853572795);
    |                  ^^^^^^^^^^^^^^^^^^^^^^^^^^^^^^^^^^^^^^^^^^^^^^^^^^^^^^^^^^^^^^^^^^^^^^^^^^^^^^^^^^^^^^^^^^^^^^^^^^^^^^^^^^^^^^^^^^^^ help: consider using named fields: `Row({ boot: 20267222222222222222222222, wavelength: 202672222222222222222222, reserve: 1000000000000, price: 1000000000000000000, expected: 919188104066853572795 })`
    |
    = help: https://book.getfoundry.sh/reference/forge/forge-lint#named-struct-fields

warning[unsafe-typecast]: typecasts that can truncate values should be checked
   --> test/wave2/auditorB/B3_V4DeltaSpoof.t.sol:318:43
    |
318 |             SwapParams({amountSpecified: -int256(mixIn), sqrtPriceLimitX96: limit, zeroForOne: zeroForOne}),
    |                                           ^^^^^^^^^^^^^
    |
    = note: consider disabling this lint if you're certain the cast is safe
            
            // casting to 'int256' is safe because [explain why]
            // forge-lint: disable-next-line(unsafe-typecast)
            
            
    = help: https://book.getfoundry.sh/reference/forge/forge-lint#unsafe-typecast

warning[unsafe-typecast]: typecasts that can truncate values should be checked
   --> test/wave2/auditorB/B3_V4DeltaSpoof.t.sol:323:23
    |
323 |         uint256 out = uint256(int256(outDelta));
    |                       ^^^^^^^^^^^^^^^^^^^^^^^^^
    |
    = note: consider disabling this lint if you're certain the cast is safe
            
            // casting to 'uint256' is safe because [explain why]
            // forge-lint: disable-next-line(unsafe-typecast)
            
            
    = help: https://book.getfoundry.sh/reference/forge/forge-lint#unsafe-typecast

note[named-struct-fields]: prefer initializing structs with named fields
   --> test/SineV3SmallReserveFixtures.sol:115:18
    |
115 | ... = Row(20267222222222222222222222, 202672222222222222222222, 1000000000000000, 1000000000000000000, 919188104066853572795037);
    |       ^^^^^^^^^^^^^^^^^^^^^^^^^^^^^^^^^^^^^^^^^^^^^^^^^^^^^^^^^^^^^^^^^^^^^^^^^^^^^^^^^^^^^^^^^^^^^^^^^^^^^^^^^^^^^^^^^^^^^^^^^^ help: consider using named fields: `Row({ boot: 20267222222222222222222222, wavelength: 202672222222222222222222, reserve: 1000000000000000, price: 1000000000000000000, expected: 919188104066853572795037 })`
    |
    = help: https://book.getfoundry.sh/reference/forge/forge-lint#named-struct-fields

note[named-struct-fields]: prefer initializing structs with named fields
   --> test/SineV3SmallReserveFixtures.sol:116:18
    |
116 |         r[105] = Row(20417477124938888888888888, 203422109444444444444444, 1, 1000000000, 939645849423800988);
    |                  ^^^^^^^^^^^^^^^^^^^^^^^^^^^^^^^^^^^^^^^^^^^^^^^^^^^^^^^^^^^^^^^^^^^^^^^^^^^^^^^^^^^^^^^^^^^^ help: consider using named fields: `Row({ boot: 20417477124938888888888888, wavelength: 203422109444444444444444, reserve: 1, price: 1000000000, expected: 939645849423800988 })`
    |
    = help: https://book.getfoundry.sh/reference/forge/forge-lint#named-struct-fields

note[named-struct-fields]: prefer initializing structs with named fields
   --> test/SineV3SmallReserveFixtures.sol:117:18
    |
117 |         r[106] = Row(20417477124938888888888888, 203422109444444444444444, 2, 1000000000, 1879291698847601977);
    |                  ^^^^^^^^^^^^^^^^^^^^^^^^^^^^^^^^^^^^^^^^^^^^^^^^^^^^^^^^^^^^^^^^^^^^^^^^^^^^^^^^^^^^^^^^^^^^^ help: consider using named fields: `Row({ boot: 20417477124938888888888888, wavelength: 203422109444444444444444, reserve: 2, price: 1000000000, expected: 1879291698847601977 })`
    |
    = help: https://book.getfoundry.sh/reference/forge/forge-lint#named-struct-fields

note[named-struct-fields]: prefer initializing structs with named fields
   --> test/SineV3SmallReserveFixtures.sol:118:18
    |
118 |         r[107] = Row(20417477124938888888888888, 203422109444444444444444, 1000000, 1000000000, 939645849423800988515145);
    |                  ^^^^^^^^^^^^^^^^^^^^^^^^^^^^^^^^^^^^^^^^^^^^^^^^^^^^^^^^^^^^^^^^^^^^^^^^^^^^^^^^^^^^^^^^^^^^^^^^^^^^^^^^ help: consider using named fields: `Row({ boot: 20417477124938888888888888, wavelength: 203422109444444444444444, reserve: 1000000, price: 1000000000, expected: 939645849423800988515145 })`
    |
    = help: https://book.getfoundry.sh/reference/forge/forge-lint#named-struct-fields

note[named-struct-fields]: prefer initializing structs with named fields
   --> test/SineV3SmallReserveFixtures.sol:119:18
    |
119 |         r[108] = Row(20417477124938888888888888, 203422109444444444444444, 1000000000000, 1000000000, 939645849423464074787919649714);
    |                  ^^^^^^^^^^^^^^^^^^^^^^^^^^^^^^^^^^^^^^^^^^^^^^^^^^^^^^^^^^^^^^^^^^^^^^^^^^^^^^^^^^^^^^^^^^^^^^^^^^^^^^^^^^^^^^^^^^^^ help: consider using named fields: `Row({ boot: 20417477124938888888888888, wavelength: 203422109444444444444444, reserve: 1000000000000, price: 1000000000, expected: 939645849423464074787919649714 })`
    |
    = help: https://book.getfoundry.sh/reference/forge/forge-lint#named-struct-fields

note[named-struct-fields]: prefer initializing structs with named fields
   --> test/SineV3SmallReserveFixtures.sol:120:18
    |
120 | ... = Row(20417477124938888888888888, 203422109444444444444444, 1000000000000000, 1000000000, 939645849086886926286541228744710);
    |       ^^^^^^^^^^^^^^^^^^^^^^^^^^^^^^^^^^^^^^^^^^^^^^^^^^^^^^^^^^^^^^^^^^^^^^^^^^^^^^^^^^^^^^^^^^^^^^^^^^^^^^^^^^^^^^^^^^^^^^^^^^ help: consider using named fields: `Row({ boot: 20417477124938888888888888, wavelength: 203422109444444444444444, reserve: 1000000000000000, price: 1000000000, expected: 939645849086886926286541228744710 })`
    |
    = help: https://book.getfoundry.sh/reference/forge/forge-lint#named-struct-fields

note[named-struct-fields]: prefer initializing structs with named fields
   --> test/SineV3SmallReserveFixtures.sol:121:18
    |
121 |         r[110] = Row(20417477124938888888888888, 203422109444444444444444, 1, 75000000000000, 12528611325650);
    |                  ^^^^^^^^^^^^^^^^^^^^^^^^^^^^^^^^^^^^^^^^^^^^^^^^^^^^^^^^^^^^^^^^^^^^^^^^^^^^^^^^^^^^^^^^^^^^ help: consider using named fields: `Row({ boot: 20417477124938888888888888, wavelength: 203422109444444444444444, reserve: 1, price: 75000000000000, expected: 12528611325650 })`
    |
    = help: https://book.getfoundry.sh/reference/forge/forge-lint#named-struct-fields

note[named-struct-fields]: prefer initializing structs with named fields
   --> test/SineV3SmallReserveFixtures.sol:122:18
    |
122 |         r[111] = Row(20417477124938888888888888, 203422109444444444444444, 2, 75000000000000, 25057222651301);
    |                  ^^^^^^^^^^^^^^^^^^^^^^^^^^^^^^^^^^^^^^^^^^^^^^^^^^^^^^^^^^^^^^^^^^^^^^^^^^^^^^^^^^^^^^^^^^^^ help: consider using named fields: `Row({ boot: 20417477124938888888888888, wavelength: 203422109444444444444444, reserve: 2, price: 75000000000000, expected: 25057222651301 })`
    |
    = help: https://book.getfoundry.sh/reference/forge/forge-lint#named-struct-fields

note[named-struct-fields]: prefer initializing structs with named fields
   --> test/SineV3SmallReserveFixtures.sol:123:18
    |
123 |         r[112] = Row(20417477124938888888888888, 203422109444444444444444, 1000000, 75000000000000, 12528611325650679846);
    |                  ^^^^^^^^^^^^^^^^^^^^^^^^^^^^^^^^^^^^^^^^^^^^^^^^^^^^^^^^^^^^^^^^^^^^^^^^^^^^^^^^^^^^^^^^^^^^^^^^^^^^^^^^ help: consider using named fields: `Row({ boot: 20417477124938888888888888, wavelength: 203422109444444444444444, reserve: 1000000, price: 75000000000000, expected: 12528611325650679846 })`
    |
    = help: https://book.getfoundry.sh/reference/forge/forge-lint#named-struct-fields

note[named-struct-fields]: prefer initializing structs with named fields
   --> test/SineV3SmallReserveFixtures.sol:124:18
    |
124 |         r[113] = Row(20417477124938888888888888, 203422109444444444444444, 1000000000000, 75000000000000, 12528611325646187663838928);
    |                  ^^^^^^^^^^^^^^^^^^^^^^^^^^^^^^^^^^^^^^^^^^^^^^^^^^^^^^^^^^^^^^^^^^^^^^^^^^^^^^^^^^^^^^^^^^^^^^^^^^^^^^^^^^^^^^^^^^^^ help: consider using named fields: `Row({ boot: 20417477124938888888888888, wavelength: 203422109444444444444444, reserve: 1000000000000, price: 75000000000000, expected: 12528611325646187663838928 })`
    |
    = help: https://book.getfoundry.sh/reference/forge/forge-lint#named-struct-fields

note[named-struct-fields]: prefer initializing structs with named fields
   --> test/SineV3SmallReserveFixtures.sol:125:18
    |
125 | ... = Row(20417477124938888888888888, 203422109444444444444444, 1000000000000000, 75000000000000, 12528611321158492350487216383);
    |       ^^^^^^^^^^^^^^^^^^^^^^^^^^^^^^^^^^^^^^^^^^^^^^^^^^^^^^^^^^^^^^^^^^^^^^^^^^^^^^^^^^^^^^^^^^^^^^^^^^^^^^^^^^^^^^^^^^^^^^^^^^ help: consider using named fields: `Row({ boot: 20417477124938888888888888, wavelength: 203422109444444444444444, reserve: 1000000000000000, price: 75000000000000, expected: 12528611321158492350487216383 })`
    |
    = help: https://book.getfoundry.sh/reference/forge/forge-lint#named-struct-fields

note[named-struct-fields]: prefer initializing structs with named fields
   --> test/SineV3SmallReserveFixtures.sol:126:18
    |
126 |         r[115] = Row(20417477124938888888888888, 203422109444444444444444, 1, 1000000000000000000, 939645849);
    |                  ^^^^^^^^^^^^^^^^^^^^^^^^^^^^^^^^^^^^^^^^^^^^^^^^^^^^^^^^^^^^^^^^^^^^^^^^^^^^^^^^^^^^^^^^^^^^ help: consider using named fields: `Row({ boot: 20417477124938888888888888, wavelength: 203422109444444444444444, reserve: 1, price: 1000000000000000000, expected: 939645849 })`
    |
    = help: https://book.getfoundry.sh/reference/forge/forge-lint#named-struct-fields

note[named-struct-fields]: prefer initializing structs with named fields
   --> test/SineV3SmallReserveFixtures.sol:127:18
    |
127 |         r[116] = Row(20417477124938888888888888, 203422109444444444444444, 2, 1000000000000000000, 1879291698);
    |                  ^^^^^^^^^^^^^^^^^^^^^^^^^^^^^^^^^^^^^^^^^^^^^^^^^^^^^^^^^^^^^^^^^^^^^^^^^^^^^^^^^^^^^^^^^^^^^ help: consider using named fields: `Row({ boot: 20417477124938888888888888, wavelength: 203422109444444444444444, reserve: 2, price: 1000000000000000000, expected: 1879291698 })`
    |
    = help: https://book.getfoundry.sh/reference/forge/forge-lint#named-struct-fields

note[named-struct-fields]: prefer initializing structs with named fields
   --> test/SineV3SmallReserveFixtures.sol:128:18
    |
128 |         r[117] = Row(20417477124938888888888888, 203422109444444444444444, 1000000, 1000000000000000000, 939645849423800);
    |                  ^^^^^^^^^^^^^^^^^^^^^^^^^^^^^^^^^^^^^^^^^^^^^^^^^^^^^^^^^^^^^^^^^^^^^^^^^^^^^^^^^^^^^^^^^^^^^^^^^^^^^^^^ help: consider using named fields: `Row({ boot: 20417477124938888888888888, wavelength: 203422109444444444444444, reserve: 1000000, price: 1000000000000000000, expected: 939645849423800 })`
    |
    = help: https://book.getfoundry.sh/reference/forge/forge-lint#named-struct-fields

note[named-struct-fields]: prefer initializing structs with named fields
   --> test/SineV3SmallReserveFixtures.sol:129:18
    |
129 |         r[118] = Row(20417477124938888888888888, 203422109444444444444444, 1000000000000, 1000000000000000000, 939645849423464074787);
    |                  ^^^^^^^^^^^^^^^^^^^^^^^^^^^^^^^^^^^^^^^^^^^^^^^^^^^^^^^^^^^^^^^^^^^^^^^^^^^^^^^^^^^^^^^^^^^^^^^^^^^^^^^^^^^^^^^^^^^^ help: consider using named fields: `Row({ boot: 20417477124938888888888888, wavelength: 203422109444444444444444, reserve: 1000000000000, price: 1000000000000000000, expected: 939645849423464074787 })`
    |
    = help: https://book.getfoundry.sh/reference/forge/forge-lint#named-struct-fields

note[named-struct-fields]: prefer initializing structs with named fields
   --> test/SineV3SmallReserveFixtures.sol:130:18
    |
130 | ... = Row(20417477124938888888888888, 203422109444444444444444, 1000000000000000, 1000000000000000000, 939645849086886926286541);
    |       ^^^^^^^^^^^^^^^^^^^^^^^^^^^^^^^^^^^^^^^^^^^^^^^^^^^^^^^^^^^^^^^^^^^^^^^^^^^^^^^^^^^^^^^^^^^^^^^^^^^^^^^^^^^^^^^^^^^^^^^^^^ help: consider using named fields: `Row({ boot: 20417477124938888888888888, wavelength: 203422109444444444444444, reserve: 1000000000000000, price: 1000000000000000000, expected: 939645849086886926286541 })`
    |
    = help: https://book.getfoundry.sh/reference/forge/forge-lint#named-struct-fields

note[named-struct-fields]: prefer initializing structs with named fields
   --> test/SineV3SmallReserveFixtures.sol:131:18
    |
131 |         r[120] = Row(170447338888888888888888888, 587749444444444444444444, 1, 75000000000000, 824342401623068059);
    |                  ^^^^^^^^^^^^^^^^^^^^^^^^^^^^^^^^^^^^^^^^^^^^^^^^^^^^^^^^^^^^^^^^^^^^^^^^^^^^^^^^^^^^^^^^^^^^^^^^^ help: consider using named fields: `Row({ boot: 170447338888888888888888888, wavelength: 587749444444444444444444, reserve: 1, price: 75000000000000, expected: 824342401623068059 })`
    |
    = help: https://book.getfoundry.sh/reference/forge/forge-lint#named-struct-fields

note[named-struct-fields]: prefer initializing structs with named fields
   --> test/SineV3SmallReserveFixtures.sol:132:18
    |
132 |         r[121] = Row(170447338888888888888888888, 587749444444444444444444, 2, 75000000000000, 1648684803246136119);
    |                  ^^^^^^^^^^^^^^^^^^^^^^^^^^^^^^^^^^^^^^^^^^^^^^^^^^^^^^^^^^^^^^^^^^^^^^^^^^^^^^^^^^^^^^^^^^^^^^^^^^ help: consider using named fields: `Row({ boot: 170447338888888888888888888, wavelength: 587749444444444444444444, reserve: 2, price: 75000000000000, expected: 1648684803246136119 })`
    |
    = help: https://book.getfoundry.sh/reference/forge/forge-lint#named-struct-fields

note[named-struct-fields]: prefer initializing structs with named fields
   --> test/SineV3SmallReserveFixtures.sol:133:18
    |
133 |         r[122] = Row(170447338888888888888888888, 587749444444444444444444, 1000000, 75000000000000, 824342401623068059569440);
    |                  ^^^^^^^^^^^^^^^^^^^^^^^^^^^^^^^^^^^^^^^^^^^^^^^^^^^^^^^^^^^^^^^^^^^^^^^^^^^^^^^^^^^^^^^^^^^^^^^^^^^^^^^^^^^^^ help: consider using named fields: `Row({ boot: 170447338888888888888888888, wavelength: 587749444444444444444444, reserve: 1000000, price: 75000000000000, expected: 824342401623068059569440 })`
    |
    = help: https://book.getfoundry.sh/reference/forge/forge-lint#named-struct-fields

note[named-struct-fields]: prefer initializing structs with named fields
   --> test/SineV3SmallReserveFixtures.sol:134:18
    |
134 | ... = Row(170447338888888888888888888, 587749444444444444444444, 1000000000000, 75000000000000, 824342401623068059569440316257);
    |       ^^^^^^^^^^^^^^^^^^^^^^^^^^^^^^^^^^^^^^^^^^^^^^^^^^^^^^^^^^^^^^^^^^^^^^^^^^^^^^^^^^^^^^^^^^^^^^^^^^^^^^^^^^^^^^^^^^^^^^^^^ help: consider using named fields: `Row({ boot: 170447338888888888888888888, wavelength: 587749444444444444444444, reserve: 1000000000000, price: 75000000000000, expected: 824342401623068059569440316257 })`
    |
    = help: https://book.getfoundry.sh/reference/forge/forge-lint#named-struct-fields

note[named-struct-fields]: prefer initializing structs with named fields
   --> test/SineV3SmallReserveFixtures.sol:135:18
    |
135 | ... = Row(170447338888888888888888888, 587749444444444444444444, 1000000000000000, 75000000000000, 824342401623068059569440315971330);
    |       ^^^^^^^^^^^^^^^^^^^^^^^^^^^^^^^^^^^^^^^^^^^^^^^^^^^^^^^^^^^^^^^^^^^^^^^^^^^^^^^^^^^^^^^^^^^^^^^^^^^^^^^^^^^^^^^^^^^^^^^^^^^^^^^ help: consider using named fields: `Row({ boot: 170447338888888888888888888, wavelength: 587749444444444444444444, reserve: 1000000000000000, price: 75000000000000, expected: 824342401623068059569440315971330 })`
    |
    = help: https://book.getfoundry.sh/reference/forge/forge-lint#named-struct-fields

note[named-struct-fields]: prefer initializing structs with named fields
   --> test/SineV3SmallReserveFixtures.sol:136:18
    |
136 |         r[125] = Row(170447338888888888888888888, 587749444444444444444444, 1, 1000000000000000000, 61825680121730);
    |                  ^^^^^^^^^^^^^^^^^^^^^^^^^^^^^^^^^^^^^^^^^^^^^^^^^^^^^^^^^^^^^^^^^^^^^^^^^^^^^^^^^^^^^^^^^^^^^^^^^^ help: consider using named fields: `Row({ boot: 170447338888888888888888888, wavelength: 587749444444444444444444, reserve: 1, price: 1000000000000000000, expected: 61825680121730 })`
    |
    = help: https://book.getfoundry.sh/reference/forge/forge-lint#named-struct-fields

note[named-struct-fields]: prefer initializing structs with named fields
   --> test/SineV3SmallReserveFixtures.sol:137:18
    |
137 |         r[126] = Row(170447338888888888888888888, 587749444444444444444444, 2, 1000000000000000000, 123651360243460);
    |                  ^^^^^^^^^^^^^^^^^^^^^^^^^^^^^^^^^^^^^^^^^^^^^^^^^^^^^^^^^^^^^^^^^^^^^^^^^^^^^^^^^^^^^^^^^^^^^^^^^^^ help: consider using named fields: `Row({ boot: 170447338888888888888888888, wavelength: 587749444444444444444444, reserve: 2, price: 1000000000000000000, expected: 123651360243460 })`
    |
    = help: https://book.getfoundry.sh/reference/forge/forge-lint#named-struct-fields

note[named-struct-fields]: prefer initializing structs with named fields
   --> test/SineV3SmallReserveFixtures.sol:138:18
    |
138 |         r[127] = Row(170447338888888888888888888, 587749444444444444444444, 1000000, 1000000000000000000, 61825680121730104467);
    |                  ^^^^^^^^^^^^^^^^^^^^^^^^^^^^^^^^^^^^^^^^^^^^^^^^^^^^^^^^^^^^^^^^^^^^^^^^^^^^^^^^^^^^^^^^^^^^^^^^^^^^^^^^^^^^^^ help: consider using named fields: `Row({ boot: 170447338888888888888888888, wavelength: 587749444444444444444444, reserve: 1000000, price: 1000000000000000000, expected: 61825680121730104467 })`
    |
    = help: https://book.getfoundry.sh/reference/forge/forge-lint#named-struct-fields

note[named-struct-fields]: prefer initializing structs with named fields
   --> test/SineV3SmallReserveFixtures.sol:139:18
    |
139 | ... = Row(170447338888888888888888888, 587749444444444444444444, 1000000000000, 1000000000000000000, 61825680121730104467708023);
    |       ^^^^^^^^^^^^^^^^^^^^^^^^^^^^^^^^^^^^^^^^^^^^^^^^^^^^^^^^^^^^^^^^^^^^^^^^^^^^^^^^^^^^^^^^^^^^^^^^^^^^^^^^^^^^^^^^^^^^^^^^^^ help: consider using named fields: `Row({ boot: 170447338888888888888888888, wavelength: 587749444444444444444444, reserve: 1000000000000, price: 1000000000000000000, expected: 61825680121730104467708023 })`
    |
    = help: https://book.getfoundry.sh/reference/forge/forge-lint#named-struct-fields

note[named-struct-fields]: prefer initializing structs with named fields
   --> test/SineV3SmallReserveFixtures.sol:140:18
    |
140 | ... = Row(170447338888888888888888888, 587749444444444444444444, 1000000000000000, 1000000000000000000, 61825680121730104467708023697);
    |       ^^^^^^^^^^^^^^^^^^^^^^^^^^^^^^^^^^^^^^^^^^^^^^^^^^^^^^^^^^^^^^^^^^^^^^^^^^^^^^^^^^^^^^^^^^^^^^^^^^^^^^^^^^^^^^^^^^^^^^^^^^^^^^^^ help: consider using named fields: `Row({ boot: 170447338888888888888888888, wavelength: 587749444444444444444444, reserve: 1000000000000000, price: 1000000000000000000, expected: 61825680121730104467708023697 })`
    |
    = help: https://book.getfoundry.sh/reference/forge/forge-lint#named-struct-fields

note[named-struct-fields]: prefer initializing structs with named fields
   --> test/SineV3SmallReserveFixtures.sol:141:18
    |
141 |         r[130] = Row(170882550936050000000000000, 588499331666666666666666, 1, 75000000000000, 833357962596257923);
    |                  ^^^^^^^^^^^^^^^^^^^^^^^^^^^^^^^^^^^^^^^^^^^^^^^^^^^^^^^^^^^^^^^^^^^^^^^^^^^^^^^^^^^^^^^^^^^^^^^^^ help: consider using named fields: `Row({ boot: 170882550936050000000000000, wavelength: 588499331666666666666666, reserve: 1, price: 75000000000000, expected: 833357962596257923 })`
    |
    = help: https://book.getfoundry.sh/reference/forge/forge-lint#named-struct-fields

note[named-struct-fields]: prefer initializing structs with named fields
   --> test/SineV3SmallReserveFixtures.sol:142:18
    |
142 |         r[131] = Row(170882550936050000000000000, 588499331666666666666666, 2, 75000000000000, 1666715925192515847);
    |                  ^^^^^^^^^^^^^^^^^^^^^^^^^^^^^^^^^^^^^^^^^^^^^^^^^^^^^^^^^^^^^^^^^^^^^^^^^^^^^^^^^^^^^^^^^^^^^^^^^^ help: consider using named fields: `Row({ boot: 170882550936050000000000000, wavelength: 588499331666666666666666, reserve: 2, price: 75000000000000, expected: 1666715925192515847 })`
    |
    = help: https://book.getfoundry.sh/reference/forge/forge-lint#named-struct-fields

note[named-struct-fields]: prefer initializing structs with named fields
   --> test/SineV3SmallReserveFixtures.sol:143:18
    |
143 |         r[132] = Row(170882550936050000000000000, 588499331666666666666666, 1000000, 75000000000000, 833357962596257923915868);
    |                  ^^^^^^^^^^^^^^^^^^^^^^^^^^^^^^^^^^^^^^^^^^^^^^^^^^^^^^^^^^^^^^^^^^^^^^^^^^^^^^^^^^^^^^^^^^^^^^^^^^^^^^^^^^^^^ help: consider using named fields: `Row({ boot: 170882550936050000000000000, wavelength: 588499331666666666666666, reserve: 1000000, price: 75000000000000, expected: 833357962596257923915868 })`
    |
    = help: https://book.getfoundry.sh/reference/forge/forge-lint#named-struct-fields

note[named-struct-fields]: prefer initializing structs with named fields
   --> test/SineV3SmallReserveFixtures.sol:144:18
    |
144 | ... = Row(170882550936050000000000000, 588499331666666666666666, 1000000000000, 75000000000000, 833357962596206857924561887380);
    |       ^^^^^^^^^^^^^^^^^^^^^^^^^^^^^^^^^^^^^^^^^^^^^^^^^^^^^^^^^^^^^^^^^^^^^^^^^^^^^^^^^^^^^^^^^^^^^^^^^^^^^^^^^^^^^^^^^^^^^^^^^ help: consider using named fields: `Row({ boot: 170882550936050000000000000, wavelength: 588499331666666666666666, reserve: 1000000000000, price: 75000000000000, expected: 833357962596206857924561887380 })`
    |
    = help: https://book.getfoundry.sh/reference/forge/forge-lint#named-struct-fields

note[named-struct-fields]: prefer initializing structs with named fields
   --> test/SineV3SmallReserveFixtures.sol:145:18
    |
145 | ... = Row(170882550936050000000000000, 588499331666666666666666, 1000000000000000, 75000000000000, 833357962545191881674432929830424);
    |       ^^^^^^^^^^^^^^^^^^^^^^^^^^^^^^^^^^^^^^^^^^^^^^^^^^^^^^^^^^^^^^^^^^^^^^^^^^^^^^^^^^^^^^^^^^^^^^^^^^^^^^^^^^^^^^^^^^^^^^^^^^^^^^^ help: consider using named fields: `Row({ boot: 170882550936050000000000000, wavelength: 588499331666666666666666, reserve: 1000000000000000, price: 75000000000000, expected: 833357962545191881674432929830424 })`
    |
    = help: https://book.getfoundry.sh/reference/forge/forge-lint#named-struct-fields

note[named-struct-fields]: prefer initializing structs with named fields
   --> test/SineV3SmallReserveFixtures.sol:146:18
    |
146 |         r[135] = Row(170882550936050000000000000, 588499331666666666666666, 1, 1000000000000000000, 62501847194719);
    |                  ^^^^^^^^^^^^^^^^^^^^^^^^^^^^^^^^^^^^^^^^^^^^^^^^^^^^^^^^^^^^^^^^^^^^^^^^^^^^^^^^^^^^^^^^^^^^^^^^^^ help: consider using named fields: `Row({ boot: 170882550936050000000000000, wavelength: 588499331666666666666666, reserve: 1, price: 1000000000000000000, expected: 62501847194719 })`
    |
    = help: https://book.getfoundry.sh/reference/forge/forge-lint#named-struct-fields

note[named-struct-fields]: prefer initializing structs with named fields
   --> test/SineV3SmallReserveFixtures.sol:147:18
    |
147 |         r[136] = Row(170882550936050000000000000, 588499331666666666666666, 2, 1000000000000000000, 125003694389438);
    |                  ^^^^^^^^^^^^^^^^^^^^^^^^^^^^^^^^^^^^^^^^^^^^^^^^^^^^^^^^^^^^^^^^^^^^^^^^^^^^^^^^^^^^^^^^^^^^^^^^^^^ help: consider using named fields: `Row({ boot: 170882550936050000000000000, wavelength: 588499331666666666666666, reserve: 2, price: 1000000000000000000, expected: 125003694389438 })`
    |
    = help: https://book.getfoundry.sh/reference/forge/forge-lint#named-struct-fields

note[named-struct-fields]: prefer initializing structs with named fields
   --> test/SineV3SmallReserveFixtures.sol:148:18
    |
148 |         r[137] = Row(170882550936050000000000000, 588499331666666666666666, 1000000, 1000000000000000000, 62501847194719344293);
    |                  ^^^^^^^^^^^^^^^^^^^^^^^^^^^^^^^^^^^^^^^^^^^^^^^^^^^^^^^^^^^^^^^^^^^^^^^^^^^^^^^^^^^^^^^^^^^^^^^^^^^^^^^^^^^^^^ help: consider using named fields: `Row({ boot: 170882550936050000000000000, wavelength: 588499331666666666666666, reserve: 1000000, price: 1000000000000000000, expected: 62501847194719344293 })`
    |
    = help: https://book.getfoundry.sh/reference/forge/forge-lint#named-struct-fields

note[named-struct-fields]: prefer initializing structs with named fields
   --> test/SineV3SmallReserveFixtures.sol:149:18
    |
149 | ... = Row(170882550936050000000000000, 588499331666666666666666, 1000000000000, 1000000000000000000, 62501847194715514344342141);
    |       ^^^^^^^^^^^^^^^^^^^^^^^^^^^^^^^^^^^^^^^^^^^^^^^^^^^^^^^^^^^^^^^^^^^^^^^^^^^^^^^^^^^^^^^^^^^^^^^^^^^^^^^^^^^^^^^^^^^^^^^^^^ help: consider using named fields: `Row({ boot: 170882550936050000000000000, wavelength: 588499331666666666666666, reserve: 1000000000000, price: 1000000000000000000, expected: 62501847194715514344342141 })`
    |
    = help: https://book.getfoundry.sh/reference/forge/forge-lint#named-struct-fields

note[named-struct-fields]: prefer initializing structs with named fields
   --> test/SineV3SmallReserveFixtures.sol:150:18
    |
150 | ... = Row(170882550936050000000000000, 588499331666666666666666, 1000000000000000, 1000000000000000000, 62501847190889391125582469737);
    |       ^^^^^^^^^^^^^^^^^^^^^^^^^^^^^^^^^^^^^^^^^^^^^^^^^^^^^^^^^^^^^^^^^^^^^^^^^^^^^^^^^^^^^^^^^^^^^^^^^^^^^^^^^^^^^^^^^^^^^^^^^^^^^^^^ help: consider using named fields: `Row({ boot: 170882550936050000000000000, wavelength: 588499331666666666666666, reserve: 1000000000000000, price: 1000000000000000000, expected: 62501847190889391125582469737 })`
    |
    = help: https://book.getfoundry.sh/reference/forge/forge-lint#named-struct-fields

note[named-struct-fields]: prefer initializing structs with named fields
   --> test/SineV3SmallReserveFixtures.sol:151:18
    |
151 |         r[140] = Row(679440384500000000000000000, 1173472166666666666666666, 1, 1000000000000000000, 975861072183638862);
    |                  ^^^^^^^^^^^^^^^^^^^^^^^^^^^^^^^^^^^^^^^^^^^^^^^^^^^^^^^^^^^^^^^^^^^^^^^^^^^^^^^^^^^^^^^^^^^^^^^^^^^^^^^ help: consider using named fields: `Row({ boot: 679440384500000000000000000, wavelength: 1173472166666666666666666, reserve: 1, price: 1000000000000000000, expected: 975861072183638862 })`
    |
    = help: https://book.getfoundry.sh/reference/forge/forge-lint#named-struct-fields

note[named-struct-fields]: prefer initializing structs with named fields
   --> test/SineV3SmallReserveFixtures.sol:152:18
    |
152 |         r[141] = Row(679440384500000000000000000, 1173472166666666666666666, 2, 1000000000000000000, 1951722144367277724);
    |                  ^^^^^^^^^^^^^^^^^^^^^^^^^^^^^^^^^^^^^^^^^^^^^^^^^^^^^^^^^^^^^^^^^^^^^^^^^^^^^^^^^^^^^^^^^^^^^^^^^^^^^^^^ help: consider using named fields: `Row({ boot: 679440384500000000000000000, wavelength: 1173472166666666666666666, reserve: 2, price: 1000000000000000000, expected: 1951722144367277724 })`
    |
    = help: https://book.getfoundry.sh/reference/forge/forge-lint#named-struct-fields

note[named-struct-fields]: prefer initializing structs with named fields
   --> test/SineV3SmallReserveFixtures.sol:153:18
    |
153 |         r[142] = Row(679440384500000000000000000, 1173472166666666666666666, 1000000, 1000000000000000000, 975861072183638862072626);
    |                  ^^^^^^^^^^^^^^^^^^^^^^^^^^^^^^^^^^^^^^^^^^^^^^^^^^^^^^^^^^^^^^^^^^^^^^^^^^^^^^^^^^^^^^^^^^^^^^^^^^^^^^^^^^^^^^^^^^^ help: consider using named fields: `Row({ boot: 679440384500000000000000000, wavelength: 1173472166666666666666666, reserve: 1000000, price: 1000000000000000000, expected: 975861072183638862072626 })`
    |
    = help: https://book.getfoundry.sh/reference/forge/forge-lint#named-struct-fields

note[named-struct-fields]: prefer initializing structs with named fields
   --> test/SineV3SmallReserveFixtures.sol:154:18
    |
154 | ... = Row(679440384500000000000000000, 1173472166666666666666666, 1000000000000, 1000000000000000000, 975861072183638862072626999337);
    |       ^^^^^^^^^^^^^^^^^^^^^^^^^^^^^^^^^^^^^^^^^^^^^^^^^^^^^^^^^^^^^^^^^^^^^^^^^^^^^^^^^^^^^^^^^^^^^^^^^^^^^^^^^^^^^^^^^^^^^^^^^^^^^^^ help: consider using named fields: `Row({ boot: 679440384500000000000000000, wavelength: 1173472166666666666666666, reserve: 1000000000000, price: 1000000000000000000, expected: 975861072183638862072626999337 })`
    |
    = help: https://book.getfoundry.sh/reference/forge/forge-lint#named-struct-fields

note[named-struct-fields]: prefer initializing structs with named fields
   --> test/SineV3SmallReserveFixtures.sol:155:18
    |
155 | ... = Row(679440384500000000000000000, 1173472166666666666666666, 1000000000000000, 1000000000000000000, 975861072183638862072626999310476);
    |       ^^^^^^^^^^^^^^^^^^^^^^^^^^^^^^^^^^^^^^^^^^^^^^^^^^^^^^^^^^^^^^^^^^^^^^^^^^^^^^^^^^^^^^^^^^^^^^^^^^^^^^^^^^^^^^^^^^^^^^^^^^^^^^^^^^^^^ help: consider using named fields: `Row({ boot: 679440384500000000000000000, wavelength: 1173472166666666666666666, reserve: 1000000000000000, price: 1000000000000000000, expected: 975861072183638862072626999310476 })`
    |
    = help: https://book.getfoundry.sh/reference/forge/forge-lint#named-struct-fields

note[named-struct-fields]: prefer initializing structs with named fields
   --> test/SineV3SmallReserveFixtures.sol:156:18
    |
156 |         r[145] = Row(680309031361605555555555555, 1174222053888888888888888, 1, 1000000000000000000, 982587343086948317);
    |                  ^^^^^^^^^^^^^^^^^^^^^^^^^^^^^^^^^^^^^^^^^^^^^^^^^^^^^^^^^^^^^^^^^^^^^^^^^^^^^^^^^^^^^^^^^^^^^^^^^^^^^^^ help: consider using named fields: `Row({ boot: 680309031361605555555555555, wavelength: 1174222053888888888888888, reserve: 1, price: 1000000000000000000, expected: 982587343086948317 })`
    |
    = help: https://book.getfoundry.sh/reference/forge/forge-lint#named-struct-fields

note[named-struct-fields]: prefer initializing structs with named fields
   --> test/SineV3SmallReserveFixtures.sol:157:18
    |
157 |         r[146] = Row(680309031361605555555555555, 1174222053888888888888888, 2, 1000000000000000000, 1965174686173896634);
    |                  ^^^^^^^^^^^^^^^^^^^^^^^^^^^^^^^^^^^^^^^^^^^^^^^^^^^^^^^^^^^^^^^^^^^^^^^^^^^^^^^^^^^^^^^^^^^^^^^^^^^^^^^^ help: consider using named fields: `Row({ boot: 680309031361605555555555555, wavelength: 1174222053888888888888888, reserve: 2, price: 1000000000000000000, expected: 1965174686173896634 })`
    |
    = help: https://book.getfoundry.sh/reference/forge/forge-lint#named-struct-fields

note[named-struct-fields]: prefer initializing structs with named fields
   --> test/SineV3SmallReserveFixtures.sol:158:18
    |
158 |         r[147] = Row(680309031361605555555555555, 1174222053888888888888888, 1000000, 1000000000000000000, 982587343086948317114660);
    |                  ^^^^^^^^^^^^^^^^^^^^^^^^^^^^^^^^^^^^^^^^^^^^^^^^^^^^^^^^^^^^^^^^^^^^^^^^^^^^^^^^^^^^^^^^^^^^^^^^^^^^^^^^^^^^^^^^^^^ help: consider using named fields: `Row({ boot: 680309031361605555555555555, wavelength: 1174222053888888888888888, reserve: 1000000, price: 1000000000000000000, expected: 982587343086948317114660 })`
    |
    = help: https://book.getfoundry.sh/reference/forge/forge-lint#named-struct-fields

note[named-struct-fields]: prefer initializing structs with named fields
   --> test/SineV3SmallReserveFixtures.sol:159:18
    |
159 | ... = Row(680309031361605555555555555, 1174222053888888888888888, 1000000000000, 1000000000000000000, 982587343086929257991700910769);
    |       ^^^^^^^^^^^^^^^^^^^^^^^^^^^^^^^^^^^^^^^^^^^^^^^^^^^^^^^^^^^^^^^^^^^^^^^^^^^^^^^^^^^^^^^^^^^^^^^^^^^^^^^^^^^^^^^^^^^^^^^^^^^^^^^ help: consider using named fields: `Row({ boot: 680309031361605555555555555, wavelength: 1174222053888888888888888, reserve: 1000000000000, price: 1000000000000000000, expected: 982587343086929257991700910769 })`
    |
    = help: https://book.getfoundry.sh/reference/forge/forge-lint#named-struct-fields

note[named-struct-fields]: prefer initializing structs with named fields
   --> test/SineV3SmallReserveFixtures.sol:160:18
    |
160 | ... = Row(680309031361605555555555555, 1174222053888888888888888, 1000000000000000, 1000000000000000000, 982587343067889175129557541248249);
    |       ^^^^^^^^^^^^^^^^^^^^^^^^^^^^^^^^^^^^^^^^^^^^^^^^^^^^^^^^^^^^^^^^^^^^^^^^^^^^^^^^^^^^^^^^^^^^^^^^^^^^^^^^^^^^^^^^^^^^^^^^^^^^^^^^^^^^^ help: consider using named fields: `Row({ boot: 680309031361605555555555555, wavelength: 1174222053888888888888888, reserve: 1000000000000000, price: 1000000000000000000, expected: 982587343067889175129557541248249 })`
    |
    = help: https://book.getfoundry.sh/reference/forge/forge-lint#named-struct-fields


Running 1 tests for test/dinosat/SineV3MathSymbolic.t.sol:SineV3MathSymbolicTest
WARNING  unknown deployed bytecode:                                             
         0x00017896a39c18386ac51ba93def47ad5bf252cbe169e1977e0173556032f62a2b609
         eb721024747f6ae3af0d9631fc1090169017cf3f11e800c8f9074de25f22c1739aba39b
         96eafc015ef4282901da67f8da35ed406ea04adc3cf2ef70325ea301552b93c2243b9e9
         814803a8ba87117184ea4cab5562d3b014ba5fd01236cb6479ccaf1bfe6e41e55cf529a
         90fa6b4b014261ac35af1015f56af7846d1f364871f530f73c4cba9101395cf47af5e7a
         7d2739ef0377c74c47f3bf4cbbae7dfa80130963376bda46662c310a0f5747dbde2059f
         958a8f650301280bd119efb47b39769967a81dc9bada6bbea8b414c6cf011fbc3f62931
         14ff5025515929421d980ad400145650d870117a5fa1f2b38caa35edb5472a48d6794de
         a49f36b56ee2010fc786b374a5f6874e215624a82c23c945122fe100f01001081f73de7
         745952794afbe022ca62627a47f129e4fe50c0100ac5981e78a856cfc14ae80a7f793f2
         2af1b0988058bb00f96cd86aceec9b192e4e56ca16a49d220a1f497033b9cf00f25f9a1
         b74c26bbb03a2db1c33e620d01cd474798aa1f800eb835096808bc3101c7b5bd863d577
         f80591b8e50892c800e4d6b62b4ee6e30aa2450570f8d87d448188f4c0733f9700de588
         d43728e6eefc1e589cdb10827371dd753ec99b1e200d807a0315ae0e8a3042343f3b060
         78fb07d05d10dfbd3f00d1e2c1001994fe8fac51d92178f37359ec12a9b069398200cbe
         8c944415f93080a59c3e653285689f28eb2e7a2abb000c61899edd77166a07a890d9b1d
         45f21f157619785f3acf00c0711b1b51d2a92f255caee4d3e8a5d6f1017498c9102400b
         af13bed9cc26bd26f95f9850ba4272ba9cb850db1de4d00b597f25d215f04c024925c08
         922ad004d838da6e3a13ec00b0643b0fc7faeeaa663a304c68707bf8aaead12524f1d50
         0ab55192ff09f8c33374f2f0672c46d1cc2dae5fd7e0e3600a66996445c5c7f1c56e62b
         7c8cfa887b89a225fa5a0e9100a1a0c209021ef57a1a0cf74f6d08c1329e16e9e99c9e9
         2009cf9b248c9e86ffadbe73d8c54a0859b3c4afd011fdc6100987382b8295816127c33
         4c56e3ee523004349922cef62e00940d54d09c94b23e8e0fadbf56fce6f4bf56703d2f9
         22e008fc64facf6bfec4c30d79fc78a24553766b1304015aea6008b9d9fe685354c27bb
         2b01b79d8673302d07527bf5ec03008792777300f0ffd806c36f9a0e0285b278712613d
         aa6620083a40d8349934d5f1b2cbe0b3acce8a4db8a33913f08c2007fd19e62e58e07c8
         60c646ed10e564fc556b2483f674da007c1a6b584321501e34e23fc7ed75b826307a9f6
         d8715bb00787dba85b5e461b73b241684a2937265c99a74f576f7170074fad6cb2cae27
         9da7ea022ec4debc9928ad6956c044d50071910fa89bc7e10bad688d93ce832d8e748d8
         f9d10076e006e3fb921176a2f593bff513813d35a936c341df500c6b7006b062b9e9a9a
         8a76f903b5370eec103298ef030ddf56a50067e3c3d676944c5cf6bfc54b5cbe97990db
         59cb68084970064d7e2ae66fd49cb8139f87dd88df7a7082cf9789ee3c60061e1ed2247
         3a49797a5383f7b87445f495b2a14e145631005f014c2a654b9c5cbde6c3f34f9b86273
         133626c5a3422005c356ca26eada422bc3f85c82fd8a6f9d21b349241b2f500597dbf30
         f3cc3a2d58f13986d267c566e1e5eb54c74f6e0056d9b82f7eaaab6c53dfbff33eb13d8
         0731c696a637df2005448cf9339745e1f255c14ea9549c52a954a54597f53550051ca80
         d621bc37ce64f1c4e813476bfdc23282853721c1004f5e4ae0c5427d75e2886f6240bdc
         93c00c8c2c69da48b004d03aff4852a2fb83cb3c5d02f3a1f526b1bf6d8a1b826004aba
         35965c97d2d02a22a5635820601b9703b5b4e68c4f004881647a27c42788bc63b6bff1f
         f859568d2d7873818ff004658c86e689d998a42d8ee0843b0907c7238d463fb01d20044
         3ff0488623116ac35a883e072dc436a5dae7054610010042366dd183b26fd4eed83ee23
         7e35d63ed3a40d6176e0000403bd5b32d943c5cf94326ba402fa52d7919fe74b1a9b000
         3e4fbf65b81d07d617f1af60b06973c905fb63014590b9003c71c51dcecba8bc6a34a96
         91129de8972b3dfd2cc236a003aa183bb10d9d2151f4dd0d069dda0eca8aa202b71fe4f
         0038de9ab6f8c29381f77c11dd1015710d7357b376f54b27003728ac142c5015a6d1c66
         f8bfa21383e28b6d668e718c900357f5c4e32cf61d9e651997190978af535d3e9d9f26c
         9f0033e252498f1638d4c7ef1b0831690f963742a6cb7b820a00325137443b13eb21c29
         33eeaf96769bfaed9b64d54b06a0030cbb6c682b2d0ac7a108233ea8dda605bbd8f4e3a
         69a3002f517e943bdc64851ca19868b14c0e9c54f01dacb60657002de23e9e597e2fdbf
         9ceace2775974d2d92bef6307f29b002c7da8f4d77994ca7a06cf3f84f78d1971e71eed
         434f04002b2371b8fd742feac3cda274136b865fd11ea6f4a6042c0029d34f0ff689f04
         7369046595a821502756499fea4e43f00288cf915bbed3106ba8538c3a9bd94f949ab97
         1911d38200275029d0508c109d5069b561638dc074ff4d6d89bf287200261c9d234bdcf
         75e24a2148cbaee0d8c780a2fe30343510024f210c3b1febc3ce3ab7ee01a2078d2b0f4
         850307dbaa0023d0442c17631b78d35de247e3a24053fbd6631a9a886a0022b6f8910e4
         440f17ced3e66a33871650e68c8219767550021a5f0d5dc3000195dbf566c607b6431b6
         36edf666969400209cf18175fcf6f0bf684f95c19037e288bc0e09719bbe001f9bc0b3c
         0874935f7662d1d1de2afb19e9a9be692a6c6001ea2261b149bde104a9ade899cc060b1
         b4b5ccee7c7720001dafeaea048215e9f287f22b6442d093eb32e787e85bb7001cc4d9c
         d619cc8f1d396219c7efca554298a5e1c33c1de001be0bee280a409cf1081f43e830947
         df4203b056566eb0001b0367adbb01a463d54917f160ac4839ab1d7743d812d3001a2ca
         3112be29f00d8e82e31be6a29a2b0121c3782dc2500195c4143a798260b0abcf23691f9
         c1ce0839435862d46e00189213c7ebea3fb709e33c3397ded0be512262364b949b0017c
         ded640806700463f7da4073e55d2e83915282176a0600170fa218fabc156ae145a46c50
         585b0cf6adfd9f2f409a001657071a85bfbd8fd0b4e8b2c56d4cbadac098a18322a8001
         5a3f2c734b5ffada9e6279d9ce17c7222c6d982a8f86a0014f63ca096cd90eeb8b53a2f
         e22c24f9957683e82be55200144dbd43a9b746a11be43d00e9199cb29fc1181424530c0
         013aa4e6174d193a8843c409a38189a41660d2ed2ef14d300130bcab7d363c2ae4a1b74
         2f751760338a2b1b69f7ab150012720e0a6ccbbe0c4bd9483db3249b32f22a5dd749d65
         b0011dcf51bd987a2088e8830e460ccd2e7baee80643a22d300114c5da6f40a9e691cdd
         30d3d471f8555cab83027748d80010c026585452d267d869c93ea68997b9a2382c57bcf
         8ec0010382ec7f53bd250162878173cd8b7f96a98d8f855ba16000fb45773028f6943b2
         a147c18a42086b18e1c50a472887000f3481b5cedbec772983af83db5228db1b71b6d41
         a07e0000eb88fc5f01d184d321a708e870175a7bbd004eb2a1133000e4064ac8249f3c0
         3267c4fd38e36b7220e82ccf3a80de000dcbe4408edf9c1d159f42426e8531186f7dfa7
         0ec18dc000d5af321988622d7216a4f2d0e915087de8cd99b277410000ced76b249f1d1
         cb99c360a68f661fb01a0880f60d0c89000c8355134728383fa6219f13d5f5fe45e6847
         7d3711925000c1c751e205554d14a6926d275475b0d0b475f3d4d17fb000bb8be606562
         0710c43db88feef04cba6a71ae80ca2bfe000b581916d981af12bcbec8285eb27e9d7b8
         213d9fba457000afa6e28c5f1829330e93ab12ef9df183f0c0986e81591000a9fa7236b
         28a6bfa57769e92ab513fc37d47c0cbe9eb4000a47ae358fbc8bfd64d960a29d6975210
         fee23dad235680009f26e2b2c415e83b382bb7fdc82ed708350f33cb8e5df00099fd269
         33729bed07ae932e058fa4aebb0d41743a258700094fc6e975f40375c44309494188192
         a3385961950f13e0009023836a0ff24f8944eb88af1b45c92225da37942d1770008b713
         685755ca53ae8880e8f865f5f87300db66863d6400086e461f63d55837f2156f55887d6
         95ee90ab4c31bcf39000827be82050b0ee989f9343eb6dbf39fc2ea4c30e9990d0007e3
         6b38512cc9a5cf38579331dcb3795141c538f1e3460007a13b68b1dd7ca56c211687b72
         8a480e37b12661054aa0007611eb477283e7bfeb3a7f8f87b34cfa04322eeadd3e40007
         2305348120225520cddce30bce45030b195f011694750006e6df75ff968dad23fbbc9a3
         9e57f2e9529d02137815a0006ac9e77475d060b25c71de8026365a71cc34567ca77a500
         067433a4bc8ab259832d4336450f1d6b7bdb295b06d65400063d90d5d140f8262d94d31
         8d9c9baf04cb6aba7d01cd5000608a84a186db7b9061a1c21d1c09e44e7320da902af34
         0005d56ca66c0cb2ec41a96c136914c972d1fcbdb809cf9d0005a3d0f2266ca26916812
         7f1f182df092fc931c902eb78000573c8946dff63b6d20144e0dc1371cffd4fc42d39ed
         9b0005454751933f80c75747d9d8c0edf0f69861076c58135f0005184148803817b37ba
         0f85456b15c1eeec647aaf1904b0004ecaaf0393edf83823208f0b188324931a2db9cd2
         e5d80004c279156e72ad821f753ef69089a2bcfdbe00e5c05d97000499a0d81d9376073
         88521aae7970d68cd423c6dd1f00700047217a943cb4c359a3d30ffe1c69713f3ff369e
         8d4e2700044bd3489f025e25184caf06e2831d96f0202329c8683d000426c9c27e5a56b
         0332f378753bbe4ed1a1ebae02687c5000402f16da16febe74360237018ddc2fefd510e
         d3ec224e0003e040e92603b14f5cc008fc5342a354d9d3834d4183250003beaf1a83ad8
         7db424d4e3232bd73cfd0d742d44d5aa200039e332b95403b41f15aa3867f5c669cfccc
         be80b8b77800037ec488af8505402323b91b2d5200db0e66ccd46b02df0003605adec4f
         8cbb6cf7d3d29dae46bc9ab5c8d3038cb5f000342ee199636febcfaa95ac0f4c362bb4e
         21bf2a76025f0003267661eebfffe2452595534112ea240bb77bba1a241b00030aec1be
         dcaf44bca44ecff78407243e8af6820c4e72b0002f047e55ad4d0467daaa3619a51c41c
         28850f054797370002d6829405a04ca0bb499add2766e85db6cd94435d18220002bd953
         4315c4cd629ec088065329441a39b8d70cd641d0002a579070aa8091229ceebfabafc2e
         dfb18f1f3f615f5300028e2781282e108155fb93a60f8e48b31d8114258206bf0002779
         a491590ef946e69be5eb65d39ba9194e1c37e1541000261cb35e865f2ef6f83bcdffe52
         ba3259170d403f800e00024cb44ddefc22fe9a7e2de2438d1e9fb7f34853b4e1cf00023
         84fc508af2dc78c2ed0cb7cbafd6ad0047f4af24bd100022497fbf78784bbe0734d0bc8
         2358d3a0292bf72df6b6000211877e7aea7b49d6deac5ac6b88817419ba3afe76f12000
         1ff1902631eb0d97529fba29abc7b0fccada80f38bb890001ed47664d6a860427d928ff
         2811a74b38d25ba38781b20001dc0db07893c95342339d4e6da5b8990a33ba8bf475710
         001cb670da1892bdf5751e56947c8f63bbd6ceb5823c9270001bb4ecfe7ff69f6919a04
         bda2e875aad113d2baedfcdc0001abc06dbacd67a94c6191f86249109bf38e5b5e94b7f
         d00019cb780cbd3ccefae14efb9bca01a48aad2e92b63a2c900018e2fc50b3df1355045
         56ba0593299ba63424fca79d8e0001802517a9eb22a4b1b24fc6eb6e72018eb9d7c5b50
         c7f000172937622d08ab5e00a029eea1098d24f5a630478d7a100016576fd4b251f743b
         76e8a7346c9dae2568c9cfe0fd04000158cbe8692a37cf4dd92f72055cc23a303902a86
         5459a00014c8e905164794270d370f76f8af806cd91cdb75fd95f000140bb6a8a19ee55
         985f866f091017fb3d0876100b6f980001354f0874eb2815691c1ad852bb31a1a64c0e3
         041cf5200012a46167e5e58c759a9969e3e987d5e2580dd0b558d8b00011f9d5b53345b
         f4c31c5cfa9adf060ae945c80cb5698d00011551b71b609f9175c6a62a6f6e43fa45605
         a08e4143900010b6022ba7ddba2e37a4982a39fb89e82cce2bdd1159a000101c5af159a
         7986b6e2bd067f906211f975f70e34da200000f87f845e3879ec866cd2df410792fc700
         8d0ae31c90c0000ef8ae1625d90e747787cfaa626dc5160bea9991f3d6b0000e6e51ae1
         9112489871d262fbfe37e023f00e701a867d0000de8b9ae6a625e192b135bf1fe92b24f
         cdf6a632c64630000d67be026319369988e1ddc2a5e6870b2f4173c6b860a0000ceb37d
         618b48c9d95bdf6bffebd5a044f0a233d30e570000c73018ce3c8b81bf7aac46a243dee
         ec8f0910abe392e0000bfef6b81bc8ee23de63789c6030d73391c3f8a4d09d80000b8ef
         40e15ded186dda695940fe3afc4a12e7ad8ca8e90000b22d7616504086fa1609e355b53
         38f7ad00a816bc4610000aba7f98599d5dcb39179a0f9726b6f1aa12ef2bfc73e0000a5
         5cca4bee25c805a8e7004ba28f4ec6be3e8860c7f200009f49f7bd467734ee1ab105fcd
         bd2fb3e3dcaa9ec5a790000996da0e822b8c729041497580913368df91bccc7ef420000
         93c5f41c5949d56720aaa281ef7c726a8b0d650c5c0100008e512e755d10a51874c1925
         c5843ba812f8e11477b470000890d9b67e1dd208407aa3192f484d600286e3919e8bf00
         0083f99452c7b4d1f74dbb03e820fd7f4c7eabccd6288e00007f138013363eadb4ffc99
         507ac17f85348816e87c31500007a59d29bd21b375c67563b327336c4ab3daa3320a619
         000075cb0c8ef687ecb49a43342ca18e0551e0443273a64700007165badbde3bac8e3b0
         72752702f2e022cb3ae907f1300006d28765ea6f521c687d2e292c0bfe3050f8acb2348
         5000006911e3831bbc24e7b0546ce9dd3a6cef264ebe12584400006520b1ea325b9e823
         4c9143b5d3abfb9e3dd3bfb6f08000061539c12291acccf40f116d28349480c47b180b8
         ee3500005da96701323afbacbd69d4ca951c485f2f3bd61bcd8d00005a20e1f29b39d15
         e1164bd6a08fcb99425a588ee03fc000056b8e6065e505f1406236ce28633a2a3c517fe
         fedab40000537055f30d1c3c0fb899e38c758a0c082e780f715d00000050461dba03d22
         6d7f9d13235f3d6f92e943d8fbb17e100004d39325dd4c90aa320b792e7e0ab866a2cfb
         f50fccc000004a48919adc98e89d9dbad5d900d09beaf36c234170050000477341a1ef7
         3158d60ed4f7026b766b269e5e37ce7bd000044b850d510c08c945d2087d3c5ab945b88
         52f082b90b00004216d5862677d73f57c8fb384e4749ab261601089e8500003f8dedb79
         9fe490707beea8d2010975ae8d0e2c321f900003d1cbeded8c817fe6d22307353b67318
         11b2ae295b9400003ac275a8a74844532bf3858e9d6043c9e558c88bb6ca0000387e45b
         f391c52e8e992d7709fa82cc7f10eaceaf7bf0000364f699201b8aacad8938f35738433
         935172d374546200003435221f3130f7324dfae948483c3fa10751f8ead7500000322eb
         6bed10c55eb9ddf8f3ce54450b9eac7e60dd2af0000303b74ef7567611c05c6bf39533e
         80291e9731102fa100002e5ab02476f658b16aa5cbc5ad37e8954da53da4f9e500002c8
         bc195aac7dfaaebfecb0f870c232cd191a3958cfb00002ace08108cf4f83b8923444212
         43df0428110c4fbd9500002920e7cad3b5338b986929acc4160226152df773fa1600002
         783ca3660967252e0c03ea088380f2849fe9d61eef9000025f61dd685de26287fa7862f
         ed7908cbc3e03cb7972c000024775616965ecb7204dc5dfa58066129143806c7ee3f000
         02306eb21b64f5c4a370b812c3766ba1cdbf3f1ee89a8000021a459bbe3f3d0445517d8
         f579457c0ff6910fde896b0000204f231c2f256616e9038f0450e376d676c6e40e290b0
         0001f06ccc817077d393f328db62ec67e25e9d486e0fa2900001dcae0700572385cc447
         50643e149a2f030f7fe4a1a200001c9aebccdfd70832416ea5b34372610e11696ff36d1
         400001b76807ea59ca1ab9a90dbf9e13c3dc34c07d0a8f9a700001a5d33ec1427cd3f16
         6a1121c1cf7bb471002b7ce83b0000194e9f2348fcf6bc9c7302382c7c2ea2571460df1
         3120000184a5ebb5a9b77f5ac72e7388cee7c1749a4ce3612f80000175012b6e0e74c87
         e70b6a9c1d9b4c1a2f55b85cb0820000165f5e6766283b0e86a343f5bab885e5a070c25
         bdb2800001577e851b9d6902de8549953767b6e2208e4cd50b818000014995a131e9d52
         791e48f368f4e08104601632dedc11000013c360474d28631085040fcbc618e314bac8e
         be2e1b1000012f5aa6f458255cebc0d20746a4bb0c59afad13e09e10000122fead8e8f1
         f47ea746030d17682dd643707f63e4e500001171d68756726253ec64454ce25ecc650ca
         1c540fe0f000010bb251c040ab6f68f6ba223810f085bf46043330f150000100b90c08f
         72b1f5d9db7208e5cf2ebd4470c3ed71a000000f62d6114099df50a126bbe81880e0ea3
         e969b61f24a00000ec0b40838cd32b248def6648b48e2e0366985d4ec9400000e24ebe9
         495cc7a55f8306772944bd4effe8bd20775a00000d8f412e6cc81fc00b1241466dad967
         eac1b284ae74600000cff7974dd9aeafed5eae4380c7f8f899240a4426ca900000c755c
         6ac64728456e662f5fa9b8881f4046ca499e0100000bf0b3bd856b425377b1e37b10e25
         3f3221aea30fe1400000b714b088213be4294da0e1e68ac6c9e016b5e70f65300000af6
         efc48ba821942ec1d7dd32512c07b1bac708a73500000a817137c151ec888a74f1f8b05
         544bbe525e0901e3800000a10a065fccae76368acba7b97e22419f2ee92b85896000009
         a45001bc9d93b98bb0a0939c2df2f1ac1c1a41b5720000093c545d89ff5b1af200a4883
         0d3c87ed53716928ae8000008d8835dd688177caeaad6d48d93679cbb46f7e43f490000
         0878b46b4e25d4a1aa46dae3700dbbd7cf668887d5e20000081cc06599c63143d0a91ec
         bc07f0c3e291fb3c44e7b000007c481968f4897a26a8623639d5692f970a2cf5d908a00
         00076fd3a5cb65a3fd0d9fbb6d9b8e195774e282c7cc580000071e938cb25080e6fecfb
         690c6910d5b50705aa2917c000006d09f8ad3eec9abf3d2f1b7aae9d065ffb9217a1850
         00000685d71ab09aa680d80f95badc156e87f92e103996070000063e1ae6db7959234ee
         16fab86ac5587831d57289200000005f94cbf778656f13b3d2b2292570e67f0edd34f4f
         eb000005b74f900c885b6593e7ca6e1e415d816e3c5db47719000005780755b13a972fb
         1c441afe0b8f1dda32c700859ab0000053b5915880848948d49e70cf012a4ee66d1c704
         c31b000005012ad38bcca52d139316f60518a87c81af3a948761000004c96389aa1c0f0
         1fc83a5691acf4910751645427b4800000493eb1f28ae1b06181a499350fe2ec1491413
         0642e300000460aa605391f877bc80ed12df78979a65fc2e458fe00000042f8af671e85
         31f50d361802dfc1d3a82d34ba8daaf00000400775ffeeed8fd729c068f45e49536ebfe
         c2c80961000003d35ae9253a21fc08db7ac1be5a2cb0dfe3f0723f44000003a821a47a0
         ad8bbeba90d501255d405327eed4c3d410000037eb863f6bab1b245928df60b771122a3
         56c19680f8000003570cb22e4cfc70163ee6a5ed1915bcf815767ab419000003310ccbb
         d3d6d0b3e506d40f6bb8457b926ebee531f0000030ca798f1b6240901935e45d5eea302
         3d4debf3634d000002e9cca7aa63fca1f41877ee74498b0127141b69ddb1000002c86c2
         56a2dc6716edefadc3aa349658d6ffb653f6a000002a876d99f204b4095579fceab8b94
         2d3d5aa2079ebd00000289de201aedde2fb4e3ebe7ab862e88a3d0bab8af370000026c9
         3e3bb6cb189355e26a3109eb01d914574400cee000002508a99418b567874a49357bc86
         6aedd6de400f7b0200000235b53a553e98164fe5eed38b01bc5e6d1303fddddd0000021
         c0740b4f75c0f426442323ba017969d6a7b0f75d80000020374a18f3a58d79834ef6749
         630f98ef6973acdc06000001ebf1c904fe462688e7448532ac4b342622a39ad44000000
         1d57395d37fb2705b90318f0f803229fc052acb1935000001bfef552443e16b760fc855
         2e3394256c11bea3b3d0000001ab5abe820e06607a1f63d6061dc1352650c1bc30e5000
         00197abeff193d31944ed62be054b70849bbe5324203800000184d96a2cc7b3a7ece5d9
         b5840161611513c03eab2a00000172da0cff9829db56e3cfe44c4a4ab9ce6d1266a57c0
         0000161a513c50c92e41caa80fb1d1e1c10edb89ff6ae6c00000151321203b03837c22d
         9bb12dba76a8c716444b34bb0000014178f02844e3eb797afb6890bf67690c37ea90e13
         90000013271e85dbe4a4173a61cf3ce69cb8344f566bf0f08000001241583818f77a75c
         4d17c78675b78f9672bc81e0c5000001165c96335b158aaba79fa4407f062f062c4a7dc
         ddd00000109403dff1ec2c5f2db1238967afca1b1a67279ea94000000fcb9dea0f8ef8c
         ce089ae26ac88bf014adb252dd98000000f0c31f61afaa2450c56c58007d592c6c276aa
         4dfed000000e555e88b2592db468e7c65e6158000619763bfdd57000000da6c60f3f0c4
         06a02ca6ac56feb7e67648359a4cc2000000d000eba14ddfa79f3fee5684e2e518b0021
         347eefc000000c60e257eafa92e59a05735e2111feb7ca762d88c20000000bc8ee32a31
         97d6af74c556e9363956c10fb1ee8808000000b37e2ed539a6b1b96cb16d7f15e205716
         9a3a4bd21000000aad746389b53cb76e017b19840029483e49420d9dc000000a295989b
         93413d3e78107033987f860e016610f34f0000009ab4c4ecf842922dc7066741e41070f
         40bfa0727ba000000933097ee03cfd4ab05a76cefda922505f72f2419980000008c050a
         6e18df0c66f339cfe6a4008023cba106485d000000852e3f96f505fd0b470c3fe74af57
         ae133112393050000007ea88348bc81a96b6ca807af430c43e58ff1019c290000007870
         4885565888fdf717d09e32e37217d7b4c32ce1000000728227ea924081fbe826b8c5692
         3944246508d4f3e0000006cdade3a9643974bf1f367aa6f3807abe9a4871c9300000067
         774af2164ec54011dacb9ab23bef0948688b956400000062546eebdbe6b38a5b15a3cea
         079ebed1852001c720000005d6f6b11282e97bc8fcb30ddf37af397e9672e94ce000000
         58c57f167e3fc60a30b32a9a8dacd50331826728d3000000545408446784dbbcb3b8ea4
         36024b8b8eddaf4b9860000005018804bc762ffd43163ed27c5c20bfbae4badc14e0000
         004c107c2556f73cefacac799bbb29acd145caa4bfb20000004839aafbe50e407c14fac
         5fd803b4e1d61a733ced10000004491d520f9c29d8a09f80a412c02614340abd1987f00
         00004116db0b8059cf7178250129d963bc3dfd3bfac7440000003dc6b4601d0b5e51e9f
         5132f0f45eacf994852dc4c0000003a9f6f02d7586d33d5bc71d2caf22711fc18c1eaae
         000000379f2e31c47d51d1e876de25cfda252232c34a40b100000034c429a860534ed33
         16bae47931f80b465424a358e000000320caccb45aecbc31234df1d133b8bb44237f658
         940000002f7715dbf9e7170c074a71f7b3bed01580322069a00000002d01d53481c07de
         55efdaf07dad46824a9ad2ee9580000002aab6c8a7868f069a64546f7e314a5605d3e73
         488400000028726e39639b1499184bd2f895bdbcfae2d302eb6300000026557c94024c2
         d6e80b3a85d5562b8fc4cf00ddb880000002453493c558722eee93786a6d398460e93a0
         6920d9000000226a94822542d0dbb99e06e632958e074312986dbb000000209a2cc7c51
         c1339375c7c583a3b3fc5f4e00fe26f0000001ee0edecdee55645f681820a6d19779b2c
         1004b82a0000001d3dc0bf0af63b4052474708eebae0ee810e467f5c0000001baf9a700
         00ea95abedcd91a1e3a35ed63a3eba86b0000001a357c112679dc03065ffeab93c6d160
         6d43bb76e500000018ce72145be823452925fa504104266809e008de89000000177993d
         1b7318b76262c32d64ba142361d07be7634000000163603121ce0ee240ccf42caa388c1
         8c0d2c7041160000001502eb9e7706741c399069bede913d4ae4b97e25b300000013df8
         2d36462b8be084232ae128a59a5f7188ab4f700000012cb07393480f065cd3ddd0bc49c
         6c740e2b7fbf9300000011c4c02007cf124200b0e24393fa4e80dae70f4a0900000010c
         bfd3fec2f7250f36d2ec96dd550a90c7accacf50000000fe0165ccfdfd0d5ccf36a2646
         5b0eba9759c36baf0000000f006aee25e704dfaf9428848f99e3dc95d0ad276b0000000
         e2c61ca1884688931526c49ca4ebb2ce2c83dc1830000000d6368d4275b65e16e4a68d5
         581110f75e867474660000000ca4f4af104a47095086ece2b079e9bd4719e6b9d500000
         00bf08071e3060ca41f6866caffe7b6a2f542732d690000000b458d6020b5daa54a98b4
         a0926c643c7cb8b07cf70000000aa3a2a4c9dfd1e015ed553d7ddcfdde5bb2affc35000
         0000a0a4d103e07376f0e7c9890bb132b5fd0df52e46d00000009791ed8d160e2d40c21
         423d56f6990f4921f6e48f00000008efaf5dfdff5743c9d2b74cb8913d8df9acb42a860
         00000086d9aee16cbf090a17aa56961d6183354103d983600000007f2828e638e6b4452
         a382c0dea82ded18013f4dfc000000077e0bc58e280a72d67652294ccb353a338a88d8b
         8000000070fe0684a03f38b784c375b80f411e570f9937a1400000006a7ae681f9345fb
         565d5723fef744cba7fdb1f40e000000064527a446793521759adc04330ea85b5b0c343
         0e100000005e801bc79d2387412240fabdc0ca7ff27ce027623000000058ff5e5b2c177
         af026773f6ea9288026dbe47843e000000053cc0c0b62925b888db27f0337f52cdf155c
         8c74100000004ee22326325b94b3b62a3b5a3e66984c65753a38900000004a3dd3db091
         1183ea0f7009fdf7f21a3b39c7ca69000000045db7df4879c7d45f1020aee0e623030fa
         07cfa3c000000041b7aeab11c68bc22363ef7cf3790ae30778c728e00000003dcf1e8f3
         8837c800397c7388671f7059ae9cf9bd00000003a1eaf8b0afaf16fa58eb1345b684d28
         c4c85bdd7000000036a36af9636430657229e42895a1248a7a7206ebe0000000335a7fd
         24d94266fcc9e2d6d0d9e522d86350f08d0000000304140ebad91c2eb528e20c29b3b2f
         ed0e40ff6d700000002d55234d54b0d2ea2a5da2caba1f2ea1b9c33619b00000002a93b
         c97bb961f764f6c9e8592ed3aa6aae383583000000027fac17c9f23892564ade3b1c044
         8dc3dbc32f81f000000025880448c5a27ca13c23ef3c80fc34f296ce4ae920000000233
         9737e38989fc83b53cffe7f66f0a0ab051a7f40000000210d187e46882641cf6aabdd0b
         3cfb5b76071307100000001f011642a674ee865686feb09a9e8d14dc3023ac300000001
         d13a8251d6364db635aa1fd11ab1aa2e52047e3000000001b4320b50c282850dc10e3f9
         1910f2f699cbb64150000000198de89a51c976b63b3d01ebaa613ae7a448bfa1a000000
         017f27d84f467513618cb559d8bd1495f7a8d4c4c00000000166f7129081ee6b9a9f186
         a890b20f415600d5d5a00000001503684650aad8433be60c9ae08e29f9e7a18b1790000
         00013ad19bb1f9e0d45b32c262733998c809624a84170000000126b4da1f603ac85fdc0
         05dc4442efd2ce5c5885e0000000113cdc7974edfe4785f08f13d7f5c041f887a704c00
         000001020ae562d1106d8f4ccc0c82e345373d37fc304900000000f15ba1de1ee094f44
         434964df070248ce373576e00000000e1b04cbd95449c96976d19c6315ddc8777cccea6
         00000000d2fa0bdd412b9e7d144cec76c1efe8b48e80659a00000000c52ad0950a71300
         435106872cabd594400eb5d8900000000b8354d8bc828ef172b9b10939576142dd57d72
         aa00000000ac0ced03c2436bbfdb4f5ce44f9c438df98f978a00000000a0a5c79b5cdd7
         62f70d0c40cec58ade787b15cc70000000095f49b7cdfc4a522270dc842510cf85ffac8
         8200000000008beec3f880f054768a7f04b5ed4fb8237c8982de00000000828a31840ae
         f3c91d2f2fd451e912d0bd76c41e30000000079bd621ba8a85c0d10516ebea088e69524
         311aba00000000717f59ff8e5af48155b6ad84b5970931c8264adf0000000069c79cca6
         494fe9b2d83d997d04b7e0621f6202d00000000628e26dc84f16197e3d9d47a7bbc3e55
         c9cbd437000000005bcb671841e68ec02285c2d97c8cf8d5cf582dfd00000000557838e
         b9ad18d19352425ffa1cbf76a1aefbcf8000000004f8ddea3e3c735c610f19312101d17
         a951b7734f000000004a05fc080d9b1a13945e4d46d7b64122721f3a690000000044da9
         1365e069260589205b0cdc80a2a39acf660000000004005f5c289f7a39a125890e6f229
         46423566bddd000000003b82d41144db2f101708f15dda676bc15a5ed26000000000374
         c24ee773c44c3b8552f7f2e01491a56bdafe900000000335d2b5b6d5f14f833be71c0a6
         d3fcf86640a7a8000000002fb170926b9c224c432e2dfe1e6f9c77a57bd6ac000000002
         c44c03d323adac9b1d6da7be445730462a0807800000000291324dc156c288d10a58dae
         156912a0c28ceffe000000002618e45b67d805075842967bd0d6ad66742139a30000000
         023527cd50efe78d3458ea65493240e3ec2cda8ef0000000020bca17c307e36157c48a4
         f67124a903c6526a90000000001e5437b0fe32536061f9f28e42e1768a9b172fe000000
         0001c16543abd0e792e4851a1dad75dad356809754a000000001a0038a637b5a7cbc5bd
         bebf74d785c77d33f7b300000000180f50c6e203e077302d975957682251914d83e4000
         0000016413059062e742bccdbcf55bc660776df69a49500000000149390c366c141124c
         ed39782178be0519f863a80000000013044ef6d2a03582d707d68aca6271ef35a1ef2f0
         000000012460c4dec669a2f34c887c96cbe5ebeeb71439a000000001191696a395b3c34
         2a7ffb716216ad73046bb3250000000010e0b5e446c9b2532bff59186cefdac2a231b50
         3000000001038fe31de9638a70a61a76a681f4f82e4e232e0000000000f94f2ab363a74
         39de9395c57580cddf0f9fb05e000000000ef949305b0dafd456b77bbac338c6ed4b226
         750000000000e610cdc31135fa4af920f4bf4946dea231bf7ed000000000dd0a26028e1
         9f0412d7129a5b7a243d477b9d66000000000d4369f5019adce2c42c9489dbe17483192
         fadc8000000000cbd7c3487511f66d64f771cfdb270a49d3ea24c000000000c3a8923f4
         f112d79a357a35111f6ff5c3a9a46a000000000bbe62108ff8d6d45d876632e22e921dd
         b4d8cb4000000000b4501c9ace8b85efeec563257727cbab1784095000000000ad1f6d3
         64f9b55007605ee98bc87bdfb4be7377000000000a61820f82ab8176f5bdd8081506136
         ed29ad4170000000009f6f3786c32bfd9a4df2bfef1901aad30f855b200000000098ecd
         91748ab2b319d0c33c4d32811ca6f253f100000000092c25ca97f51d4efc10bbdc7054e
         af14963578c0000000008cbbc1aa5562bc9c92efbe91dd9ec971d23039d000000000870
         6f29c952828603b395b83986c1be033fc15400000000081738737f0d0568d331a66f596
         b5e3901bb72b10000000007c2c361636088ccc05ef00a1d1369574a09510c0000000007
         703f4095b7a93fc56412cdda57938bcbe79e57000000000722278f318c5151dcf8d629f
         76e70a0ebe4a9150000000006d5ddf171c0e297638ed67a7986d83653e0db8a00000000
         068db119cd65cfffc53add45273be8931f444fb300000000064731be73366b8f3cfdb75
         65d53a2ba9e8bf26000000000060484b5ba25bd88f613a157aede63bb11349558000000
         0005c366b508fe66b55223514baa89465ae06b4133000000000585d57875a0e5c8552bb
         540fd648fab1a5cf8e4000000000549b6d1804a54d40376cd6f954738b23bc23f960000
         00000510e3f8c7638809ca329353ae7b0fa752080e220000000004d96925b96592c282f
         5cc299eb6c147d670e5fd0000000004a4fd7b9f53de5902ddf62ee3eb0c2c6566586e00
         0000000471d10c177143c7a3c2d28464b8169244884b360000000004417b2cdd7f8e13c
         16a22707bda21e8f14320060000000004124d6608b59ed43f840930977abdb0c99f9618
         0000000003e5c16364a088de514c8cb8c1413d9a2d8722d00000000003ba47e58cec97e
         8ee9d0a601abe187d764525ea0000000003913eefe07668c8a6a915746a6dcdb1205e7d
         750000000003693461264f69411007a62bd5db374c21887b100000000003436c75b04d1
         a0850fbf873189cc469dca06efd00000000031e9031a94305d57d610b08d785bbea851e
         b80a0000000002fbcbcd6cf414683f1dafd7cdf91aa859b10d610000000002d9e199654
         254a5de48ef2ea7e62c7ea555a8cb0000000002b9e7708805c2f6c420bd0102030e206b
         ea84cc00000000029ab734281b6ef564b856aae2474ef908c9fc1900000000027d51ed8
         8b02760c5cd6d2e2be0945668e81f1e000000000260a76fa2c21219b41377aa33913444
         14a5b909000000000245a56470394ffabdf0c8799a4e26572ebc181a00000000022b500
         bbce0014c4c9f88ee92b97447e5091341000000000212830ad63ec7381dec5b43256f3c
         21297839990000000001fa55a269ef129f0456e445324f2840270814b10000000001e39
         2b7523189102f0b6f589d0c33999ae13f0b0000000001cd6336980ad6087ba4401a81b0
         7f877a6b5bf40000000001b88273ccd2fb9a473fb3a8e6b673c891fb7eaa0000000001a
         429c9d5cbd66e13d4fcb431178d3f8a603d190000000001910616597d7f34c47cee0847
         f67e1ac32f9fc000000000017e5ff85166f12c81058b98cb9a150e53f474c3000000000
         16cd6e03bceea0b6a63d775299882392f9b782800000000015bc19ad7fa9ee9a08e9a5f
         4ddf0662f4a80e5d00000000014bb322c2df14e3204beaef05cc1a4409e9dd5b0000000
         0013c0f6e806ca6bf825f800e48ffc7dd38b1095200000000012d5de9a78ad67e7b5ab8
         11e1202077194b7d4300000000011f0ec1b17eda79e476740a44b235e6b38b93ad00000
         00001119eaa9f86a40391944b0cabbed7e1a134b414000000000104892636d358f90fad
         020c084645fef3846e360000000000f840f9dae5ae19e15bad6e1e8040432b1e2674000
         0000000ec4c281c7a86ca801eb9516d8cca27eb327a060000000000e11443258ccd9646
         fa0f81e3d163246113052e0000000000d629090c587c0089392c745f70541f2564fd520
         000000000cbeb8769a5e4d2b2c12cb0257bcd0692c5cde60000000000c1f47fec3704b8
         d504dd32bcbd3f49e4649c440000000000b89d1e539a6e0b702877183adf83be2ee27d0
         30000000000af867c7eb65fd53bf384d61bad7f109368b0b50000000000a7027bdb649a
         3acf1f807d815886831d82345200000000009eb9eecc8372e213e23ea002e47b9db907b
         f4d000000000096f7f97a276ba7f6d6bd3df1bb4611e8f1764100000000008f6c921e47
         eed61a0a12268cfecb540bc433450000000000885ca2d5f94edfcc6b79bbc441189ab60
         f45c30000000000817ebb52b189d71f24e37c0cd1133aa52ad94f00000000007b1205b0
         a37e4de22cc93cd2c7ed0c0c1e6836000000000074d32a5eb2986b4287c16900ace636b
         b11565a00000000006efc04e8cc8a04de5c63a78c1b4b7fc316be6b0000000000694ede
         c8c17e5a4dd4931fe9b422c27230f8b800000000006400ae5f9730926d03f6c2598f447
         fc9dd1a5a00000000005ed8eef25f1f62f8c93f597712a9cd2380bc5c00000000005a08
         139731c1de2a1491ed3a89dece535bda890000000000555a6205901542f04467df3910a
         2436129024e000000000050fc24e126ee4655ed5d9f980bb978df331f0100000000004c
         be0c5e3a5876ab61403dc7b1f9b668180194000000000048c88ef5788086365bea52193
         e0e80664daca6000000000044f06e49828ab5bee1da69b3267128502454de0000000000
         415a9acda858e4ca7d7ce1aa6e02f4dfb9b1c700000000003ddf94f7526f55ea7523f91
         d6be9f753e792fc00000000003aa10fa0d54f074759365c5b4df4e1d4f01e7200000000
         00377afd7c268b50e46ee384e7cda60b4af8a0760000000000348c16dff994301937aba
         057000fa36a4d5559000000000031b379c31c8d1ef1af84b995aeda6d96e82430000000
         00002f0d221327ec232d68e2403cecd6cb2d2a0c5c00000000002c7b17520018702364b
         2343b45500fbb57f31100000000002a16d27a5dae0b268132e73213d2167364632f0000
         00000027c507c2c0f3faab448a623b12c1d8d77cb4a70000000000259ce2562203ecdb7
         1b146992eeb189d5acfda000000000023858ad75565eaf93eac37f9c0e1b515f8438200
         0000000021940fbdb84ee9a2bb92905b7a9383fee3490e00000000001fb1da0e8ec121b
         75b86e777938fd0e76048bd00000000001df208ea24e6b565f8a7b57fdf376eb43827cb
         00000000001c4015a1d5b32381c4f0a76c1d07bf8147201d00000000001aad59dea9870
         c4a13ee5fc7879dc5e74058140000000000192732d520af4f65f71f790481c0e209acb5
         9f000000000017bd5b58b288af17201061445d499046ade0c60000000000165eeb83c1b
         ced0eca1349cd5bc6c22ef3a0550000000000151a22f270552df07fe32ec42e47b22b76
         ceb0000000000013dfaed5e2c7070f7fe70972d5f15e277f1c11000000000012bc74648
         a2d36f3c547b05415ac7c22684af8000000000011a2930bb1221214b5ce9fabd4998f7d
         1a2f9a0000000000109db3d4791f318b0cc86d7eb962510275ed3d00000000000fa1484
         c530ed16353864b512eaf6c17c1497400000000000eb7d91e2cae4216e4099eb33c3bde
         e764c6dc00000000000dd60c67cd4e4264243d1a6ae5a375b217db7a00000000000d056
         4089edef2692f402f7befb4b911c7dcfc00000000000c3b9f7bfc123dfbdab45b5a1b37
         73676b538200000000000b815155f3d57af273698fb57d45a627ec2b7700000000000ac
         d396db264f98c1dd11b7a39d307b6495d4e00000000000a2710a0aa9164e58c773f2d44
         1441498a54fb000000000009868027f62a5fecb52422005a0540579105de00000000000
         8f27af8413b2c32fd68a61b436252b6dcd7f1000000000008637e9425be1434e77fb7b3
         5c77f163f3eec4000000000007dfca308083fbac3540531a9c36f885362e7c000000000
         007609c3e9f7dcc5904385c70efcac81b557c6d000000000006eb90d7675849df7889ab
         5973c8d6dba65e0a0000000000067a959c43d90aa522e23446724f0e242df1da0000000
         0000612b2c66b285968b833b27ddafe3df4a02d9f000000000005ae74e5e04e5067b23d
         81196dc90bcdd2c624000000000005525e4471d3a529307fae5a3fc7669d673beb00000
         0000004f98b7f3d95f0978c71f38d5b844c7af62266000000000004a805ae9156696cba
         465f531521b9ce627131000000000004596be02d992b712dbc66f0c54071b90f21d0000
         00000000411599e3f2d7a913f44556be58b369a902997000000000003cbe3f68f312810
         3ae4c549ebd4efb1eafb8d0000000000038c43842e71b81f90e955e4e7060f167b5b7a0
         000000000034ef7f8ce775aa0070a9026e7d8d54e9c683100000000000316e0afa861ba
         f2979a04c2b0651cae75ce17000000000002e0dda0f11d761985bdbed7b0dc00f128946
         c000000000002af7dbaafd8f042bd2354a4e5b1d571848e210000000000027ff7c8bf36
         d276e0fd700df6d63951c42d01000000000002549253bd756f3945da746738c2b09d8d2
         2200000000000022ad260127c22643f025d7b15e7dd19bf402700000000000204bd5e58
         4b2437f7f443befffb95db733bcb000000000001e01eb6c8bbd88737651e099e44abda0
         a03c7000000000001bec1643e58a90d5c575eb83886f777489c090000000000019eb014
         4238ca163a55a4e1c24cb4fc48434800000000000181815138d94a17c9eeac97c862527
         48b71a3000000000001657896ba84601174e7d089b57e20191fa1960000000000014bfd
         741b5d39b62e995a8622ae0376ab73310000000000013386552a3cf29209171de0524c9
         8bdbfdb6f0000000000011d50bfc995d151a5cc017f441f7a85b86de000000000000108
         00beba52d7d1a6bcbcd7b6d5af77fbe743000000000000f4ae47774d3eeaea59569fe46
         28c6357a448000000000000e22633265ab56d265deb955381a3c913ce8c000000000000
         d15ef1a858cd376cd837fe85bcd696e75bd5000000000000c149cfbb49ac91146e93b9f
         34da580a3ce7d000000000000b2bf5dc3c14f7d51e56dd3eaaf201a31a3210000000000
         00a4d16ceb0499156b8b99be9a6c748abd177e000000000000983df85621116063d7a2c
         e99b7c77fd6233b0000000000008c33c8b3b02527e5023810099820788f239600000000
         000081593a6391c4352b8d02b469b59c4d12e9a100000000000076f6da5bea23f79d567
         863a4907751ac365d0000000000006d9e1069b3fe5266d400922c6379aa0b02a6000000
         00000064ae4c4340c407acdd7f51183ae175fdbc0d0000000000005ca665ee96d5aedf7
         067118fe5f96fd2a52600000000000054fa18c09224ce4ebdc0bcf698c8aabed3ed0000
         000000004e17d2b1c7ff2399d1bd21da5a3076624a3a0000000000004785473eb46aa95
         e651f0ef967a09ccf8a3800000000000041a266c9d00f43a680d9f4ad183e8d5e40c700
         00000000003c04c6fb0ead6cf7cffde0675af191c9912000000000000036ff932a04dd7
         eb1740d9d686749bd2ba6ac000000000000323664f9d6b0d1a0080faf626855032ca622
         0000000000002df12c3b1d0b173fdb0e5ff5ca109bdd3f5000000000000029dfdaf0a47
         8ae4c629b8c8ab087fed9b8350000000000002640845c786581f90b969e8ad64360ce1f
         ba00000000000022cdf5122773826008b972a2fefc9bb3db670000000000001fbd9c4cc
         c2463edafdc5c379343d219e8600000000000001cd3cccd2aec7e0f6e94f058b384ef09
         b41e0000000000001a3e679ef89a19812b5f4b7f9f995168077000000000000017ca16b
         5e86d610509a8ba47a2171f16c93d000000000000159e238366841227e2f0fa15cd8e3d
         c951f0000000000000138e81f30c64679e971590d6f54d3b04e47900000000000011bcb
         e4f897d223dbc621a686f904aaea26b000000000000100327a7ef8fb0ab11772c3337fb
         ea33055c0000000000000e7e4e4c2e0944284943958b89de54bafee10000000000000d0
         e08f38058b89ccaeabf20b248b7e418750000000000000bca96702d62c079aadebf514b
         beafd6d00e0000000000000a989a374aad5c720afbbefb37c66b541f770000000000000
         98c97c81f0400f71b2e5d3da279d3736139000000000000088f5a741994e6988ab6ea51
         da1639d6de0a00000000000007b22e64c5a7b7cb9d4b71455979b3bae4f400000000000
         006e175a1f0bdbebba38102ecab15fc55950e000000000000062bb8c15f5e4c03756f83
         143663fa6e8728000000000000058070ffb106e9df66766793178739031c74000000000
         00004ebc8a8c9250604b3462628325ddde85a28000000000000045fe06bbba176f11c33
         6f9ddb29e220594b00000000000003e6dcb4a779960018086e39c30d3457423d0000000
         00000037523ea6c7a82afb79dac15540f03fe00cd0000000000000313219496b336e3ab
         3c52ba3674263f721700000000000002b72c916587aea94ce2f13498a0b90989b700000
         000000002683a5cde317384e528d62a7cebab2067f1000000000000021e481f77662258
         2c71b265789fed2776a600000000000001df0f2c562df7dbd8d2acdf6116f7c56082000
         00000000001a3f2988d66477052446ae86a426a3f83d10000000000000171a18835870f
         0769f3c44f274fb8bbc8540000000000000142ad4b7760134a29c763e7b2de3abc44470
         00000000000011ae5da666370fd155aaca5dc13db321b8c00000000000000f5dab4cd33
         22b1ed882b4052755bf36cc700000000000000d6a18be047158dbc970fa29c4c0d091c0
         200000000000000b99ebe88495f70a714cd0e427324b9111d00000000000000a14d406d
         3b6dd1cd45ededb05fff69b1f1000000000000008ac2e75f7d1416da59ce2d5911dc552
         bbd0000000000000077fac43e3ddf0e08f9bb5454d2d4a6c84000000000000000669de7
         811faf1dbc16058025ef8613ad7400000000000000583e45d8866c2f93fc13047153b76
         188f9000000000000004afe720464d2b2d9a2d140f404c94b962400000000000000401a
         803fd0e6f7a563ac6253c947f2f8fe000000000000003618bb6524fd065408c80837b56
         92cec4e000000000000002def81df3c6b0c1c22b2f6bb1d5bd179ac0000000000000026
         76759ff5970bad0f1c277be23d92717b00000000000000206bc49f5e419af16318c2b47
         40dadd669000000000000001ae8fa1d6774ce6a82ba9632520c85397800000000000000
         167f52e0dee42c1a45de12651a3a94e20e00000000000000127d60958cdf6c5de738f51
         c37a97caf26000000000000000f50bbc2bcd312b755d16284c73941f70f000000000000
         000c72487bb8b9ea9335c32b4801ed3b73a0000000000000000a339f3cd08ada2b09b16
         5b739f676dde800000000000000082f2060154e69b7b096f6e080a401b56e0000000000
         000006a0a0347310865e559e86fb5d9d44e2d100000000000000053cbc12f7f13ff6faf
         ec084c7ef7be60900000000000000042e8fd3a673421ac7ccf165557d41c4bb00000000
         000000033f0f3ddd44cb30180bbf2a3bfb49c11700000000000000028caa1bb391a789a
         d87dc2dc418cb1ead0000000000000001efe6a057ea2a2087abe9d518456de91e000000
         00000000017dbff32d890f1f66994ee97dfb631c2700000000000000011a7e3400bf90e
         06936e974dc168c1e630000000000000000d42ed480b4fa5ac7727fbbcbd72a1b7a0000
         00000000000097d6313409f7251863502e6e5c12adb200000000000000006e89ccf34c2
         0801fae6f1540e057529d00000000000000004bac4e2fe5f547124d9de5191856aa5b00
         0000000000000034dab323d74f2fe082072c5e95f1acd900000000000000002201a19fa
         09c151f080e8dbf5e764ca200000000000000001665660611bedeaf516d71f7fe7a84d6
         00000000000000000d1856f32897c675eb727c4b62f608d8000000000000000007d9880
         e4a33b358966e3e7b8f8bdc11000000000000000003d6e3b5f9a111894d98b76f8fce83
         f1000000000000000001e18acf03a449eca4cf930fe24eb385000000000000000001168
         220c35a24c28771f0de69871d5500000000000000000080ade41912c37380a2e07a1aea
         4997000000000000000000325cd96f96ddfa8ed033ad586a6ac10000000000000000000
         0000000000000002e234d51ff762fc3033e8e9cc8d45b004cd995ec89ce1fcdecdf4de7
         fbd5b8005cb74e87a8406790dc0aed6a607bf80068253860d6bee7d4762183335228b60
         07b2dc4ebf4dbcd28e1b5c0548721be008466fffe6227a7400bd01c537794d9008b6dda
         b2eb049dfabb29f9963df80c008f60d06b4caf7e8d9e17ccd5bd87db0092893a83b2ebe
         59d01a8bebe8c988c00947a412f4898a79883719be9c5f6f30096145952a381c923f68f
         c783763ac30097206d7b94ef46efcdf40a943cd39e0098029695129fe045a1470e2b33a
         90300989d3cbe7c87b8fe017f9182ac63e7009921e7de64cb3d7580096812447f4d0099
         7fd42e7433bee545fecef1f25ecd0099d177be9403468375b63d69538405009a0ce3a6e
         3e3aec7cf85406906d74f009a41176422a5d14ef5289a00fde6cf009a67f624ac238d38
         c4e956596753fb009a8a69640b08e75c333c24031eccc3009aa48eb4029acf792ebe88b
         12098d8009abbe7517d8f67e3d2c1c2025237a8009acde9925d15dc4ceaf5dda7ca950c
         009ade189ce31c32f6c40400c6e29a85009aeac1b5e8a213c0cc23ff734a079e009af63
         29bca6cebadc6ea1cc2465f87009aff42392bd112793aa74498029c60009b077caf093f
         1af8041e698fa6f44f009b0e132a61531adcce7d548b249c54009b1415565c435a81654
         a89a4639a5f009b18f0cf76d76067128e525f6a3946009b1d6358529fcff9b9508d09ff
         0823009b2103c7a134aaa484deea91008e96009b2458d773d627ba9f9184e15fea52009
         b2715f7aac59c5f6e42f21592a42b009b299c3835bdd8629f6728f043f239009b2bb32c
         b94338ef1eb53577ad0665009b2da1b02f5df1d0cfe16ab7b5d60c009b2f3db728a793b
         10bdb63a37d1ac9009b30bb9a75be5602ab02a16c388b21009b31fbb3ad707f61637140
         f672f9d3009b33251bc6f65ad9ae9cc8e90933c0009b341fc6399f4cb6b26e3ed40064e
         7009b350931c87f1beed765bfb1836ef0009b35ceefea91f5de087564b01f17aa009b36
         877597eb34f41afec7c4272463009b3724855965d2ddc933790cf6ef7c009b37b75db19
         c401dd81b17c00fb549009b3834e92a8c9a4e216ff4522f66c6009b38aa80684ae256ba
         160cc8c6e490009b390f737e04f726f410b1c0402519009b396e2a37c9f180da2fc8943
         6a1f1009b39bfca2f8d03bae78b1237125f48009b3a0c7e7e11f272a1baef1e79e1f200
         9b3a4ed6b15e7af660ed3c399bb933009b3a8d46d95b4bdb4fdaff8e5a8f88009b3ac37
         7757999208ca0239fdddd96009b3af68995602370b304a0b862beaf009b3b230130fbb0
         57a107b8d276d217009b3b4cf7cf0a7c618ae6f7c0e87b78009b3b719de4d7b280c80cb
         9ba8e1ad7009b3b943ecccc17ccfd84506a7af29c009b3bb29353bbf193aa1ae8080d13
         34009b3bcf4490747e2c23b8c2d3ec5e3b009b3be877aa052874d3f4adbcf2a2ab009b3
         c0055497e9f08d322db95894b1b009b3c155922b396c8a824415b6e23ba009b3c2945ad
         92207b87cb21d797ae90009b3c3adc163f95604138fa70a5b401009b3c4b8d1aa5fe6c2
         4137f82d4ce21009b3c5a51eb7a94ee419b83d74431c7009b3c68599a3fe3b0f3084ce8
         cda111009b3c74cab60753f5cc5bd5d057f2e9009b3c809f4cb6554c1b5d64b9cb1ddd0
         09b3c8b22d3131f1007920ab129db12009b3c95245bfa232d1671cc5d73bb29009b3c9e
         0d7cc748d081bbec48a1df94009b3ca68a4ae5e51f05d537e8587eaa009b3cae1d0d1b4
         d41285b78a9867750009b3cb5553ff04bcf0e2b63c3c3632e009b3cbbc97a2dbae81cf8
         a7ae2ab789009b3cc1f1c2821b4c8099d3c6d6f16a009b3cc77574258c2a4451645921e
         4cd009b3cccb94501bd88a375c7f0aab0da009b3cd1727361c4caeded899d27b64d009b
         3cd5f5c001a39510c5f5cdeb8aae009b3cda03f2f80a8bdcc789a7794ec3009b3cdde49
         2d7a37841667581f29d40009b3ce1620576b5b9aae556ea182e7a009b3ce4b8d1c309be
         40caf2b6b58bce009b3ce7bb674b92a0aa33f88f4c2f98009b3cea9d209f03152126a80
         2756971009b3ced372a2f15524ab7be3694aab1009b3cefb5322b66df0bd0bac3b3c458
         009b3cf1f60edbf17c86816f854f5049009b3cf41efea7c8b380c040dc1507c5009b3cf
         6139db1cc7a1590d61064f358009b3cf7f3c06b08e741623ed4dadb3b009b3cf9a70b4c
         74bca03f6947edbac7009b3cfb48c1fecfaadaa086067876b4009b3cfcc3f3548c0f380
         8f216805105009b3cfe3006d8d0b8a3777a57b4043e009b3cff7af1a8e01d5672a5d6bb
         136c009b3d00b8d5e859a06360422538adf2009b3d01da205353c6c672bf307ee49b009
         b3d02f02bb52ec380de761ee6cdb0009b3d03ed7f6d0ca228328a5dfc5c59009b3d04e1
         18a4b5a5b401f99018ae69009b3d05bf4b0e40f3ab9c2e78ff40e1009b3d06950f115e6
         4c3c04db6020f66009b3d075842964f8a65252dff9dd234009b3d0814242811f492983a
         c7b19f65009b3d08bfe3f45dc9df50b8d8ba0be5009b3d096545ed561e4b5d760da5d0b
         2009b3d09fc9d16146299c2cedbf11885009b3d0a8e6857913c47312c879484e6009b3d
         0b13f539eaf5dd023149b1d03c009b3d0b94ab0ef898e4833849cece16009b3d0c0aaf8
         f203521dac009819c51009b3d0c7c79194842cf2791ea34bf5c009b3d0ce4e84a9c8e50
         ec0be48393be009b3d0d49a37b8f03b1685db88672ab009b3d0da62d22267bf0b4615d8
         e5762009b3d0dff77ac1a3f121d0f9201d002009b3d0e5191f3d500fdf5594221e66900
         9b3d0ea0d28787e9c3393102c772ee009b3d0ee9c23c75ba8af84e1ed52d18009b3d0f3
         0305c5d9e690ffe76f8fd53009b3d0f710fe301534f6cdd6a8e89bd009b3d0fafba86c4
         584284845a12285b009b3d0fe97fc7ecc77ac6b094f53b0c009b3d1021530107ecde77a
         ff570d3e5009b3d1054d4741ec6dda6f94059b992009b3d10869e3c4c612ee79c9ce6a0
         04009b3d10b49733bbda652e0e22c90f5b009b3d10e10b86d6011acc7ff53b8e9c009b3
         d110a1fdc31990faec699f8db33009b3d1131dc39adbce2b7f9f100846c009b3d11569b
         7262a4580b637ee17db5009b3d117a29dde191cbca78c93ef939009b3d119b11dd265d7
         a643785aeae08009b3d11baeb71c019221c02b5b882d8009b3d11d86ac9216b0e95e8c1
         306c10009b3d11f4f9efe8ef724ec44c5b43de009b3d120f71dd091faf4c62b9e2267f0
         09b3d12291434a29cb72c2801fcbe81009b3d1240da5872e8aab4f0bc30b901009b3d12
         57e259670cde65a2d98f447a009b3d126d4233341fa73084e553ff77009b3d1281f89ad
         81fcd256cdf339af6009b3d129534cfe88500f3e31c2b4165009b3d12a7d9da2cb28821
         0d32b277cb009b3d12b92d5157ce240e630abdb6e9009b3d12c9f9c88843847ba7d1fc2
         68c009b3d12d998a00c2afd67f8e97f2d73009b3d12e8bec87d7e38cfea97089a63009b
         3d12f6d72b680a2d69e04ea78501009b3d13048390241e63b272f9b35199009b3d13113
         e6fd7f74386d6b1d8bcbf009b3d131d98949d943b3f8ed4189706009b3d13291a4a506b
         bd1087f8dd0639009b3d133445469526755eeff48228fe009b3d133eae201378e7a5348
         7f93356009b3d1348c9262db295140e5dc9e212009b3d135235e0b5edbf35b4a86ab53c
         009b3d135b5cb3e01c05083ea48559a4009b3d1363e6e77f459093f3b3f4aca1009b3d1
         36c324302e9ab1b4f155b7d7d009b3d1373f0c084d2bf7e80338ebfbe009b3d137b76b2
         07a4c671ed65164780009b3d13827dd541e339ecd482e01f8c009b3d1389520be8642c5
         f818fed86fd009b3d138fb403e795d9940f5e3ef8b3009b3d1395e815c37d3acdce6b6f
         545f009b3d139bb5242c0a50e023ebc8550c009b3d13a158cb39348bbdcbd9d373b2009
         b3d13a69f7bfe65ab4a3c65b822fc009b3d13abc0cbc4a601c6dd479bf71b009b3d13b0
         8e26313abc9bee5ca7f57b009b3d13b539bafb96358ebcbc516a38009b3d13b9996ce51
         255d0f35e5bd021009b3d13bdda955e7861229f35f19be7009b3d13c1d7193f3e39a208
         03d2216a009b3d13c5b7fb28fea9e59bd59adb4f009b3d13c95ab9c449695ec366ceb40
         a009b3d13cce472629de4fd40d22d1eaf009b3d13d035e07fec4dc81c12e6adeb009b3d
         13d370a14458fbf3ef564646fb009b3d13d67859fd53148f1ee0b721ec009b3d13d96b8
         1e4e9931cd1f01a1ca8009b3d13dc305df0d351a93e58968838009b3d13dee28ffd19c3
         4aab1a87276f009b3d13e16aba571adb96b5e69e263b009b3d13e3e1f17b251cf6a4604
         cfde3009b3d13e632f9b4c2c73c6de0089e80009b3d13e8749a84a1341df3b9a0155900
         9b3d13ea93850b75d9b756d984062b009b3d13eca46d723a95914950945245009b3d13e
         e95c20706d997e13e7ce5f5009b3d13f07a573f1106447affce1a1f009b3d13f2422dd4
         80370bca2c797c9b009b3d13f3fe68d64ccd85eeac9f2019009b3d13f5a075070a4dda0
         0e9672c09009b3d13f737ed9c54343087b10a35ce009b3d13f8b788e233d8403c031e98
         c4009b3d13fa2d7f858df822c6ab9a8e80009b3d13fb8db2566fddf67ee12593a2009b3
         d13fce519029f004335468361f5009b3d13fe28a2f345b55779f74df28c009b3d13ff64
         25015b8de5cdf70aebb8009b3d14008d840a8abaf57925ff9bb0009b3d1401af8d3a0a3
         db0eb7345ef6b009b3d1402c10438e12928cc5593c92f009b3d1403cbc6f9f363c36677
         bef057009b3d1404c7638180ae6bc58a3e53a3009b3d1405bcde9668ff196a03cb1fd20
         09b3d1406a47e25ddac19857f9b727b009b3d14078681ae5e846f122cb5d1b9009b3d14
         085bd65d01416ec0b4ff35bf009b3d14092c085c33d8bb02da1657b8009b3d1409f09d0
         a37e341fdc187e620009b3d140ab07d756f11237207f97b42009b3d140b65b98f12c6ec
         6e3e706cd8009b3d140c16a5f2b2dd451ed9841eb8009b3d140cbdd0d181014b7fb02e0
         a2d009b3d140d6107973c3d4ed90bfc1636009b3d140dfb4b8bf158b72db2f33dc7009b
         3d140e91eeec8bc56518ed6aa1c1009b3d140f205bfaf0cbdbab82d7fb7d009b3d140fa
         b74a4897647de0a32cc8c009b3d14102f02f988c60da0e13e11e0009b3d1410af827263
         f11db982576dee009b3d141129149bb163c6c9a6612dc8009b3d14119fd7689ba8e91a6
         dea2f9a009b3d1412103c5477c5d3248503f280009b3d14127e0be910fe6652ad33c698
         009b3d1412e600b3f71095e9267f3e29009b3d14134b95328238faf29f7788c0009b3d1
         413abc6c7ee1581a01ae55cf3009b3d141409c895a63bbfb3256b3587009b3d141462d5
         288e53b7799ec74aa4009b3d1414b9de5af592485e0bde5407009b3d14150c56ba16380
         0ec1ee2b07f009b3d14155cf461388cdce0b9e297c6009b3d1415a95d2adc247c23947f
         1ae6009b3d1415f4107c12be19db4ea50099009b3d14163ae3349e2bb6977276fde2009
         b3d1416802298fedfb8f329d8d934009b3d1416c1cea730642667f1715ed3009b3d1417
         0206b07ef9285c3beaf8d4009b3d14173ef241fe7fa00975a11903009b3d14177a8688a
         8fe5f280d50b4b9009b3d1417b30f61427621f376597f2b009b3d1417ea5b4dadb7bfe0
         3b118a56009b3d14181ed7834f704e9dac8d1743009b3d1418522f047c9c0f3f912cffb
         a009b3d141882eda9dbd32bc162b99085009b3d1418dfe79acdb583a058845be1009b3d
         1419364f03b0abc230106f9f15009b3d141986a282a9720eae2d9af8ac009b3d1419d15
         697726d564e692da93c009b3d141a16d67eaa44bd7d12352f21009b3d141a5784f98315
         1e8a153c4365009b3d141a93bd03ac31bbc7f6d18623009b3d141acbd2792158fbabba4
         7cb99009b3d141b0012ad601f05bdc3f5461b009b3d141b30c4f55e89500c619992de00
         9b3d141b5e2b257bf42f6c9e8c3440009b3d141b88820486f2a4aa01719fa6009b3d141
         bb001b4d789712a129e82de009b3d141bd4de14649c32e132657fa1009b3d141bf74714
         a5529571a351d33f009b3d141c17690afb619d6ef29880a4009b3d141c356cfa5146283
         7fdd20a43009b3d141c5178d68764ee589a9ddcd0009b3d141c6bafc23c82721e17cd3c
         ef009b3d141c84324770f033ad4b0447dc009b3d141c9b1e8b77febfa5dfdaea43009b3
         d141cb0907ea09c368aca793354009b3d141cc4a207f466d851228efef3009b3d141cd7
         6b2d63c83603a7c38adb009b3d141ce90238add0051fa5a25e4f009b3d141cf97bd94b6
         7cb530e6e7898009b3d141d08eb439f079146511fbe33009b3d141d17624da43e5aae0f
         60625c009b3d141d24f1895517eaddd601e398009b3d141d31a85cf69e976268f9cbd50
         09b3d141d3d9519795f37fee0da48ce009b3d141d48c50f16e38a7c2935ce07009b3d14
         1d5344a05182a7ccc5ad084c009b3d141d5d1f5378a67833c2a12ff9009b3d141d665fe
         2d0b05d9b5e50a1e8009b3d141d6f104b7af74d1ffb505bc3009b3d141d7739db37e7c3
         45a150e165009b3d141d7ee53d1b147f8adf77ed24009b3d141d861a8547007708aa595
         705009b3d141d8ce13bc4922af1bbdeb45b009b3d141d93406688723734c6d1633d009b
         3d141d993e92b70e9af42fdfb5b9009b3d141d9ee1dd36966c41459ee62c009b3d141da
         42ffa9cfb2db56a5424d8009b3d141da92e3e86daf8611f6fa464009b3d141dade1a263
         26869eb876d58a009b3d141db24ecbbe5d8b715dfbfa7b009b3d141db67a12175886032
         7b8c51f009b3d141dba678446c77cb457b373c4                                
WARNING  unknown deployed bytecode:                                             
         0x00009b3d141dbe1aed81cf007657c49972009b3d141dc197d9ff7ef3187e23ba6a009
         b3d141dc4e19b483f5aa6e44f96e9009b3d141dc7fb4c35bdc3faa668c53c009b3d141d
         cae7d4a96028d429a13c51009b3d141dcda9ecfec7e7cb27d1bbc8009b3d141dd044213
         f7f24ad4f050999009b3d141dd2b8d41c83fbe63a1f447d009b3d141dd50a41b206852f
         761efef6009b3d141dd73a821957f59a4587eb3b009b3d141dd94b8bccb99c72ebbecac
         8009b3d141ddb3f35e0715e3c69a97bf3009b3d141ddd173a144627a603222594009b3d
         141dded536c04917063fff94af009b3d141de07ab09f97582644afef23009b3d141de20
         9147b8c78e41ea198d9009b3d141de381b8b9acf3ba270b12a1009b3d141de4e5dece64
         766743b9a6a3009b3d141de636b4968ab565cd0e30a8009b3d141de77555997c1e42f58
         c6ecb009b3d141de8a2cc35712f58994a6966009b3d141de9c012b79f64d95c4fa6df00
         9b3d141deace14619150cef75e7d26009b3d141debcdae5d0861b8e0340874009b3d141
         decbfb09fa1e26c81a7d8c7009b3d141deda4debf61b23c44c7d3bd009b3d141dee7df0
         b92fee770a80aae8009b3d141def4b93aa43219624e29478009b3d141df00e6a7d5e678
         99036349e009b3d141df0c70e8cba32e79418e09b009b3d141df17610395ee047d05a92
         2b009b3d141df21bf778a9f206a9695cb2009b3d141df2b94458a98f7942d8b0f5009b3
         d141df34e6f7beda190d200aa1d009b3d141df3dbea8d6290297bc190b8009b3d141df4
         6220acbf24802b803152009b3d141df4e176d4055dc32a32a765009b3d141df55a4c368
         d04f614b3612b009b3d141df5ccfa9a067745449e180d009b3d141df639d6a9dc645cdc
         2db4f3009b3d141df6a13045541565f900fa63009b3d141df70352c8c52de7d708f0a90
         09b3d141df76085523bafca6cf8becf009b3d141df7b90b01d155c1fd9619ad009b3d14
         1df80d2336060ae21eb913e7009b3d141df85d09c45a5b0b4cd5c19f009b3d141df8a8f
         72e6a2708277b5601009b3d141df8f120d3c1a9c1251d217f009b3d141df935b920a2eb
         b79c743985009b3d141df976efb9ee193faf57f8d2009b3d141df9b4f1a65bc969bf7b2
         ccc009b3d141df9efe975351a55df25e64b009b3d141dfa27ff62b29744704acce3009b
         3d141dfa5d597a2820f581c9f65b009b3d141dfa901bb62185f46e0330e0009b3d141df
         ac0681e911ab99c416e4a009b3d141dfaee5ee52f6dd0d4b64411009b3d141dfb1a1e80
         2927669884f077009b3d141dfb43c3c3363af429986928009b3d141dfb6b69f733caa01
         0d454b7009b3d141dfb912af05873e961ec0801009b3d141dfbb51f2319321df6a2c941
         009b3d141dfbd75db7d392e0e34a6b8e009b3d141dfbf7fc9d50a1bf02cabf43009b3d1
         41dfc17109a32afb83136811b009b3d141dfc34ad5d5ef11a65bb58a9009b3d141dfc50
         e58d72d58ccd9e4ed0009b3d141dfc6bcad753fa4d217601b8009b3d141dfc856dfbe8a
         41baca9a0cc009b3d141dfc9ddedd05cbee1ac554df009b3d141dfcb52c899ef61fabf2
         0a12009b3d141dfccb654943466d37bb60d9009b3d141dfce096a6f28aa5cbb8d507009
         b3d141dfcf4cd7b5449b0d6bb01f9009b3d141dfd0815f65a438c2e3357fd009b3d141d
         fd1a7ba85738697951b32a009b3d141dfd2c098a9240645bb65e52009b3d141dfd3cca0
         75e79bec8097801009b3d141dfd4cc701be5888eae427df009b3d141dfd5c09dc996f83
         016e314e009b3d141dfd6a9b818b1e586468148f009b3d141dfd788467502c8ce48ff3e
         2009b3d141dfd85cc97d8fa21f736c495009b3d141dfd927bb60596aa0d6ceba6009b3d
         141dfd9e990310bccf55d696e9009b3d141dfdaa2b63ae62e0c0a1f6c5009b3d141dfdb
         53964e2486ba285d1b6009b3d141dfdbfc94092a4ef1f18c641009b3d141dfdc9e0e1da
         dc03980ed90e009b3d141dfdd385e921df9c061d79e7009b3d141dfddcbdaff7b10e85f
         8393b009b3d141dfde58d4cbd3d16402db2d1009b3d141dfdedf996199dc9171cd4ac00
         9b3d141dfdf607263f9f5111580463009b3d141dfdfdba5e0638e9cd999db6009b3d141
         dfe051767d682fe59e362bf009b3d141dfe0c223a718d1f9bb11504009b3d141dfe12de
         9b9052be1563e0b6009b3d141dfe1950225febf4faf51794009b3d141dfe1f7a39dbf82
         47e7ad9d5009b3d141dfe256023092274ab2dd4e1009b3d141dfe2b04f7118481e6ea70
         9a009b3d141dfe306ba944914b2fb9a0f7009b3d141dfe359708fc19e53784836f009b3
         d141dfe3a89c367e65b369b0154009b3d141dfe3f466541476ef2281c3d009b3d141dfe
         43cf5c67f17ed641e9d3009b3d141dfe4826f9695da66587267f009b3d141dfe4c4f70f
         3dc1f3c270bd1009b3d141dfe504add3671ed54e9dba7009b3d141dfe541b3f2e8be72b
         1d8e28009b3d141dfe57c27fe48221da765d2b009b3d141dfe5b427197d8a3a123b2060
         09b3d141dfe5e9cd0dc1cee3f2a81b6009b3d141dfe61d345a7336992688905009b3d14
         1dfe64e76451dbe94e8fc98b009b3d141dfe67daae8b296b603452c6009b3d141dfe6aa
         e943f9eb4b710f335009b3d141dfe6d6474749795d8426569009b3d141dfe6ffd9e189d
         56514bce59009b3d141dfe727b50c93c05232fdf7e009b3d141dfe74debd8ee62c41df0
         de4009b3d141dfe7729078f6c9e93bf1087009b3d141dfe795b44b788c3369dcd47009b
         3d141dfe7b767e5bf0d765e1c97d009b3d141dfe7d7bb1d2671bd01c1488009b3d141df
         e7f6bd1032ebc7c277dd7009b3d141dfe8147c2f34b75f2299208009b3d141dfe831064
         47eb81edf671c9009b3d141dfe84c687c3562c7c3d09ec009b3d141dfe866af6bbb4936
         5bac844009b3d141dfe87fe718c0578d75d0ea8009b3d141dfe8981afff88bb33841c85
         009b3d141dfe8af561b7eaeb0f1aa839009b3d141dfe8c5a2e8e7599f0209002009b3d1
         41dfe8db0b6f085550dc3c0c1009b3d141dfe8ef9943782cbe3bfd7ae009b3d141dfe90
         3558fc995fe42b30f1009b3d141dfe91649168624622d6457e009b3d141dfe9287c37eb
         87ad5dff3d8009b3d141dfe939f6f66e7067a8f04a9009b3d141dfe94ac0fb0607afc4d
         3f33009b3d141dfe95ae19942c1a31dd35f6009b3d141dfe96a5fd3332c45015352d009
         b3d141dfe979425d1939a9e75159a009b3d141dfe9878fa0f262ef32c7657009b3d141d
         fe9954dc1d4e21879c03e2009b3d141dfe9a2829f24232f3fdff61009b3d141dfe9af33
         d79e70e0908092b009b3d141dfe9bb66cc45c63603f59e8009b3d141dfe9c720a32595d
         7c1fc053009b3d141dfe9d26649f73f6e90fdcc9009b3d141dfe9dd3c78a6d52cb59180
         e009b3d141dfe9e7a7b3b9be282bdc30e009b3d141dfe9f1ac4e98adf785e5785009b3d
         141dfe9fb4e6dbe56dc5b5dbfb009b3d141dfea049208cc29a38acb1b5009b3d141dfea
         0d7aec866536427af70009b3d141dfea160cbcb8a7916397745009b3d141dfea1e4af60
         4226e9b33380009b3d141dfea2638ef98874f856b9d8009b3d141dfea2dd9dcd8b0c405
         dfb88009b3d141dfea3530ceec01a70ae7009009b3d141dfea3c40b63d669e1d038d400
         9b3d141dfea430c63e8da5eea5d85b009b3d141dfea49968b1842117802b7b009b3d141
         dfea4fe1c2506c8d5285b4a009b3d141dfea55f084aef52401397dc009b3d141dfea5bc
         53319c12398dd033009b3d141dfea61621560c6327608985009b3d141dfea66c95b52bf
         122c8dd13009b3d141dfea6bfd1dc56c353e536c7009b3d141dfea70ff5f91f5db3346f
         c7009b3d141dfea75d20e85fe138af1b4e009b3d141dfea7a770449ea145d523bb009b3
         d141dfea7ef0073ce3b84d89d02009b3d141dfea833ecb470db3e690512009b3d141dfe
         a8764f2a25f20147bed9009b3d141dfea8b640e9a9551e73abae009b3d141dfea8f3da0
         44a59b1cdb01b009b3d141dfea92f3192e137748eebb2009b3d141dfea9685dc048ad33
         09b5f4009b3d141dfea99f73d361983b6055b6009b3d141dfea9d48838a5ea437d124c0
         09b3d141dfeaa07ae8b5026e8ce3b78009b3d141dfeaa38f99e1c52dddff8ef009b3d14
         1dfeaa687b83a702ed2b9bb6009b3d141dfeaa9645966f0003f85fce009b3d141dfeaac
         268807dbf54cb3bc9009b3d141dfeaaecf442baba2991c662009b3d141dfeab15f83bed
         800f58f5ef009b3d141dfeab3d832f722f7ec36ff4009b3d141dfeab63a34ba3d4e6201
         550009b3d141dfeab8866300005e62f3bcf009b3d141dfeababd8f306e68d1de8ce009b
         3d141dfeabce0827daa0494a0ff7009b3d141dfeabeeffe3a12e15b18117009b3d141df
         eac0ecbc2ab3eec83c5d2009b3d141dfeac2d76ed62cec274dcf0009b3d141dfeac4b0c
         1d03f7199b5a0e009b3d141dfeac6795a0225a886fe97e009b3d141dfeac831d5efd724
         d970705009b3d141dfeac9dacdfa5ea21221599009b3d141dfeacb74d49f61cd6890bc7
         009b3d141dfeacd0076b5fabff4661c8009b3d141dfeace7e3ba9015851afb17009b3d1
         41dfeacfeea5aee1415bd1f6b009b3d141dfead15231ff1822a058497009b3d141dfead
         2a95905763633a4a29009b3d141dfead3f48e933a4dd3b31cd009b3d141dfead534420e
         212e00bd404009b3d141dfead668de9d7f10324a760009b3d141dfead792cb557914e43
         c473009b3d141dfead8b26b6073723e8a2e9009b3d141dfead9c81e26c83bf7e53b3009
         b3d141dfeadad43f74d9bc3381c09009b3d141dfeadbd7279f927af06b937009b3d141d
         feadcd12ba76441a7c6738009b3d141dfeaddc29d59d6a2709fa97009b3d141dfeadeab
         cb71b4ccf34dcc9009b3d141dfeadf8d01b5e9c731a019b009b3d141dfeae0668917197
         43fe109c009b3d141dfeae138a7cc042f15ee5b7009b3d141dfeae203a16cc2233d8703
         7009b3d141dfeae2c7b70ce2f7f671e17009b3d141dfeae38527547dd419eb6f4009b3d
         141dfeae43c2e983d3940e5073009b3d141dfeae4ed06f071b3243f61e009b3d141dfea
         e597e84f35dc8f6ff34009b3d141dfeae63d0895adc544d11ac009b3d141dfeae6dc9ba
         86b539aa8df5009b3d141dfeae776d38300d11f89bbc009b3d141dfeae80be04aca6afe
         18c89009b3d141dfeae89bf060f70ce889fe4009b3d141dfeae9273073d89fd33637e00
         9b3d141dfeae9adcb8f835c7e3bae1009b3d141dfeaea2feb2dc38c8d66cc3009b3d141
         dfeaeaadb74570c3836c38d009b3d141dfeaeb275659254b33db41f009b3d141dfeaeb9
         ced856034fa70dff009b3d141dfeaec0ea08e183a150396a009b3d141dfeaec7c91ebc5
         51b78df77009b3d141dfeaece6e2d7e6a2b23f170009b3d141dfeaed4db3590a38a4145
         f5009b3d141dfeaedb1224e5ba99736165009b3d141dfeaee114d7abea066a1c51009b3
         d141dfeaee6e518f7a0a4fab88e009b3d141dfeaeec84a3678727813a47009b3d141dfe
         aef1f521c21e4deca631009b3d141dfeaef7382f8d383074958f009b3d141dfeaefc4f5
         99f8c79c3304b009b3d141dfeaf013c1eaca4b2d7291e009b3d141dfeaf05ffefcb5b2f
         944815009b3d141dfeaf0a9c30f724b4865359009b3d141dfeaf0f12398c5a937247a40
         09b3d141dfeaf136354bfb8bbb52687009b3d141dfeaf1790c2114113ed8571009b3d14
         1dfeaf1b9bb5bab362e324ab009b3d141dfeaf1f855919c714f969e9009b3d141dfeaf2
         34ecb165248aed8a2009b3d141dfeaf26f9208487bec10bd5009b3d141dfeaf2a856483
         739092833f009b3d141dfeaf2df498d7dce88128bf009b3d141dfeaf3147b643b1631fc
         7ce009b3d141dfeaf347facda1d3ce9e0b5009b3d141dfeaf379d645071fd4a0288009b
         3d141dfeaf3aa1bc4bfbecea098a009b3d141dfeaf3d8d8cace5518ddb57009b3d141df
         eaf4061a5d64524806539009b3d141dfeaf431ed0f375c13b8969009b3d141dfeaf45c5
         d03acedfd1a49c009b3d141dfeaf48575f2ddd1124e916009b3d141dfeaf4ad432d72fe
         197506e009b3d141dfeaf4d3cfa05d6c10d346f009b3d141dfeaf4f925d86a3d45ac981
         009b3d141dfeaf51d5005b4ae405b1fe009b3d141dfeaf54057fef71b6314bf9009b3d1
         41dfeaf5624744bc6452529fb009b3d141dfeaf583270472e70b57145009b3d141dfeaf
         5a3001b623fe8591ee009b3d141dfeaf5c1db1984efb44931e009b3d141dfeaf5dfc044
         46fd541087c009b3d141dfeaf5fcb7992a9d6aff8e2009b3d141dfeaf618c8d053dfb67
         d389009b3d141dfeaf633fb5efc57a4d28b1009b3d141dfeaf64e5679cfabdf40019009
         b3d141dfeaf667e11731ef1bba2d6009b3d141dfeaf680a1f1709b8a41c4c009b3d141d
         feaf6989f88df019086248009b3d141dfeaf6afe025def2404d076009b3d141dfeaf6c6
         69dad6660612726009b3d141dfeaf6dc428612d871c00c3009b3d141dfeaf6f16fd39b0
         aafacff8009b3d141dfeaf705f73eefd748e8fd4009b3d141dfeaf719de14bcbb0be62a
         8009b3d141dfeaf72d297478b08ecb93e009b3d141dfeaf73fde51f7f5901be23009b3d
         141dfeaf7520176ef4b8e139b3009b3d141dfeaf7639784693f3e7828a009b3d141dfea
         f774a4f42dfd1cec769009b3d141dfeaf7852e1a1e340ac59a2009b3d141dfeaf795372
         58181f669995009b3d141dfeaf7a4c42248e1af369f1009b3d141dfeaf7b3d8fa458c6b
         9d644009b3d141dfeaf7c2797654bd176a3a2009b3d141dfeaf7d0a93f80bf3e2fe2d00
         9b3d141dfeaf7de6be017af4f7f229009b3d141dfeaf7ebc4c4b84e0e3bb25009b3d141
         dfeaf7f8b73d55453834fc9009b3d141dfeaf805467e2f37d5840ea009b3d141dfeaf81
         175a0c5f52678007009b3d141dfeaf81d47a4c121d187d3f009b3d141dfeaf828bf70d0
         a7bf5e50c009b3d141dfeaf833dfd3853a003b76c009b3d141dfeaf83eab8421372240f
         40009b3d141dfeaf849252362318a834e6009b3d141dfeaf8534f3c4362a9ade49009b3
         d141dfeaf85d2c44b94b477f9ef009b3d141dfeaf866be9e66c09d40f5e009b3d141dfe
         af87008974ba38d7de46009b3d141dfeaf8790c6a6d7cf5bf344009b3d141dfeaf881cc
         407a37dcb9272009b3d141dfeaf88a4a3065301b776af009b3d141dfeaf892883ffeca1
         18f504009b3d141dfeaf89a886486c5fa72e0a009b3d141dfeaf8a24c83397f93cca300
         09b3d141dfeaf8a9d671d848f1885b7009b3d141dfeaf8b127f72d0d9b15457009b3d14
         1dfeaf8b842cb89695dc6aeb009b3d141dfeaf8bf2899415ca14cd29009b3d141dfeaf8
         c5dafd21c67c653a8009b3d141dfeaf8cc5b86e2cb4872b56009b3d141dfeaf8d2abb99
         64d020b0cf009b3d141dfeaf8d8cd0c1299621c656009b3d141dfeaf8dec0e959704684
         5ae009b3d141dfeaf8e488b0fb83b94431e009b3d141dfeaf8ea25b77891aa62377009b
         3d141dfeaf8ef99469c364180c0c009b3d141dfeaf8f4e49dd79488c4412009b3d141df
         eaf8fa08f297f21a56052009b3d141dfeaf8ff07709a616c37550009b3d141dfeaf903e
         13a3c9552c4da5009b3d141dfeaf9089768caf758d44b0009b3d141dfeaf90d2b0ccc19
         9c5af89009b3d141dfeaf9119d2e499bf7ab72c009b3d141dfeaf915eecd169b61374fd
         009b3d141dfeaf91a20e113c19608789009b3d141dfeaf91e345a710a557ebee009b3d1
         41dfeaf9222a21ed52aefa157009b3d141dfeaf926031913c623a9e84009b3d141dfeaf
         929c01a773ca77446f009b3d141dfeaf92d61f9eb9bdb845f1009b3d141dfeaf930e984
         bd4d334a907009b3d141dfeaf9345781e6da114f588009b3d141dfeaf937acb244be4be
         e406009b3d141dfeaf93ae9d0c780f2a23cd009b3d141dfeaf93e0f92a4229ac74fa009
         b3d141dfeaf9411ea782efee5dd76009b3d141dfeaf94417b9acc6b03d2cf009b3d141d
         feaf946fb6e36dae709756009b3d141dfeaf949ca652d0962fa79e009b3d141dfeaf94c
         8539bac459df630009b3d141dfeaf94f2c8252a6609fd55009b3d141dfeaf951c0d0d4b
         7999a4d1009b3d141dfeaf95442b2b370837fb63009b3d141dfeaf956b2b117856c84af
         4009b3d141dfeaf9591151028529caed7009b3d141dfeaf95b5f137055529b878009b3d
         141dfeaf95d9c757795e249c71009b3d141dfeaf95fc9f068f5ca3b1e8009b3d141dfea
         f961e7f9ed81a77afd7009b3d141dfeaf963f70423f57c50c56009b3d141dfeaf965f77
         dbd19fe648b8009b3d141dfeaf967e9d21735bcff67a009b3d141dfeaf969ce69589a18
         c199b009b3d141dfeaf96ba5a88953bea8cd9009b3d141dfeaf96d6ff1ac06135936500
         9b3d141dfeaf96f2da3d5f8b934239009b3d141dfeaf970df1b465e1bc6173009b3d141
         dfeaf97284b17cd9ad662ad009b3d141dfeaf9741ebd4f4c486a93c009b3d141dfeaf97
         5ad92feecec04fc7009b3d141dfeaf97731844cb3d598b81009b3d141dfeaf978aae08d
         1dc218d72009b3d141dfeaf97a19f4bb4cefa1e95009b3d141dfeaf97b7f0b8b8d46008
         8c009b3d141dfeaf97cda6d7d40dd19236009b3d141dfeaf97e2c60ec39ea1e03e009b3
         d141dfeaf97f752a2186f01e24a009b3d141dfeaf980b50b63b5e5aa515009b3d141dfe
         af981ec450692d80786e009b3d141dfeaf9831b157a666c96faa009b3d141dfeaf98441
         b95ab87ab7d93009b3d141dfeaf985606b7c9ad35f548009b3d141dfeaf9867764fc802
         7ec29a009b3d141dfeaf98786dd4ba2df470fc009b3d141dfeaf9888f0a3cff8725a1a0
         09b3d141dfeaf989902011e66f35e2e009b3d141dfeaf98a8a518627dd0a875009b3d14
         1dfeaf98b7dcfdbde29c906c009b3d141dfeaf98c6acae6d8fdd0259009b3d141dfeaf9
         8d517117acc2c6254009b3d141dfeaf98e31ef866949afe18009b3d141dfeaf98f0c71f
         cfa88d49e9009b3d141dfeaf98fe12301363c3c905009b3d141dfeaf990b02bde991b81
         b39009b3d141dfeaf99179b4afb6406b6be009b3d141dfeaf9923de4675b435daa3009b
         3d141dfeaf992fce0d96b7cfcafe009b3d141dfeaf993b6cec374c77f9bd009b3d141df
         eaf9946bd1d50005fee18009b3d141dfeaf9951c0cb79fa491e4f009b3d141dfeaf995c
         7a116be3141d0a009b3d141dfeaf9966eafa72f1bb11c1009b3d141dfeaf99711582e83
         97d12f1009b3d141dfeaf997afb98a258f145b2009b3d141dfeaf99849f1b63a7b347c1
         009b3d141dfeaf998e01dd44ff5e0a38009b3d141dfeaf999725a31d3b969205009b3d1
         41dfeaf99a00c24e58bfcc053009b3d141dfeaf99a8b70e1ab1f504ba009b3d141dfeaf
         99b127fe1b436263a2009b3d141dfeaf99b96088830a944624009b3d141dfeaf99c1623
         5839aded20a009b3d141dfeaf99c92e823a308ece65009b3d141dfeaf99d0c6e102f22b
         1cba009b3d141dfeaf99d82cb9c9a83d52f3009b3d141dfeaf99df616a580028cc51009
         b3d141dfeaf99e66646a16deb5f85009b3d141dfeaf99ed3c990cbffc9695009b3d141d
         feaf99f3e5a2bb77df96bc009b3d141dfeaf99fa629bcef960a7bd009b3d141dfeaf9a0
         0b4b3aba1e14aa1009b3d141dfeaf9a06dd1139d884e0fb009b3d141dfeaf9a0cdcd325
         2783d985009b3d141dfeaf9a12b510196e64024d009b3d141dfeaf9a1866d6fe3c51d95
         6009b3d141dfeaf9a1df32f30615851c6009b3d141dfeaf9a235b18b9c4ba5eee009b3d
         141dfeaf9a289f8c878e3b8967009b3d141dfeaf9a2dc17c9eafb2b90c009b3d141dfea
         f9a32c1d44edbd41614009b3d141dfeaf9a37a17863f6b44953009b3d141dfeaf9a3c61
         47560c205844009b3d141dfeaf9a41021977d781bc6e009b3d141dfeaf9a4584c123e8a
         60989009b3d141dfeaf9a49ea0ae870645cde009b3d141dfeaf9a4e32bdb1bfc0ce7600
         9b3d141dfeaf9a525f9af383d7170f009b3d141dfeaf9a56715ed0c88179ba009b3d141
         dfeaf9a5a68c042cb5fa4ad009b3d141dfeaf9a5e46713ea892916f009b3d141dfeaf9a
         620b1ed9ea3659f0009b3d141dfeaf9a65b7716e03596750009b3d141dfeaf9a694c0cb
         abee93a7b009b3d141dfeaf9a6cc99007aac840fa009b3d141dfeaf9a7030964486fd9d
         1c009b3d141dfeaf9a7381b628c0af6c72009b3d141dfeaf9a76bd82520059d724009b3
         d141dfeaf9a79e48961d278fc0d009b3d141dfeaf9a7cf7561a71a18eac009b3d141dfe
         af9a7ff66f7ab8cba471009b3d141dfeaf9a82e258d9445cad56009b3d141dfeaf9a85b
         b91fec848d945009b3d141dfeaf9a8882973fa1712845009b3d141dfeaf9a8b37e194a8
         3208ab009b3d141dfeaf9a8ddbe6b349e6a5c9009b3d141dfeaf9a906f1924eef6d5940
         09b3d141dfeaf9a92f1e85db2d8de9f009b3d141dfeaf9a9564c0d273450d3a009b3d14
         1dfeaf9a97c80c0e3baf31be009b3d141dfeaf9a9a1c30c711f19f5d009b3d141dfeaf9
         a9c6192f228ee0e74009b3d141dfeaf9a9e9893d77dc2d469009b3d141dfeaf9aa0c192
         24e40e2a7e009b3d141dfeaf9aa2dcea008595b2a8009b3d141dfeaf9aa4eaf51ad9860
         31a009b3d141dfeaf9aa6ec0ac0175cb54c009b3d141dfeaf9aa8e07fe9296f3a22009b
         3d141dfeaf9aaac8a74c22e1821c009b3d141dfeaf9aaca4d16c3cc15479009b3d141df
         eaf9aae754ca95dddf369009b3d141dfeaf9ab03a654f30d75d1e009b3d141dfeaf9ab1
         f465a3cbc511f7009b3d141dfeaf9ab3a395f5ecb9bfbe009b3d141dfeaf9ab5483caac
         e4f8190009b3d141dfeaf9ab6e29e4b974f8422009b3d141dfeaf9ab872fd92686fc87b
         009b3d141dfeaf9ab9f99b770b0a6c93009b3d141dfeaf9abb76b73b439b4bca009b3d1
         41dfeaf9abcea8e76cabaea16009b3d141dfeaf9abe555d22ef386ecd009b3d141dfeaf
         9abfb75da5e3dff098009b3d141dfeaf9ac110c8ddbb66766c009b3d141dfeaf9ac261d
         62b14e1d392009b3d141dfeaf9ac3aabb7b7b1fe1d8009b3d141dfeaf9ac4ebad53791e
         8fcf009b3d141dfeaf9ac624ded865d4bcc5009b3d141dfeaf9ac75681d9e96aec10009
         b3d141dfeaf9ac880c6db3df270ea009b3d141dfeaf9ac9a3dd1c2d99cf0c009b3d141d
         feaf9acabff2a1d04da63f009b3d141dfeaf9acbd5343f0aa693df009b3d141dfeaf9ac
         ce3cd9ccff60173009b3d141dfeaf9acdebe9422935d659009b3d141dfeaf9aceedb09c
         0291711f009b3d141dfeaf9acfe94c04c1312794009b3d141dfeaf9ad0dee2cba2e4cf4
         4009b3d141dfeaf9ad1ce9b3be93d7807009b3d141dfeaf9ad2b89aa3d19a8be8009b3d
         141dfeaf9ad39d055b5ba2f00a009b3d141dfeaf9ad47bfecadf97862e009b3d141dfea
         f9ad555a97175e18b4c009b3d141dfeaf9ad62a26eb3134c258009b3d141dfeaf9ad6f9
         97f72c93200c009b3d141dfeaf9ad7c41c7d6e75c31d009b3d141dfeaf9ad889d394a25
         56860009b3d141dfeaf9ad94adb87a9c33a54009b3d141dfeaf9ada0751db0639d46f00
         9b3d141dfeaf9adabf53521cc5922f009b3d141dfeaf9adb72fbf4549ac626009b3d141
         dfeaf9adc22671211a83bf7009b3d141dfeaf9adccdaf498c2c6ee2009b3d141dfeaf9a
         dd74ee8b864c23cc009b3d141dfeaf9ade183e1fe0a196f9009b3d141dfeaf9adeb7b6a
         a0eb42990009b3d141dfeaf9adf53702d6c416f44009b3d141dfeaf9adfeb82117439a7
         b6009b3d141dfeaf9ae0800325da4b0f2a009b3d141dfeaf9ae11109a687d105ee009b3
         d141dfeaf9ae19eab3f7cf5d2fa009b3d141dfeaf9ae228fd1096cfbc08009b3d141dfe
         af9ae2b013b13b3c5198009b3d141dfeaf9ae3340333eb371ef5009b3d141dfeaf9ae3b
         4df29bc636b9d009b3d141dfeaf9ae432baa5ba7b6376009b3d141dfeaf9ae4ada84031
         51cc20009b3d141dfeaf9ae525ba19e00e66c3009b3d141dfeaf9ae59b01df16483d290
         09b3d141dfeaf9ae60d90cabb9c5e1e009b3d141dfeaf9ae67d77a9425af636009b3d14
         1dfeaf9ae6eac6db85e03eaa009b3d141dfeaf9ae7558e59952a6a82009b3d141dfeaf9
         ae7bdddb56a3989b5009b3d141dfeaf9ae823c41d8ec2499e009b3d141dfeaf9ae88750
         5faeb8889a009b3d141dfeaf9ae8e890eb1932df47009b3d141dfeaf9ae94793d330248
         bae009b3d141dfeaf9ae9a466d1c7679089009b3d141dfeaf9ae9ff1749738d5c59009b
         3d141dfeaf9aea57b247c8e8e7be009b3d141dfeaf9aeaae44878b41f046009b3d141df
         eaf9aeb02da72ce9dc360009b3d141dfeaf9aeb5580250986f3f3009b3d141dfeaf9aeb
         a6416d193a5318009b3d141dfeaf9aebf529cf381c998e009b3d141dfeaf9aec424486e
         6d95a32009b3d141dfeaf9aec8d9c88c889162b009b3d141dfeaf9aecd73c847239a053
         009b3d141dfeaf9aed1f2ee62e31668c009b3d141dfeaf9aed657dd8b343b411009b3d1
         41dfeaf9aedaa3346d0898f4d009b3d141dfeaf9aeded58dd0dd07759009b3d141dfeaf
         9aee2ef80b410df8c4009b3d141dfeaf9aee6f1a061924d5d4009b3d141dfeaf9aeeadc
         7c89e4653e0009b3d141dfeaf9aeeeb0a15a83824c4009b3d141dfeaf9aef26e9794ac5
         58cd009b3d141dfeaf9aef616e4a389ec9d7009b3d141dfeaf9aef9aa0ab1ced8389009
         b3d141dfeaf9aefd2888bebd7ce43009b3d141dfeaf9af0092dab2a37b1a2009b3d141d
         feaf9af03e97972cc00076009b3d141dfeaf9af072cdaf4ecb4a11009b3d141dfeaf9af
         0a5d725210e6362009b3d141dfeaf9af0d7bafd90669d70009b3d141dfeaf9af1088012
         04fa2d92009b3d141dfeaf9af1382d1179dfc654009b3d141dfeaf9af166c8818d80e5b
         4009b3d141dfeaf9af19458bf8ae8eded009b3d141dfeaf9af1c0e4016c31b95d009b3d
         141dfeaf9af1ec7056d63cff70009b3d141dfeaf9af21703aa0de88fe6009b3d141dfea
         f9af240a3c0e6ea2303009b3d141dfeaf9af269563dac7e3f73009b3d141dfeaf9af291
         20a004148276009b3d141dfeaf9af2b80845ca226b20009b3d141dfeaf9af2de126be94
         4a681009b3d141dfeaf9af303442f2bd5bfc9009b3d141dfeaf9af327a28d082004d200
         9b3d141dfeaf9af34b3264674f649a009b3d141dfeaf9af36df87667470a18009b3d141
         dfeaf9af38ff967177d79cd009b3d141dfeaf9af3b139be310103f9009b3d141dfeaf9a
         f3d1bde7c9c56f5e009b3d141dfeaf9af3f18a35035ad9bf009b3d141dfeaf9af410a2d
         cb52cea8a009b3d141dfeaf9af42f0bfc12689a52009b3d141dfeaf9af44cc9974ba5fd
         88009b3d141dfeaf9af469df9a2c72b333009b3d141dfeaf9af48651d8b4d8d00d009b3
         d141dfeaf9af4a2240faefd5c2a009b3d141dfeaf9af4bd59e540f0bc26009b3d141dfe
         af9af4d7f6e97acaa745009b3d141dfeaf9af4f1fe96e12a995b009b3d141dfeaf9af50
         b7452f43501f0009b3d141dfeaf9af5245b6eb324c965009b3d141dfeaf9af53cb7271c
         8820f2009b3d141dfeaf9af5548aa5ab3ef338009b3d141dfeaf9af56bd900d050b0130
         09b3d141dfeaf9af582a53c69ae980b009b3d141dfeaf9af598f24a35f71957009b3d14
         1dfeaf9af5aec30a454e4248009b3d141dfeaf9af5c41a4b675ec2a8009b3d141dfeaf9
         af5d8facb96966f2c009b3d141dfeaf9af5ed673860b0b7a1009b3d141dfeaf9af60162
         2f4ca10130009b3d141dfeaf9af614ee3e3dee5aea009b3d141dfeaf9af6280de3d5918
         a85009b3d141dfeaf9af63ac38fd065fa97009b3d141dfeaf9af64d11a3633da21e009b
         3d141dfeaf9af65efa7194a78ec1009b3d141dfeaf9af670803f94785003009b3d141df
         eaf9af681a5451123192a009b3d141dfeaf9af6926bac8af20a59009b3d141dfeaf9af6
         a2d593a52bae8c009b3d141dfeaf9af6b2e50b75335c5e009b3d141dfeaf9af6c29c18c
         fb1ca10009b3d141dfeaf9af6d1fcb493d2cac7009b3d141dfeaf9af6e108cbf4a4d27e
         009b3d141dfeaf9af6efc240c0a6889c009b3d141dfeaf9af6fe2ae9a78e5d74009b3d1
         41dfeaf9af70c44927e57c602009b3d141dfeaf9af71a10fc81a1721b009b3d141dfeaf
         9af72791de96678496009b3d141dfeaf9af734c8e589248a4d009b3d141dfeaf9af741b
         7b44b63a42c009b3d141dfeaf9af74e5fe42fce11cc009b3d141dfeaf9af75ac30524be
         057d009b3d141dfeaf9af766e29ded6067b5009b3d141dfeaf9af772c02c596eeece009
         b3d141dfeaf9af77e5d257b8bb0ca009b3d141dfeaf9af789baf5de471733009b3d141d
         feaf9af794db01b7d8e164009b3d141dfeaf9af79fbea51c94a728009b3d141dfeaf9af
         7aa67343022151c009b3d141dfeaf9af7b4d5fb5580e4e8009b3d141dfeaf9af7bf0c3f
         5de05df3009b3d141dfeaf9af7c90b3db651f6d6009b3d141dfeaf9af7d2d42c945e7d1
         e009b3d141dfeaf9af7dc683b2184f78b009b3d141dfeaf9af7e5c891a5aa46ca009b3d
         141dfeaf9af7eef651b08059ed009b3d141dfeaf9af7f7f29641eb9e61009b3d141dfea
         f9af800be73f16d26c1009b3d141dfeaf9af8095af91497d8d7009b3d141dfeaf9af811
         c92de496c91c009b3d141dfeaf9af81a0a14a2cac135009b3d141dfeaf9af8221ea9bc8
         4c72b009b3d141dfeaf9af82a07e3ede35473009b3d141dfeaf9af831c6b463d7c63100
         9b3d141dfeaf9af8395c06dd596b74009b3d141dfeaf9af840c8c1cbcb729c009b3d141
         dfeaf9af8480dc6729ad443009b3d141dfeaf9af84f2bf10619384a009b3d141dfeaf9a
         f8562418c999b0d3009b3d141dfeaf9af85cf7102cd406cd009b3d141dfeaf9af863a5a
         4e89334b6009b3d141dfeaf9af86a30a01ab38dbb009b3d141dfeaf9af87098c66174f1
         f9009b3d141dfeaf9af876ded7f62553c8009b3d141dfeaf9af87d0390c727b60a009b3
         d141dfeaf9af88307a8915bb03c009b3d141dfeaf9af888ebd2f8e96a76009b3d141dfe
         af9af88eb0bfa175e9b8009b3d141dfeaf9af894571a45c36bca009b3d141dfeaf9af89
         9df8acec17966009b3d141dfeaf9af89f4ab56a103d97009b3d141dfeaf9af8a4993a9f
         fa9a0f009b3d141dfeaf9af8a9cbb768ea597e009b3d141dfeaf9af8aee2c54259cb1c0
         09b3d141dfeaf9af8b3defa4345fd06009b3d141dfeaf9af8b8c0e93024b64b009b3d14
         1dfeaf9af8bd89218e613d25009b3d141dfeaf9af8c2382fb762e21c009b3d141dfeaf9
         af8c6ce9ceb203583009b3d141dfeaf9af8cb4cef6241ba0d009b3d141dfeaf9af8cfb3
         aa5fd6d4d2009b3d141dfeaf9af8d4034e429fa97e009b3d141dfeaf9af8d83c5895ee7
         fdc009b3d141dfeaf9af8dc5f4422233f3f009b3d141dfeaf9af8e06c88fcc37bb4009b
         3d141dfeaf9af8e4649c983180f1009b3d141dfeaf9af8e847f1d304b777009b3d141df
         eaf9af8ec16f90705b0ee009b3d141dfeaf9af8efd22017d01a3e009b3d141dfeaf9af8
         f379d2811cc348009b3d141dfeaf9af8f70e7964b5de34009b3d141dfeaf9af8fa907b9
         8178a8c009b3d141dfeaf9af8fe003db1beb318009b3d141dfeaf9af9015e2216283866
         009b3d141dfeaf9af904aa8904825551009b3d141dfeaf9af907e5d0a3121e78009b3d1
         41dfeaf9af90b10550b4ef1ae009b3d141dfeaf9af90e2a7055b59ea2009b3d141dfeaf
         9af911347aa55506a9009b3d141dfeaf9af9142eca3315e674009b3d141dfeaf9af9171
         9b358bf71bc009b3d141dfeaf9af919f5889bba5e40009b3d141dfeaf9af91cc29ab793
         f15d009b3d141dfeaf9af91f8138a8429963009b3d141dfeaf9af92231afb42d9219009
         b3d141dfeaf9af924d44b75f90a61009b3d141dfeaf9af9276955e61837b7009b3d141d
         feaf9af929f1176426bb22009b3d141dfeaf9af92c6bd6c00ab290009b3d141dfeaf9af
         92ed9d942e0c8e2009b3d141dfeaf9af9313b62b7b38e9f009b3d141dfeaf9af93390b5
         73ff5d3a009b3d141dfeaf9af935da126003feb8009b3d141dfeaf9af93817b8fee54c0
         0009b3d141dfeaf9af93a49e7769bec77009b3d141dfeaf9af93c70da97b75a37009b3d
         141dfeaf9af93e8ccde4f24714009b3d141dfeaf9af9409dfb9a9a77a1009b3d141dfea
         f9af942a49cb5cd22a1009b3d141dfeaf9af944a0e8fb88dcac009b3d141dfeaf9af946
         9316ff96115b009b3d141dfeaf9af9487b5c2b470511009b3d141dfeaf9af94a59ecc41
         0543a009b3d141dfeaf9af94c2efbf1fadefe009b3d141dfeaf9af94dfabbc5f00a7c00
         9b3d141dfeaf9af94fbd5d3fe13af4009b3d141dfeaf9af951771054cb64d4009b3d141
         dfeaf9af9532803f4978d0d009b3d141dfeaf9af954d0660fd90bfc009b3d141dfeaf9a
         f95670639d6a60fb009b3d141dfeaf9af95808289fe95fa3009b3d141dfeaf9af95997e
         02b137b0f009b3d141dfeaf9af95b1fb46902ee75009b3d141dfeaf9af95c9fce9f4d7e
         06009b3d141dfeaf9af95e18573405864a009b3d141dfeaf9af95f8975b29e0be7009b3
         d141dfeaf9af960f350d0b2796c009b3d141dfeaf9af962560e72b2b47d009b3d141dfe
         af9af963b1d3b0742fc1009b3d141dfeaf9af96506c4d9a89ad5009b3d141dfeaf9af96
         655057a3acdc6009b3d141dfeaf9af9679cb85e9289ab009b3d141dfeaf9af968ddff97
         bfa465009b3d141dfeaf9af96a18fc7f8d31d7009b3d141dfeaf9af96b4dcfbc7d396a0
         09b3d141dfeaf9af96c7c9945ad8358009b3d141dfeaf9af96da57866a605c1009b3d14
         1dfeaf9af96ec88bc3117663009b3d141dfeaf9af96fe5f15a608299009b3d141dfeaf9
         af970fdc68b582c26009b3d141dfeaf9af9721028178bc651009b3d141dfeaf9af9731d
         3226c30be6009b3d141dfeaf9af97425004a4cc3c6009b3d141dfeaf9af97527ad803e6
         6ea009b3d141dfeaf9af976255436a13804009b3d141dfeaf9af9771e0e4e8d3a26009b
         3d141dfeaf9af97811f51f327169009b3d141dfeaf9af979012178d0d5c8009b3d141df
         eaf9af979ebaba79f5e2e009b3d141dfeaf9af97ad1ab76a286fc009b3d141dfeaf9af9
         7bb3383272b549009b3d141dfeaf9af97c9068abf2d576009b3d141dfeaf9af97d69533
         af791c6009b3d141dfeaf9af97e3e0dc0df7b30009b3d141dfeaf9af97f0eadab1c7cbe
         009b3d141dfeaf9af97fdb47f5aeef7c009b3d141dfeaf9af980a3f12d92a32d009b3d1
         41dfeaf9af98168bd731e2dc2009b3d141dfeaf9af98229c07c54d1d4009b3d141dfeaf
         9af982e70d972b4a6c009b3d141dfeaf9af983a0b7abbfc872009b3d141dfeaf9af9845
         6d13e856c84009b3d141dfeaf9af985096c72638609009b3d141dfeaf9af985b89b0ac8
         deae009b3d141dfeaf9af986646e6db357d7009b3d141dfeaf9af9870cf7a5ac1ddd009
         b3d141dfeaf9af987b24763b8b366009b3d141dfeaf9af988546e01411595009b3d141d
         feaf9af988f37b81eb3848009b3d141dfeaf9af9898f7f956c1825009b3d141dfeaf9af
         98a2889994e9ec3009b3d141dfeaf9af98abea89ab093cd009b3d141dfeaf9af98b51eb
         57f5d4b7009b3d141dfeaf9af98be26042720b19009b3d141dfeaf9af98c7015800918a
         a009b3d141dfeaf9af98cfb18ecc66e5b009b3d141dfeaf9af98d83781c6b8301009b3d
         141dfeaf9af98e09405bf59ca1009b3d141dfeaf9af98e8c7eb31b1e56009b3d141dfea
         f9af98f0d3fe5c08b99009b3d141dfeaf9af98f8b9075657095009b3d141dfeaf9af990
         077ca2895e14009b3d141dfeaf9af99081106e092679009b3d141dfeaf9af990f8579a7
         48838009b3d141dfeaf9af9916d5dad5c7138009b3d141dfeaf9af991e02df09a056d00
         9b3d141dfeaf9af99250d3738e9236009b3d141dfeaf9af992bf590c5c96d0009b3d141
         dfeaf9af9932bc9591a0981009b3d141dfeaf9af993962ec0fc000d009b3d141dfeaf9a
         f993fe93757be12e009b3d141dfeaf9af9946501737643f0009b3d141dfeaf9af994c98
         28443a0f3009b3d141dfeaf9af9952c203ecaf8c0009b3d141dfeaf9af9958ce4088e91
         95009b3d141dfeaf9af995ebd716b2ee3d009b3d141dfeaf9af99649026f001ecd009b3
         d141dfeaf9af996a46ee8dd8b4a009b3d141dfeaf9af996fe252e48579c009b3d141dfe
         af9af997562dbcc47f62009b3d141dfeaf9af997ac90e648c7a0009b3d141dfeaf9af99
         80156d225a36d009b3d141dfeaf9af99854877de7284f009b3d141dfeaf9af998a62abe
         322e18009b3d141dfeaf9af998f6483f9cb59a009b3d141dfeaf9af99944e78781b0d90
         09b3d141dfeaf9af999920ff4d046c4009b3d141dfeaf9af999ddc8c0d6abef009b3d14
         1dfeaf9af99a28190008a937009b3d141dfeaf9af99a7107a2c1e894009b3d141dfeaf9
         af99ab89b76041fe6009b3d141dfeaf9af99afedb243130fe009b3d141dfeaf9af99b43
         cd35c15585009b3d141dfeaf9af99b877811f56d04009b3d141dfeaf9af99bc9e1ff858
         2b3009b3d141dfeaf9af99c0b11254ba044009b3d141dfeaf9af99c4b0b8aeb025f009b
         3d141dfeaf9af99c89d71973c319009b3d141dfeaf9af99cc7799c030e23009b3d141df
         eaf9af99d03f8c05ff215009b3d141dfeaf9af99d3f5a1794e1bf009b3d141dfeaf9af9
         9d79a31685f7ef009b3d141dfeaf9af99db2d916840fd4009b3d141dfeaf9af99deb015
         5dcc396009b3d141dfeaf9af99e2220f8676270009b3d141dfeaf9af99e583d080eef29
         009b3d141dfeaf9af99e8d5a75593775009b3d141dfeaf9af99ec17e17eb1457009b3d1
         41dfeaf9af99ef4acaf09e34f009b3d141dfeaf9af99f26eae21a47ba009b3d141dfeaf
         9af99f583d411c437d009b3d141dfeaf9af99f88a84524b5b6009b3d141dfeaf9af99fb
         83050d44dd7009b3d141dfeaf9af99fe6d9b0cc0146009b3d141dfeaf9af9a014a89c1f
         1145009b3d141dfeaf9af9a041a134c2aea0009b3d141dfeaf9af9a06dc787fb483a009
         b3d141dfeaf9af9a0991f8ec79172009b3d141dfeaf9af9a0c3ad2e494cde009b3d141d
         feaf9af9a0ed74382be7b9009b3d141dfeaf9af9a116786b08f20a009b3d141dfeaf9af
         9a13ebd72ca7f42009b3d141dfeaf9af9a16646e90b7adb009b3d141dfeaf9af9a18d18
         5575fc37009b3d141dfeaf9af9a1b3352e1fa4b2009b3d141dfeaf9af9a1d8a0d7e412b
         f009b3d141dfeaf9af9a1fd5ea6bd748a009b3d141dfeaf9af9a22171de1b445b009b3d
         141dfeaf9af9a244ddb13738eb009b3d141dfeaf9af9a267a543687360009b3d141dfea
         f9af9a289cba874f4a0009b3d141dfeaf9af9a2ab53e4e16364009b3d141dfeaf9af9a2
         cc40ee3f2c3e009b3d141dfeaf9af9a2ec95ab790484009b3d141dfeaf9af9a30c54f51
         dd90b009b3d141dfeaf9af9a32b8195aa312c009b3d141dfeaf9af9a34a1e49d00e9a00
         9b3d141dfeaf9af9a3682dc0bd5230009b3d141dfeaf9af9a385b29c60addb009b3d141
         dfeaf9af9a3a2af71ad2b65009b3d141dfeaf9af9a3bf26c8dc4ff3009b3d141dfeaf9a
         f9a3db1b1daee3a8009b3d141dfeaf9af9a3f68edfac64da009b3d141dfeaf9af9a4118
         472612e07009b3d141dfeaf9af9a42bfe2d9b55a2009b3d141dfeaf9af9a445fe5da64e
         8e009b3d141dfeaf9af9a45f8743855014009b3d141dfeaf9af9a4789b152c8bee009b3
         d141dfeaf9af9a4913bfdb938d5009b3d141dfeaf9af9a4a96c1da877e1009b3d141dfe
         af9af9a4c12d8b0d1afa009b3d141dfeaf9af9a4d88251c45251009b3d141dfeaf9af9a
         4ef6c73a946dc009b3d141dfeaf9af9a505ede8c7a78b009b3d141dfeaf9af9a51c089f
         8d2efb009b3d141dfeaf9af9a531be7cfa2712009b3d141dfeaf9af9a547115cd0f0060
         09b3d141dfeaf9af9a55c0311c4900d009b3d141dfeaf9af9a5709565a650f5009b3d14
         1dfeaf9af9a584ca199270a2009b3d141dfeaf9af9a598a2e61be980009b3d141dfeaf9
         af9a5ac217b7757b1009b3d141dfeaf9af9a5bf4781a4ffc4009b3d141dfeaf9af9a5d2
         169899fb91009b3d141dfeaf9af9a5e490586891d9009b3d141dfeaf9af9a5f6b65167b
         d03009b3d141dfeaf9af9a6088a0c59e564009b3d141dfeaf9af9a61a0d0a92d35a009b
         3d141dfeaf9af9a62b40c61cdd4c009b3d141dfeaf9af9a63c26b1dd55bd009b3d141df
         eaf9af9a64cc039b83d6a009b3d141dfeaf9af9a65d0ec2b33d51009b3d141dfeaf9af9
         a66d13ab17ec7f009b3d141dfeaf9af9a67cd04a95655e009b3d141dfeaf9af9a68c45f
         2612e34009b3d141dfeaf9af9a69b75ed577857009b3d141dfeaf9af9a6aa61801ab9ae
         009b3d141dfeaf9af9a6b909e932a3dc009b3d141dfeaf9af9a6c770612a7c7e009b3d1
         41dfeaf9af9a6d5961aaed9b4009b3d141dfeaf9af9a6e37c42aac648009b3d141dfeaf
         9af9a6f12400645077009b3d141dfeaf9af9a6fe8e75988693009b3d141dfeaf9af9a70
         bbcbe96e469009b3d141dfeaf9af9a718aff25c3463009b3d141dfeaf9af9a7256922ac
         e760009b3d141dfeaf9af9a731e95c2ee5eb009b3d141dfeaf9af9a73e31a682ddc9009
         b3d141dfeaf9af9a74a43045d0e63009b3d141dfeaf9af9a7561e739d96d7009b3d141d
         feaf9af9a761c4ed684834009b3d141dfeaf9af9a76d37663bfe76009b3d141dfeaf9af
         9a77876ce0982b8009b3d141dfeaf9af9a783841049f90d009b3d141dfeaf9af9a78e60
         1414dc63009b3d141dfeaf9af9a7990bbc358acc009b3d141dfeaf9af9a7a387e740646
         1009b3d141dfeaf9af9a7add56fa77f15009b3d141dfeaf9af9a7b7f52bcef195009b3d
         141dfeaf9af9a7c1e7ee20b764009b3d141dfeaf9af9a7cbae85203045009b3d141dfea
         f9af9a7d549bb7d3d04009b3d141dfeaf9af9a7deba5826fba5009b3d141dfeaf9af9a7
         e8011e5e24e4009b3d141dfeaf9af9a7f11ecdc70d00009b3d141dfeaf9af9a7fa14227
         b49af009b3d141dfeaf9af9a802e1d51aff11009b3d141dfeaf9af9a80b889addd57300
         9b3d141dfeaf9af9a8140925a399ab009b3d141dfeaf9af9a81c64240489c1009b3d141
         dfeaf9af9a8249a41614f9a009b3d141dfeaf9af9a82cac25f2ab56009b3d141dfeaf9a
         f9a8349a76d8cef3009b3d141dfeaf9af9a83c65d62a6cda009b3d141dfeaf9af9a8440
         ee3037add009b3d141dfeaf9af9a84b963993ab2f009b3d141dfeaf9af9a852fc732c9c
         d7009b3d141dfeaf9af9a85a42264fc513009b3d141dfeaf9af9a86167e6bc1318009b3
         d141dfeaf9af9a8686e457b4f9a009b3d141dfeaf9af9a86f55d0ef3979009b3d141dfe
         af9af9a8761f14de60ec009b3d141dfeaf9af9a87cca9a80c280009b3d141dfeaf9af9a
         88358e88c232b009b3d141dfeaf9af9a889ca83402ec5009b3d141dfeaf9af9a8901fec
         725a15009b3d141dfeaf9af9a89659a39989b1009b3d141dfeaf9af9a89c7825d97ee30
         09b3d141dfeaf9af9a8a27bee0e0bb4009b3d141dfeaf9af9a8a86574d60f47009b3d14
         1dfeaf9af9a8ae35309e3ba1009b3d141dfeaf9af9a8b3eb95aba5f2009b3d141dfeaf9
         af9a8b98916262274009b3d141dfeaf9af9a8bf0e22226ced009b3d141dfeaf9af9a8c4
         7b27ac1ed2009b3d141dfeaf9af9a8c9d092cf7421009b3d141dfeaf9af9a8cf0ecda2d
         fce009b3d141dfeaf9af9a8d436405070da009b3d141dfeaf9af9a8d947511f08f0009b
         3d141dfeaf9af9a8de42647b6582009b3d141dfeaf9af9a8e327dd00fc40009b3d141df
         eaf9af9a8e7f81b82abdb009b3d141dfeaf9af9a8ecb37f1341ec009b3d141dfeaf9af9
         a8f15a650dd6d1009b3d141dfeaf9af9a8f5ed291e0064009b3d141dfeaf9af9a8fa6c2
         547dc57009b3d141dfeaf9af9a8fed7b1eff2f9009b3d141dfeaf9af9a9033025e2f33f
         009b3d141dfeaf9af9a90775d65d48c1009b3d141dfeaf9af9a90ba917128c7d009b3d1
         41dfeaf9af9a90fca3a34d112009b3d141dfeaf9af9a913d9907bcb31009b3d141dfeaf
         9af9a917d7692bd6f3009b3d141dfeaf9af9a91bc4121cdace009b3d141dfeaf9af9a91
         f9fd7c108cf009b3d141dfeaf9af9a9236b052b7ec8009b3d141dfeaf9af9a92725e416
         c616009b3d141dfeaf9af9a92ad0bceb33a2009b3d141dfeaf9af9a92e6bd6c528c1009
         b3d141dfeaf9af9a931f7777b358e009b3d141dfeaf9af9a93573e3a41d50009b3d141d
         feaf9af9a938e15e9cbd8f009b3d141dfeaf9af9a93c402a8dd868009b3d141dfeaf9af
         9a93f908871c2a6009b3d141dfeaf9af9a942d2b819f63a009b3d141dfeaf9af9a94606
         f834899d009b3d141dfeaf9af9a9492d86518c97009b3d141dfeaf9af9a94c469ee84af
         b009b3d141dfeaf9af9a94f527d5c75dd009b3d141dfeaf9af9a952515c0333b3009b3d
         141dfeaf9af9a95543742817f3009b3d141dfeaf9af9a95828fe120294009b3d141dfea
         f9af9a95b023107e7fa009b3d141dfeaf9af9a95dcf435581bc009b3d141dfeaf9af9a9
         60906a4fe8b2009b3d141dfeaf9af9a96345da5a18ce009b3d141dfeaf9af9a965efc6e
         95f19009b3d141dfeaf9af9a9688e6289b250009b3d141dfeaf9af9a96b21dee1f68400
         9b3d141dfeaf9af9a96daa6cb82c2a009b3d141dfeaf9af9a970283bf58b03009b3d141
         dfeaf9af9a9729b7baa892e009b3d141dfeaf9af9a975045a12cee6009b3d141dfeaf9a
         f9a9776304991733009b3d141dfeaf9af9a979b7a7dafdf0009b3d141dfeaf9af9a97c0
         26facbb8d009b3d141dfeaf9af9a97e43871ccee1009b3d141dfeaf9af9a9807b187795
         61009b3d141dfeaf9af9a982a94d4ad21b009b3d141dfeaf9af9a984ce4e6923c3009b3
         d141dfeaf9af9a986ea43ed6a2c009b3d141dfeaf9af9a988fd553e1b7b009b3d141dfe
         af9af9a98b07a9108965009b3d141dfeaf9af9a98d09656c16c4009b3d141dfeaf9af9a
         98f02afad5ddb009b3d141dfeaf9af9a990f3ac894784009b3d141dfeaf9af9a992dc80
         1013a1009b3d141dfeaf9af9a994bd4db0530e009b3d141dfeaf9af9a996963839d3640
         09b3d141dfeaf9af9a9986761e07cce009b3d141dfeaf9af9a99a30ec3f222f009b3d14
         1dfeaf9af9a99bf2f85a43eb009b3d141dfeaf9af9a99dada6a2c586009b3d141dfeaf9
         af9a99f6116f89660009b3d141dfeaf9af9a9a10d68ad4dd0009b3d141dfeaf9af9a9a2
         b2ba86bad4009b3d141dfeaf9af9a9a4512ac16798009b3d141dfeaf9af9a9a5e8d7131
         110009b3d141dfeaf9af9a9a779dcad12e2009b3d141dfeaf9af9a9a904583ec7c8009b
         3d141dfeaf9af9a9aa8865f7dec2009b3d141dfeaf9af9a9ac06218aa529009b3d141df
         eaf9af9a9ad7da62e45fc009b3d141dfeaf9af9a9aeef0ea0fe85009b3d141dfeaf9af9
         a9b05a752a488b009b3d141dfeaf9af9a9b1bff39cfa58009b3d141dfeaf9af9a9b31fa
         3595caa009b3d141dfeaf9af9a9b4799d4f36cd009b3d141dfeaf9af9a9b5cdf9ffd119
         009b3d141dfeaf9af9a9b71cd17fede6009b3d141dfeaf9af9a9b8663b79b942009b3d1
         41dfeaf9af9a9b9aa4f2eaf80009b3d141dfeaf9af9a9bae923797ae1009b3d141dfeaf
         9af9a9bc22cecfc867009b3d141dfeaf9af9a9bd5767441418009b3d141dfeaf9af9a9b
         e8702876ccd009b3d141dfeaf9af9a9bfb1b5eb2fb4009b3d141dfeaf9af9a9c0d79662
         bbb2009b3d141dfeaf9af9a9c1f8b8851ccd009b3d141dfeaf9af9a9c315308eafc3009
         b3d141dfeaf9af9a9c42d1262bdf1009b3d141dfeaf9af9a9c540718d11af009b3d141d
         feaf9af9a9c64f61438352009b3d141dfeaf9af9a9c759f4677ee3009b3d141dfeaf9af
         9a9c8603d8782bc009b3d141dfeaf9af9a9c9624ee0972b009b3d141dfeaf9af9a9ca60
         3a5fbf3a009b3d141dfeaf9af9a9cb5a11a362be009b3d141dfeaf9af9a9cc4fe5fcb1d
         0009b3d141dfeaf9af9a9cd41c87101c6009b3d141dfeaf9af9a9ce2fc9bb23e0009b3d
         141dfeaf9af9a9cf19fa4cb5a7009b3d141dfeaf9af9a9d0006a4f6b41009b3d141dfea
         f9af9a9d0e329a653ba009b3d141dfeaf9af9a9d1c247ef176b009b3d141dfeaf9af9a9
         d29dd483309d009b3d141dfeaf9af9a9d375de791e7f009b3d141dfeaf9af9a9d44a74a
         5928b009b3d141dfeaf9af9a9d51ba59c9878009b3d141dfeaf9af9a9d5e97fb2b8ca00
         9b3d141dfeaf9af9a9d6b410fe1626009b3d141dfeaf9af9a9d77b6757857f009b3d141
         dfeaf9af9a9d83f905ba128009b3d141dfeaf9af9a9d900996bd6f9009b3d141dfeaf9a
         f9a9d9be8faf718e009b3d141dfeaf9af9a9da7980149cbd009b3d141dfeaf9af9a9db3
         177516558009b3d141dfeaf9af9a9dbe681e4b45b009b3d141dfeaf9af9a9dc98ac1745
         86009b3d141dfeaf9af9a9dd4801fc9993009b3d141dfeaf9af9a9ddf48f73e407009b3
         d141dfeaf9af9a9de9e6028f4c1009b3d141dfeaf9af9a9df457f951d59009b3d141dfe
         af9af9a9dfe9f9001254009b3d141dfeaf9af9a9e08bd780c85d009b3d141dfeaf9af9a
         9e12b25fe4d78009b3d141dfeaf9af9a9e1c7ef309e57009b3d141dfeaf9af9a9e2623d
         a177da009b3d141dfeaf9af9a9e2fa1bad24d0009b3d141dfeaf9af9a9e38f938348030
         09b3d141dfeaf9af9a9e422af27a2ad009b3d141dfeaf9af9a9e4b37872d75f009b3d14
         1dfeaf9af9a9e541f9132966009b3d141dfeaf9af9a9e5ce3a8d38cb009b3d141dfeaf9
         af9a9e658463cbafa009b3d141dfeaf9af9a9e6e025553010009b3d141dfeaf9af9a9e7
         65e0e294fc009b3d141dfeaf9af9a9e7e981ca126b009b3d141dfeaf9af9a9e86b10caa
         89a009b3d141dfeaf9af9a9e8ea967dd811009b3d141dfeaf9af9a9e9681b584769009b
         3d141dfeaf9af9a9e9e3a7aa6612009b3d141dfeaf9af9a9ea5d43a10c40009b3d141df
         eaf9af9a9ead4f74617f9009b3d141dfeaf9af9a9eb4aca81075a009b3d141dfeaf9af9
         a9ebbec5179021009b3d141dfeaf9af9a9ec30eeae3484009b3d141dfeaf9af9a9eca14
         ec8d568009b3d141dfeaf9af9a9ed0feccb41fd009b3d141dfeaf9af9a9ed7ccff9c4cf
         009b3d141dfeaf9af9a9ede7ff79ae5a009b3d141dfeaf9af9a9ee518251dd2b009b3d1
         41dfeaf9af9a9eeb95f6b4393009b3d141dfeaf9af9a9ef1f9d916b01009b3d141dfeaf
         9af9a9ef844372f50f009b3d141dfeaf9af9a9efe757a21a3a009b3d141dfeaf9af9a9f
         048e095266c009b3d141dfeaf9af9a9f0a8e4a6f34d009b3d141dfeaf9af9a9f1076a17
         6067009b3d141dfeaf9af9a9f164770bc939009b3d141dfeaf9af9a9f1c0118f7929009
         b3d141dfeaf9af9a9f21a3f941d73009b3d141dfeaf9af9a9f27306f23516009b3d141d
         feaf9af9a9f2ca6d697ec2009b3d141dfeaf9af9a9f32078a164e7009b3d141dfeaf9af
         9a9f3752e2967ca009b3d141dfeaf9af9a9f3c8937985d2009b3d141dfeaf9af9a9f41a
         adf2a1ef009b3d141dfeaf9af9a9f46b82dee840009b3d141dfeaf9af9a9f4bb177230f
         0009b3d141dfeaf9af9a9f50970ca615e009b3d141dfeaf9af9a9f55693efcb89009b3d
         141dfeaf9af9a9f5a285d58bd7009b3d141dfeaf9af9a9f5ed4b59e536009b3d141dfea
         f9af9a9f636e9469ba1009b3d141dfeaf9af9a9f67f64514d0e009b3d141dfeaf9af9a9
         f6c6c11bc8d4009b3d141dfeaf9af9a9f70d04346583009b3d141dfeaf9af9a9f752321
         65544009b3d141dfeaf9af9a9f7964f29f8bc009b3d141dfeaf9af9a9f7d95fc5307e00
         9b3d141dfeaf9af9a9f81b682bad10009b3d141dfeaf9af9a9f85c6c8f3d94009b3d141
         dfeaf9af9a9f89c71101d06009b3d141dfeaf9af9a9f8db79bd3e2b009b3d141dfeaf9a
         f9a9f9198a94962d009b3d141dfeaf9af9a9f956a78365e6009b3d141dfeaf9af9a9f99
         2d46681ed009b3d141dfeaf9af9a9f9ce150a9960009b3d141dfeaf9af9a9fa086d2c7b
         6d009b3d141dfeaf9af9a9fa41e0795bb3009b3d141dfeaf9af9a9fa7a728f1569009b3
         d141dfeaf9af9a9fab226fc6d5f009b3d141dfeaf9af9a9fae9014152dd009b3d141dfe
         af9af9a9fb1f04cf1f63009b3d141dfeaf9af9a9fb543508d544009b3d141dfeaf9af9a
         9fb8895435d3f009b3d141dfeaf9af9a9fbbc28c5c2f4009b3d141dfeaf9af9a9fbeef2
         c97060009b3d141dfeaf9af9a9fc20f67a6841009b3d141dfeaf9af9a9fc5236f77f840
         09b3d141dfeaf9af9a9fc82b75295b6009b3d141dfeaf9af9a9fcb27a90cc72009b3d14
         1dfeaf9af9a9fce183aabde3009b3d141dfeaf9af9a9fd0fd58cb258009b3d141dfeaf9
         af9a9fd3d7316d4e0009b3d141dfeaf9af9a9fd6a5f1d670f009b3d141dfeaf9af9a9fd
         969c68f3d0009b3d141dfeaf9af9a9fdc22db68162009b3d141dfeaf9af9a9fded15b7c
         276009b3d141dfeaf9af9a9fe1757134670009b3d141dfeaf9af9a9fe40f464a8e0009b
         3d141dfeaf9af9a9fe69f03cc01f009b3d141dfeaf9af9a9fe924d21cb27009b3d141df
         eaf9af9a9feba0d8f9e9d009b3d141dfeaf9af9a9fee133f7d11b009b3d141dfeaf9af9
         a9ff07c2c1e6b5009b3d141dfeaf9af9a9ff2dbc4b7bbc009b3d141dfeaf9af9a9ff532
         2e86ed0009b3d141dfeaf9af9a9ff77f8e30a2f009b3d141dfeaf9af9a9ff9c407c2c58
         009b3d141dfeaf9af9a9ffbffbeb6ff5009b3d141dfeaf9af9a9ffe32d5f5320009b3d1
         41dfeaf9af9aa0005d6fd5df1009b3d141dfeaf9af9aa0027fae24870009b3d141dfeaf
         9af9aa00499b221fdb009b3d141dfeaf9af9aa006ab9c86b47009b3d141dfeaf9af9aa0
         08b58d84faa009b3d141dfeaf9af9aa00ab7a4cb33d009b3d141dfeaf9af9aa00cb2018
         6054009b3d141dfeaf9af9aa00ea4c262789009b3d141dfeaf9af9aa01090059016b009
         b3d141dfeaf9af9aa01273e8c2f82009b3d141dfeaf9af9aa014508935cda009b3d141d
         feaf9af9aa0162603abdf1009b3d141dfeaf9af9aa017f47473021009b3d141dfeaf9af
         9aa019bbf765883009b3d141dfeaf9af9aa01b7ca7ec24a009b3d141dfeaf9af9aa01d3
         6a0ffc97009b3d141dfeaf9af9aa01ee9fd2b7d6009b3d141dfeaf9af9aa02096d68e29
         0009b3d141dfeaf9af9aa0223d46dc5cc009b3d141dfeaf9af9aa023dd67620e8009b3d
         141dfeaf9af9aa02577510450a009b3d141dfeaf9af9aa0270b1c4300b009b3d141dfea
         f9af9aa02898e13a6f8009b3d141dfeaf9af9aa02a20b7a501d009b3d141dfeaf9af9aa
         02ba2b6dcc9e009b3d141dfeaf9af9aa02d1ef5dd1a7009b3d141dfeaf9af9aa02e958b
         4412c009b3d141dfeaf9af9aa030068d5423d009b3d141dfeaf9af9aa0317211f58f400
         9b3d141dfeaf9af9aa032d82eb7dfc009b3d141dfeaf9af9aa03438f8d35b2009b3d141
         dfeaf9af9aa03594852a6e3009b3d141dfeaf9af9aa036eae84b128009b3d141dfeaf9a
         f9aa0383c36702e2009b3d141dfeaf9af9aa039888382eda009b3d141dfeaf9af9aa03a
         cfe31c181009b3d141dfeaf9af9aa03c1268855d3009b3d141dfeaf9af9aa03d5026ba9
         ec009b3d141dfeaf9af9aa03e89306b335009b3d141dfeaf9af9aa03fbd97fb246009b3
         d141dfeaf9af9aa040ed6f8466f009b3d141dfeaf9af9aa04218c8d80ee009b3d141dfe
         af9af9aa0433fb57f7d4009b3d141dfeaf9af9aa0446246bd894009b3d141dfeaf9af9a
         a045808d8fa4c009b3d141dfeaf9af9aa0469a9aaefba009b3d141dfeaf9af9aa047b07
         e918e2009b3d141dfeaf9af9aa048c2496b471009b3d141dfeaf9af9aa049d00b2f0cd0
         09b3d141dfeaf9af9aa04ad9d38fce5009b3d141dfeaf9af9aa04bdfb2018b0009b3d14
         1dfeaf9af9aa04ce1b5ba56e009b3d141dfeaf9af9aa04ddfedb35a2009b3d141dfeaf9
         af9aa04eda68a9cc4009b3d141dfeaf9af9aa04fd1351feb3009b3d141dfeaf9af9aa05
         0c4615dee9009b3d141dfeaf9af9aa051b3fb72f69009b3d141dfeaf9af9aa052a01135
         f6e009b3d141dfeaf9af9aa05388b0469e4009b3d141dfeaf9af9aa0546de60e393009b
         3d141dfeaf9af9aa0554fbfc0925009b3d141dfeaf9af9aa0562e4a5ccd9009b3d141df
         eaf9af9aa0570992ae40c009b3d141dfeaf9af9aa057e1a54d485009b3d141dfeaf9af9
         aa058b68ea0185009b3d141dfeaf9af9aa059885adb8a2009b3d141dfeaf9af9aa05a57
         1603e6f009b3d141dfeaf9af9aa05b22cbedaea009b3d141dfeaf9af9aa05beb883e5b8
         009b3d141dfeaf9af9aa05cb1566d22a009b3d141dfeaf9af9aa05d7441c3b18009b3d1
         41dfeaf9af9aa05e34555ee7d009b3d141dfeaf9af9aa05ef19c2f8ef009b3d141dfeaf
         9af9aa05fac20fb0df009b3d141dfeaf9af9aa06063ee5c1ab009b3d141dfeaf9af9aa0
         61190ec3683009b3d141dfeaf9af9aa061cb8c7851e009b3d141dfeaf9af9aa0627b719
         9847009b3d141dfeaf9af9aa06328c81da37009b3d141dfeaf9af9aa063d399d3ec7009
         b3d141dfeaf9af9aa0647bf064d78009b3d141dfeaf9af9aa06521d552b4f009b3d141d
         feaf9af9aa065c551fa48a009b3d141dfeaf9af9aa066666f9362b009b3d141dfeaf9af
         9aa067053731757009b3d141dfeaf9af9aa067a1b1c4298009b3d141dfeaf9af9aa0683
         be817eef009b3d141dfeaf9af9aa068d3e2d68c1009b3d141dfeaf9af9aa06969aa87aa
         5009b3d141dfeaf9af9aa069fd4791608009b3d141dfeaf9af9aa06a8ec238bad009b3d
         141dfeaf9af9aa06b1e22a240a009b3d141dfeaf9af9aa06bab70d2785009b3d141dfea
         f9af9aa06c36b4ae68c009b3d141dfeaf9af9aa06cbff5fc18a009b3d141dfeaf9af9aa
         06d473c630be009b3d141dfeaf9af9aa06dcc8f6cbf0009b3d141dfeaf9af9aa06e4ff6
         85205009b3d141dfeaf9af9aa06ed178fb077009b3d141dfeaf9af9aa06f511e00aa700
         9b3d141dfeaf9af9aa06fceecac117009b3d141dfeaf9af9aa0704aebf7887009b3d141
         dfeaf9af9aa070c522c20ed009b3d141dfeaf9af9aa0713d97cfc56009b3d141dfeaf9a
         f9aa071b451ca5aa009b3d141dfeaf9af9aa072295741751009b3d141dfeaf9af9aa072
         9caeab1c2009b3d141dfeaf9af9aa0730e5e641f0009b3d141dfeaf9af9aa0737e6cb07
         9e009b3d141dfeaf9af9aa073ecdfbbba2009b3d141dfeaf9af9aa07459bd995ff009b3
         d141dfeaf9af9aa074c50c453f1009b3d141dfeaf9af9aa0752ed1a3ddb009b3d141dfe
         af9af9aa075971382d21009b3d141dfeaf9af9aa075fdd7991e2009b3d141dfeaf9af9a
         a0766323878a3009b3d141dfeaf9af9aa076c6fcd8fdf009b3d141dfeaf9af9aa077296
         902d7e009b3d141dfeaf9af9aa0778a6d65435009b3d141dfeaf9af9aa077ea0f4b8db0
         09b3d141dfeaf9af9aa0784853ec795009b3d141dfeaf9af9aa078a5406a8fe009b3d14
         1dfeaf9af9aa07900d9d4731009b3d141dfeaf9af9aa0795b25252be009b3d141dfeaf9
         af9aa079b42744792009b3d141dfeaf9af9aa07a0be5071be009b3d141dfeaf9af9aa07
         a62632f23b009b3d141dfeaf9af9aa07ab7a66c38a009b3d141dfeaf9af9aa07b0bb35b
         e4d009b3d141dfeaf9af9aa07b5e8e89dc7009b3d141dfeaf9af9aa07bb03c7044c009b
         3d141dfeaf9af9aa07c00c177f9d009b3d141dfeaf9af9aa07c5021f8d35009b3d141df
         eaf9af9aa07c9e6239e81009b3d141dfeaf9af9aa07ceb8671d0a009b3d141dfeaf9af9
         aa07d3792c6e8b009b3d141dfeaf9af9aa07d828b4f8fa009b3d141dfeaf9af9aa07dcc
         741267c009b3d141dfeaf9af9aa07e15510694a009b3d141dfeaf9af9aa07e5d2613f8d
         009b3d141dfeaf9af9aa07ea3f71371d009b3d141dfeaf9af9aa07ee9c7cf13f009b3d1
         41dfeaf9af9aa07f2e9c02649009b3d141dfeaf9af9aa07f72775a93c009b3d141dfeaf
         9af9aa07fb55d76b4e009b3d141dfeaf9af9aa07ff751e7f69009b3d141dfeaf9af9aa0
         80385831d97009b3d141dfeaf9af9aa0807873ca65f009b3d141dfeaf9af9aa080b7a81
         a61d009b3d141dfeaf9af9aa080f5f87d845009b3d141dfeaf9af9aa081336842a97009
         b3d141dfeaf9af9aa0816ffaac04e009b3d141dfeaf9af9aa081abb2ef53c009b3d141d
         feaf9af9aa081e694360db009b3d141dfeaf9af9aa08220a19d951009b3d141dfeaf9af
         9aa08259de3766a009b3d141dfeaf9af9aa082924d09483009b3d141dfeaf9af9aa082c
         9f10d76b009b3d141dfeaf9af9aa08300cd32d3b009b3d141dfeaf9af9aa08336e45d11
         7009b3d141dfeaf9af9aa0836c3964df7009b3d141dfeaf9af9aa083a0cf18152009b3d
         141dfeaf9af9aa083d4a839dcb009b3d141dfeaf9af9aa08407c782dcc009b3d141dfea
         f9af9aa0843a2fa1619009b3d141dfeaf9af9aa0846be33985c009b3d141dfeaf9af9aa
         0849ce4e559e009b3d141dfeaf9af9aa084cd37350c0009b3d141dfeaf9af9aa084fcdc
         af0e3009b3d141dfeaf9af9aa0852bd7d03cb009b3d141dfeaf9af9aa0855a2b0c03300
         9b3d141dfeaf9af9aa08587d8cc81e009b3d141dfeaf9af9aa085b4e372b18009b3d141
         dfeaf9af9aa085e14d56876009b3d141dfeaf9af9aa0860d18c7185                
WARNING  unknown deployed bytecode:                                             
         0x00009b3d141dfeaf9af9aa08638480abb5009b3d141dfeaf9af9aa08662dd5f2b9009
         b3d141dfeaf9af9aa0868cdaf9aa1009b3d141dfeaf9af9aa086b643071e9009b3d141d
         feaf9af9aa086df17ac381009b3d141dfeaf9af9aa087075b058cd009b3d141dfeaf9af
         9aa0872f0f27b9d009b3d141dfeaf9af9aa08756361f81b009b3d141dfeaf9af9aa0877
         cd1f1eb4009b3d141dfeaf9af9aa087a2e49c5fa009b3d141dfeaf9af9aa087c87014c7
         c009b3d141dfeaf9af9aa087ed7649a97009b3d141dfeaf9af9aa08811f92243e009b3d
         141dfeaf9af9aa08835fa7eac3009b3d141dfeaf9af9aa088597c37e90009b3d141dfea
         f9af9aa0887c80200da009b3d141dfeaf9af9aa0889f0802552009b3d141dfeaf9af9aa
         088c115a33ce009b3d141dfeaf9af9aa088e2aac09e7009b3d141dfeaf9af9aa08903c9
         11c95009b3d141dfeaf9af9aa0892472479c5009b3d141dfeaf9af9aa08944a80c9e400
         9b3d141dfeaf9af9aa089646c05169009b3d141dfeaf9af9aa08983bfcf255009b3d141
         dfeaf9af9aa089a2a502db2009b3d141dfeaf9af9aa089c11d32504009b3d141dfeaf9a
         f9aa089df29e9bbd009b3d141dfeaf9af9aa089fcccaf8a6009b3d141dfeaf9af9aa08a
         1a0704746009b3d141dfeaf9af9aa08a36da6393c009b3d141dfeaf9af9aa08a5348427
         9e009b3d141dfeaf9af9aa08a6f521144b009b3d141dfeaf9af9aa08a8af93ab3a009b3
         d141dfeaf9af9aa08aa63f243c8009b3d141dfeaf9af9aa08ac1252e1f5009b3d141dfe
         af9af9aa08adbacb37ad009b3d141dfeaf9af9aa08af5d70a5fc009b3d141dfeaf9af9a
         a08b0fa583e49009b3d141dfeaf9af9aa08b29196c384009b3d141dfeaf9af9aa08b423
         40ab54009b3d141dfeaf9af9aa08b5af6a1f3f009b3d141dfeaf9af9aa08b73626fdcd0
         09b3d141dfeaf9af9aa08b8b78adba9009b3d141dfeaf9af9aa08ba33a904ba009b3d14
         1dfeaf9af9aa08bbaa947d36009b3d141dfeaf9af9aa08bd1c6002bc009b3d141dfeaf9
         af9aa08be891e0d5a009b3d141dfeaf9af9aa08bff0e0d099009b3d141dfeaf9af9aa08
         c153ba3c87009b3d141dfeaf9af9aa08c2b1bbfeb0009b3d141dfeaf9af9aa08c40af78
         325009b3d141dfeaf9af9aa08c55f7df56c009b3d141dfeaf9af9aa08c6af604180009b
         3d141dfeaf9af9aa08c7faaf14b9009b3d141dfeaf9af9aa08c9417adec4009b3d141df
         eaf9af9aa08ca83d3d286009b3d141dfeaf9af9aa08cbc1c9e708009b3d141dfeaf9af9
         aa08ccfb6cd858009b3d141dfeaf9af9aa08ce30cc286a009b3d141dfeaf9af9aa08cf6
         1f71ff7009b3d141dfeaf9af9aa08d08efccf51009b3d141dfeaf9af9aa08d1b7ec0f3f
         009b3d141dfeaf9af9aa08d2dcd381cc009b3d141dfeaf9af9aa08d3fdc19318009b3d1
         41dfeaf9af9aa08d51ac47a23009b3d141dfeaf9af9aa08d633ea3998009b3d141dfeaf
         9af9aa08d74940a095009b3d141dfeaf9af9aa08d85ad54b67009b3d141dfeaf9af9aa0
         8d968b5a454009b3d141dfeaf9af9aa08da72eee44f009b3d141dfeaf9af9aa08db798e
         13bb009b3d141dfeaf9af9aa08dc7ca00b1c009b3d141dfeaf9af9aa08dd7c3173cf009
         b3d141dfeaf9af9aa08de784ec8ba009b3d141dfeaf9af9aa08df71045700009b3d141d
         feaf9af9aa08e0665e3ea8009b3d141dfeaf9af9aa08e158687349009b3d141dfeaf9af
         9aa08e2472ebcb4009b3d141dfeaf9af9aa08e332bcb798009b3d141dfeaf9af9aa08e4
         1b1dd620009b3d141dfeaf9af9aa08e5005d609a009b3d141dfeaf9af9aa08e5e286761
         0009b3d141dfeaf9af9aa08e6c1a40ce4009b3d141dfeaf9af9aa08e79dc0f36a009b3d
         141dfeaf9af9aa08e876e7d07f009b3d141dfeaf9af9aa08e94d23241b009b3d141dfea
         f9af9aa08ea207d47e4009b3d141dfeaf9af9aa08eaf1006fc0009b3d141dfeaf9af9aa
         08ebbeb6aa5e009b3d141dfeaf9af9aa08ec89a9e1c8009b3d141dfeaf9af9aa08ed51e
         3dbe6009b3d141dfeaf9af9aa08ee176e3b0a009b3d141dfeaf9af9aa08eeda527e7200
         9b3d141dfeaf9af9aa08ef9a9a02d0009b3d141dfeaf9af9aa08f0584e02c5009b3d141
         dfeaf9af9aa08f113779765009b3d141dfeaf9af9aa08f1cc1fb8b4009b3d141dfeaf9a
         f9aa08f2824f3e20009b3d141dfeaf9af9aa08f3360edefc009b3d141dfeaf9af9aa08f
         3e76732f8009b3d141dfeaf9af9aa08f49660b296009b3d141dfeaf9af9aa08f54303b7
         9f009b3d141dfeaf9af9aa08f5ed587d96009b3d141dfeaf9af9aa08f695672228009b3
         d141dfeaf9af9aa08f73b37a59e009b3d141dfeaf9af9aa08f7ded1eb46009b3d141dfe
         af9af9aa08f8803db9e2009b3d141dfeaf9af9aa08f91f82bc11009b3d141dfeaf9af9a
         a08f9bca880ba009b3d141dfeaf9af9aa08fa57b67b6f009b3d141dfeaf9af9aa08faf0
         b404d7009b3d141dfeaf9af9aa08fb87a85b0f009b3d141dfeaf9af9aa08fc1c9aa20d0
         09b3d141dfeaf9af9aa08fcaf91e404009b3d141dfeaf9af9aa08fd409511c0009b3d14
         1dfeaf9af9aa08fdcfab0305009b3d141dfeaf9af9aa08fe5cda76ed009b3d141dfeaf9
         af9aa08fee82a1444009b3d141dfeaf9af9aa08ff71a069e0009b3d141dfeaf9af9aa08
         fff943eefb009b3d141dfeaf9af9aa09007f1b038b009b3d141dfeaf9af9aa0901032bf
         095009b3d141dfeaf9af9aa0901857ce887009b3d141dfeaf9af9aa090206140787009b
         3d141dfeaf9af9aa090284f753c9009b3d141dfeaf9af9aa0903022cbddb009b3d141df
         eaf9af9aa09037dba20fc009b3d141dfeaf9af9aa0903f7a54364009b3d141dfeaf9af9
         aa09046ff3d695009b3d141dfeaf9af9aa0904e6ab77a9009b3d141dfeaf9af9aa09055
         bd1af9a009b3d141dfeaf9af9aa0905cf6bf38b009b3d141dfeaf9af9aa0906417fa516
         009b3d141dfeaf9af9aa0906b2121292009b3d141dfeaf9af9aa090721287757009b3d1
         41dfeaf9af9aa09078ec7fc08009b3d141dfeaf9af9aa0907faf5b6d5009b3d141dfeaf
         9af9aa090865b6abc1009b3d141dfeaf9af9aa0908cf0fcce2009b3d141dfeaf9af9aa0
         9093705faa7009b3d141dfeaf9af9aa09099d9e0414009b3d141dfeaf9af9aa090a02dc
         a705009b3d141dfeaf9af9aa090a66c6906e009b3d141dfeaf9af9aa090ac9605c95009
         b3d141dfeaf9af9aa090b2aae9753009b3d141dfeaf9af9aa090b8ab5bc4f009b3d141d
         feaf9af9aa090be97a3736009b3d141dfeaf9af9aa090c470063fc009b3d141dfeaf9af
         9aa090ca34c8f12009b3d141dfeaf9af9aa090cfe62f59b009b3d141dfeaf9af9aa090d
         5847c5ad009b3d141dfeaf9af9aa090db0ff1e80009b3d141dfeaf9af9aa090e088d10a
         7009b3d141dfeaf9af9aa090e5ef59e46009b3d141dfeaf9af9aa090eb43cbb48009b3d
         141dfeaf9af9aa090f08664d8f009b3d141dfeaf9af9aa090f5b762d2b009b3d141dfea
         f9af9aa090fad70248c009b3d141dfeaf9af9aa090ffe57f0af009b3d141dfeaf9af9aa
         09104e314157009b3d141dfeaf9af9aa09109cffb935009b3d141dfeaf9af9aa0910eac
         6ee1f009b3d141dfeaf9af9aa0911378a6939009b3d141dfeaf9af9aa0911834da72600
         9b3d141dfeaf9af9aa0911ce141834009b3d141dfeaf9af9aa091217e1208c009b3d141
         dfeaf9af9aa091260b81859009b3d141dfeaf9af9aa0912a89c4bf9009b3d141dfeaf9a
         f9aa0912ef90fc25009b3d141dfeaf9af9aa091335995e19009b3d141dfeaf9af9aa091
         37ab89bc4009b3d141dfeaf9af9aa0913bef1d3ea009b3d141dfeaf9af9aa091402481a
         52009b3d141dfeaf9af9aa091444be77eb009b3d141dfeaf9af9aa09148657eaf2009b3
         d141dfeaf9af9aa0914c717671e009b3d141dfeaf9af9aa091506ffd5c0009b3d141dfe
         af9af9aa0915461415ec009b3d141dfeaf9af9aa09158456fc9e009b3d141dfeaf9af9a
         a0915c1cb54dd009b3d141dfeaf9af9aa0915fe73dfe1009b3d141dfeaf9af9aa09163a
         535533009b3d141dfeaf9af9aa0916756c62d4009b3d141dfeaf9af9aa0916afc1ad5d0
         09b3d141dfeaf9af9aa0916e955d022009b3d141dfeaf9af9aa0917222b5d54009b3d14
         1dfeaf9af9aa09175a44de1e009b3d141dfeaf9af9aa091791a4d2cb009b3d141dfeaf9
         af9aa0917c84db2e2009b3d141dfeaf9af9aa0917fe41ed48009b3d141dfeaf9af9aa09
         183383e85e009b3d141dfeaf9af9aa09186816021f009b3d141dfeaf9af9aa09189bfa9
         03f009b3d141dfeaf9af9aa0918cf33e049009b3d141dfeaf9af9aa091901c437bd009b
         3d141dfeaf9af9aa091933add42a009b3d141dfeaf9af9aa091964f2eb4e009b3d141df
         eaf9af9aa09199595ab2f009b3d141dfeaf9af9aa0919c5983a3a009b3d141dfeaf9af9
         aa0919f4fcb75b009b3d141dfeaf9af9aa091a23c53a19009b3d141dfeaf9af9aa091a5
         1f3d2b2009b3d141dfeaf9af9aa091a7f8a8a35009b3d141dfeaf9af9aa091aac8b6297
         009b3d141dfeaf9af9aa091ad8f856d4009b3d141dfeaf9af9aa091b04d35b02009b3d1
         41dfeaf9af9aa091b301e5c6c009b3d141dfeaf9af9aa091b5adb41aa009b3d141dfeaf
         9af9aa091b850beab9009b3d141dfeaf9af9aa091baeb23113009b3d141dfeaf9af9aa0
         91bd7cfe7c6009b3d141dfeaf9af9aa091c0066db89009b3d141dfeaf9af9aa091c2878
         d2d6009b3d141dfeaf9af9aa091c50078dfe009b3d141dfeaf9af9aa091c7714c740009
         b3d141dfeaf9af9aa091c9da232de009b3d141dfeaf9af9aa091cc3b17f33009b3d141d
         feaf9af9aa091ce94454c6009b3d141dfeaf9af9aa091d0e5c5663009b3d141dfeaf9af
         9aa091d32fb212a009b3d141dfeaf9af9aa091d57224ca8009b3d141dfeaf9af9aa091d
         7ad36ae7009b3d141dfeaf9af9aa091d9e100884009b3d141dfeaf9af9aa091dc0d9acc
         3009b3d141dfeaf9af9aa091de331d99e009b3d141dfeaf9af9aa091e051a0bdd009b3d
         141dfeaf9af9aa091e2693bb23009b3d141dfeaf9af9aa091e47a05a06009b3d141dfea
         f9af9aa091e6841561d009b3d141dfeaf9af9aa091e88781810009b3d141dfeaf9af9aa
         091ea84603b1009b3d141dfeaf9af9aa091ec7ac7805009b3d141dfeaf9af9aa091ee6a
         ccf58009b3d141dfeaf9af9aa091f05485f50009b3d141dfeaf9af9aa091f238078fb00
         9b3d141dfeaf9af9aa091f415668df009b3d141dfeaf9af9aa091f5ecb770b009b3d141
         dfeaf9af9aa091f7be0e727009b3d141dfeaf9af9aa091f9897f882009b3d141dfeaf9a
         f9aa091fb4f1e623009b3d141dfeaf9af9aa091fd0efe6d8009b3d141dfeaf9af9aa091
         fec932d44009b3d141dfeaf9af9aa092007dce7ef009b3d141dfeaf9af9aa092022ce41
         51009b3d141dfeaf9af9aa09203d685fe7009b3d141dfeaf9af9aa092057ac6639009b3
         d141dfeaf9af9aa0920719b72ef009b3d141dfeaf9af9aa09208b36a0d9009b3d141dfe
         af9af9aa0920a47f0701009b3d141dfeaf9af9aa0920bd75b8b5009b3d141dfeaf9af9a
         a0920d61bc597009b3d141dfeaf9af9aa0920ee7239a7009b3d141dfeaf9af9aa092106
         7a1d52009b3d141dfeaf9af9aa09211e34757c009b3d141dfeaf9af9aa092135a243920
         09b3d141dfeaf9af9aa09214cc4858d009b3d141dfeaf9af9aa0921639c3608009b3d14
         1dfeaf9af9aa09217a2a4c44009b3d141dfeaf9af9aa0921906fbc3a009b3d141dfeaf9
         af9aa0921a66d76a0009b3d141dfeaf9af9aa0921bc2468fb009b3d141dfeaf9af9aa09
         21d1957da5009b3d141dfeaf9af9aa0921e6c19bdb009b3d141dfeaf9af9aa0921fba9a
         7c7009b3d141dfeaf9af9aa0922104e828b009b3d141dfeaf9af9aa092224b10a4a009b
         3d141dfeaf9af9aa092238d21a36009b3d141dfeaf9af9aa09224cb28a97009b3d141df
         eaf9af9aa0922605330d6009b3d141dfeaf9af9aa092273b4df88009b3d141dfeaf9af9
         aa092286d86677009b3d141dfeaf9af9aa092299be92ac009b3d141dfeaf9af9aa0922a
         c682e78009b3d141dfeaf9af9aa0922bed6017f009b3d141dfeaf9af9aa0922d108d0c0
         009b3d141dfeaf9af9aa0922e3015e9f009b3d141dfeaf9af9aa0922f4c06aec009b3d1
         41dfeaf9af9aa09230646b2f0009b3d141dfeaf9af9aa09231794f170009b3d141dfeaf
         9af9aa092328abdebe009b3d141dfeaf9af9aa0923398c30b9009b3d141dfeaf9af9aa0
         9234a369ada009b3d141dfeaf9af9aa09235aabce3b009b3d141dfeaf9af9aa09236aec
         79a2009b3d141dfeaf9af9aa09237af94985009b3d141dfeaf9af9aa09238ad2e813009
         b3d141dfeaf9af9aa09239a79fd40009b3d141dfeaf9af9aa0923a9ef2ec6009b3d141d
         feaf9af9aa0923b9332032009b3d141dfeaf9af9aa0923c84672ea009b3d141dfeaf9af
         9aa0923d729c634009b3d141dfeaf9af9aa0923e5ddb73c009b3d141dfeaf9af9aa0923
         f462e11f009b3d141dfeaf9af9aa092402b9dcee009b3d141dfeaf9af9aa092410e341b
         a009b3d141dfeaf9af9aa09241edfa495009b3d141dfeaf9af9aa09242caf989d009b3d
         141dfeaf9af9aa09243a53af01009b3d141dfeaf9af9aa092447cc770b009b3d141dfea
         f9af9aa0924551a7e1f009b3d141dfeaf9af9aa0924623e4fcb009b3d141dfeaf9af9aa
         09246f3875c6009b3d141dfeaf9af9aa09247c0977fa009b3d141dfeaf9af9aa092488b
         1dc89009b3d141dfeaf9af9aa0924953227d4009b3d141dfeaf9af9aa0924a18adc8000
         9b3d141dfeaf9af9aa0924adbc7b7c009b3d141dfeaf9af9aa0924b9c78407009b3d141
         dfeaf9af9aa0924c5ac73b8009b3d141dfeaf9af9aa0924d16bc67f009b3d141dfeaf9a
         f9aa0924dd05f6b2009b3d141dfeaf9af9aa0924e87b7d08009b3d141dfeaf9af9aa092
         4f3ccd0a9009b3d141dfeaf9af9aa0924fefa672e009b3d141dfeaf9af9aa09250a04b4
         a6009b3d141dfeaf9af9aa092514ec2b9e009b3d141dfeaf9af9aa09251fb13d24009b3
         d141dfeaf9af9aa09252a5458cd009b3d141dfeaf9af9aa092534d5ecb9009b3d141dfe
         af9af9aa09253f36659a009b3d141dfeaf9af9aa092549762eb9009b3d141dfeaf9af9a
         a09255395b1f6009b3d141dfeaf9af9aa09255d9557d4009b3d141dfeaf9af9aa092567
         758778009b3d141dfeaf9af9aa09257136a6b2009b3d141dfeaf9af9aa09257ad919fb0
         09b3d141dfeaf9af9aa0925845d4483009b3d141dfeaf9af9aa09258dc3882e009b3d14
         1dfeaf9af9aa0925970c459a009b3d141dfeaf9af9aa0925a037dc24009b3d141dfeaf9
         af9aa0925a946a9ef009b3d141dfeaf9af9aa0925b2390be3009b3d141dfeaf9af9aa09
         25bb0f5db5009b3d141dfeaf9af9aa0925c3c9f9e9009b3d141dfeaf9af9aa0925cc693
         9d7009b3d141dfeaf9af9aa0925d4ed75af009b3d141dfeaf9af9aa0925dd57047e009b
         3d141dfeaf9af9aa0925e5a63c2f009b3d141dfeaf9af9aa0925eddb7191009b3d141df
         eaf9af9aa0925f5f6f85b009b3d141dfeaf9af9aa0925fdf9232f009b3d141dfeaf9af9
         aa092605e2439c009b3d141dfeaf9af9aa09260db2aa26009b3d141dfeaf9af9aa09261
         56aa644009b3d141dfeaf9af9aa09261d0a866a009b3d141dfeaf9af9aa092624929806
         009b3d141dfeaf9af9aa09262c032788009b3d141dfeaf9af9aa0926335c8062009b3d1
         41dfeaf9af9aa09263a9eed0e009b3d141dfeaf9af9aa092641cab713009b3d141dfeaf
         9af9aa092648e02701009b3d141dfeaf9af9aa09264fdf847c009b3d141dfeaf9af9aa0
         92656c9163b009b3d141dfeaf9af9aa09265d9d220d009b3d141dfeaf9af9aa0926645b
         ecd9009b3d141dfeaf9af9aa09266b05baa6009b3d141dfeaf9af9aa0926719ace9a009
         b3d141dfeaf9af9aa0926781b6afe009b3d141dfeaf9af9aa09267e87d140009b3d141d
         feaf9af9aa092684e041fb009b3d141dfeaf9af9aa09268b24fcf0009b3d141dfeaf9af
         9aa092691564114009b3d141dfeaf9af9aa092697744c8b009b3d141dfeaf9af9aa0926
         9d7f5cac009b3d141dfeaf9af9aa0926a377ae07009b3d141dfeaf9af9aa0926a95d7c6
         4009b3d141dfeaf9af9aa0926af3102c7009b3d141dfeaf9af9aa0926b4f27b75009b3d
         141dfeaf9af9aa0926baa21ff0009b3d141dfeaf9af9aa0926c0402901009b3d141dfea
         f9af9aa0926c5ccceb6009b3d141dfeaf9af9aa0926cb484865009b3d141dfeaf9af9aa
         0926d0b2ccb1009b3d141dfeaf9af9aa0926d60c9189009b3d141dfeaf9af9aa0926db5
         5cc2a009b3d141dfeaf9af9aa0926e08eb127009b3d141dfeaf9af9aa0926e5b7746400
         9b3d141dfeaf9af9aa0926ead0491c009b3d141dfeaf9af9aa0926efd961e5009b3d141
         dfeaf9af9aa0926f4d2f0ad009b3d141dfeaf9af9aa0926f9bd26c2009b3d141dfeaf9a
         f9aa0926fe9834cf009b3d141dfeaf9af9aa092703644ae1009b3d141dfeaf9af9aa092
         708219869009b3d141dfeaf9af9aa09270cd04c3c009b3d141dfeaf9af9aa0927117094
         9a009b3d141dfeaf9af9aa092716029f28009b3d141dfeaf9af9aa09271a8698fa009b3
         d141dfeaf9af9aa09271efcae8f009b3d141dfeaf9af9aa092723650bd7009b3d141dfe
         af9af9aa092727bfdc32009b3d141dfeaf9af9aa09272c0d4a74009b3d141dfeaf9af9a
         a0927304d80e5009b3d141dfeaf9af9aa09273480a945009b3d141dfeaf9af9aa092738
         a6eccb009b3d141dfeaf9af9aa09273cc0742a009b3d141dfeaf9af9aa092740cd678e0
         09b3d141dfeaf9af9aa092744cdeea5009b3d141dfeaf9af9aa092748c23099009b3d14
         1dfeaf9af9aa09274caa5416009b3d141dfeaf9af9aa092750867f4c009b3d141dfeaf9
         af9aa09275456d7ee009b3d141dfeaf9af9aa0927581b8335009b3d141dfeaf9af9aa09
         275bd4a5e2009b3d141dfeaf9af9aa09275f82643f009b3d141dfeaf9af9aa09276324e
         221009b3d141dfeaf9af9aa092766bc42e9009b3d141dfeaf9af9aa09276a48a985009b
         3d141dfeaf9af9aa09276dca3873009b3d141dfeaf9af9aa0927714111c2009b3d141df
         eaf9af9aa092774ad5713009b3d141dfeaf9af9aa0927780f2998009b3d141dfeaf9af9
         aa09277b66aa1b009b3d141dfeaf9af9aa09277eb3f8fc009b3d141dfeaf9af9aa09278
         1f73631009b3d141dfeaf9af9aa09278530814a009b3d141dfeaf9af9aa0927885ff971
         009b3d141dfeaf9af9aa09278b85bd6d009b3d141dfeaf9af9aa09278ea1eb9f009b3d1
         41dfeaf9af9aa092791b4a20a009b3d141dfeaf9af9aa092794bdfe4d009b3d141dfeaf
         9af9aa092797be1daa009b3d141dfeaf9af9aa09279ab51d04009b3d141dfeaf9af9aa0
         9279da318e3009b3d141dfeaf9af9aa0927a0882d6f009b3d141dfeaf9af9aa0927a364
         767b009b3d141dfeaf9af9aa0927a6380f7d009b3d141dfeaf9af9aa0927a9031393009
         b3d141dfeaf9af9aa0927abc59d87009b3d141dfeaf9af9aa0927ae7fc7ca009b3d141d
         feaf9af9aa0927b131ac79009b3d141dfeaf9af9aa0927b3db655f009b3d141dfeaf9af
         9aa0927b67d0bf2009b3d141dfeaf9af9aa0927b916b958009b3d141dfeaf9af9aa0927
         bba88665009b3d141dfeaf9af9aa0927be328ba0009b3d141dfeaf9af9aa0927c0b4e14
         0009b3d141dfeaf9af9aa0927c32f9f2e009b3d141dfeaf9af9aa0927c5a2dd07009b3d
         141dfeaf9af9aa0927c80eb21e009b3d141dfeaf9af9aa0927ca733579009b3d141dfea
         f9af9aa0927ccd07dd7009b3d141dfeaf9af9aa0927cf26a1ad009b3d141dfeaf9af9aa
         0927d175b727009b3d141dfeaf9af9aa0927d3bdd42e009b3d141dfeaf9af9aa0927d5f
         f0e61009b3d141dfeaf9af9aa0927d8397b1e009b3d141dfeaf9af9aa0927da6d2f7b00
         9b3d141dfeaf9af9aa0927dc9a404d009b3d141dfeaf9af9aa0927dec0c228009b3d141
         dfeaf9af9aa0927e0e0c95b009b3d141dfeaf9af9aa0927e2fa69f7009b3d141dfeaf9a
         f9aa0927e50db7cc009b3d141dfeaf9af9aa0927e71ac66c009b3d141dfeaf9af9aa092
         7e921a92a009b3d141dfeaf9af9aa0927eb22731b009b3d141dfeaf9af9aa0927ed1d37
         1a009b3d141dfeaf9af9aa0927ef1207c2009b3d141dfeaf9af9aa0927f100f777009b3
         d141dfeaf9af9aa0927f2ea1860009b3d141dfeaf9af9aa0927f4cd7c6a009b3d141dfe
         af9af9aa0927f6ab354d009b3d141dfeaf9af9aa0927f8835484009b3d141dfeaf9af9a
         a0927fa55eb56009b3d141dfeaf9af9aa0927fc230ad1009b3d141dfeaf9af9aa0927fd
         eac3cf009b3d141dfeaf9af9aa0927ffad26f3009b3d141dfeaf9af9aa0928016a44ad0
         09b3d141dfeaf9af9aa092803222d36009b3d141dfeaf9af9aa092804d4f098009b3d14
         1dfeaf9af9aa092806829ea6009b3d141dfeaf9af9aa0928082b4704009b3d141dfeaf9
         af9aa092809cef924009b3d141dfeaf9af9aa09280b6dc445009b3d141dfeaf9af9aa09
         280d07b779009b3d141dfeaf9af9aa09280e9ce1a0009b3d141dfeaf9af9aa0928102d5
         16d009b3d141dfeaf9af9aa092811b91564009b3d141dfeaf9af9aa092813403bd9009b
         3d141dfeaf9af9aa092814c2d2f7009b3d141dfeaf9af9aa09281640e8b8009b3d141df
         eaf9af9aa092817ba8aee009b3d141dfeaf9af9aa0928192fc73c009b3d141dfeaf9af9
         aa09281aa0ab1d009b3d141dfeaf9af9aa09281c0d43df009b3d141dfeaf9af9aa09281
         d759ea8009b3d141dfeaf9af9aa09281ed9c873009b3d141dfeaf9af9aa09282039ce14
         009b3d141dfeaf9af9aa09282195bc36009b3d141dfeaf9af9aa092822ed9f5b009b3d1
         41dfeaf9af9aa0928244183e0009b3d141dfeaf9af9aa0928259175f9009b3d141dfeaf
         9af9aa092826dd81b5009b3d141dfeaf9af9aa09282825b2fd009b3d141dfeaf9af9aa0
         928296a1594009b3d141dfeaf9af9aa09282aaab519009b3d141dfeaf9af9aa09282be7
         9d05009b3d141dfeaf9af9aa09282d20d8af009b3d141dfeaf9af9aa09282e56734a009
         b3d141dfeaf9af9aa09282f8877e5009b3d141dfeaf9af9aa092830b6f16d009b3d141d
         feaf9af9aa092831e1eaad009b3d141dfeaf9af9aa092833096e4d009b3d141dfeaf9af
         9aa0928342d86d6009b3d141dfeaf9af9aa0928354e3eae009b3d141dfeaf9af9aa0928
         366ba01c009b3d141dfeaf9af9aa09283785b545009b3d141dfeaf9af9aa0928389c883
         0009b3d141dfeaf9af9aa092839b022c4009b3d141dfeaf9af9aa09283ac08ec9009b3d
         141dfeaf9af9aa09283bcdd5e9009b3d141dfeaf9af9aa09283cd801af009b3d141dfea
         f9af9aa09283ddf1b8a009b3d141dfeaf9af9aa09283ee32cc9009b3d141dfeaf9af9aa
         09283fe43ea0009b3d141dfeaf9af9aa092840e25a26009b3d141dfeaf9af9aa092841d
         d8855009b3d141dfeaf9af9aa092842d5d20c009b3d141dfeaf9af9aa092843cb400d00
         9b3d141dfeaf9af9aa092844bddaff009b3d141dfeaf9af9aa092845adab71009b3d141
         dfeaf9af9aa0928469ab9d4009b3d141dfeaf9af9aa092847850e7f009b3d141dfeaf9a
         f9aa0928486cb1b0009b3d141dfeaf9af9aa09284951ab8d009b3d141dfeaf9af9aa092
         84a34041f009b3d141dfeaf9af9aa09284b13c35a009b3d141dfeaf9af9aa09284bf0f1
         16009b3d141dfeaf9af9aa09284ccb9514009b3d141dfeaf9af9aa09284da3b6fe009b3
         d141dfeaf9af9aa09284e795e66009b3d141dfeaf9af9aa09284f4c92c3009b3d141dfe
         af9af9aa0928501d5b7b009b3d141dfeaf9af9aa092850ebbfd7009b3d141dfeaf9af9a
         a092851b7c70e009b3d141dfeaf9af9aa09285281783f009b3d141dfeaf9af9aa092853
         48da72009b3d141dfeaf9af9aa0928540df49a009b3d141dfeaf9af9aa092854d0cd950
         09b3d141dfeaf9af9aa092855916c2c009b3d141dfeaf9af9aa0928564fd712009b3d14
         1dfeaf9af9aa0928570c14e5009b3d141dfeaf9af9aa092857c62c31009b3d141dfeaf9
         af9aa0928587e236b009b3d141dfeaf9af9aa0928593400f6009b3d141dfeaf9af9aa09
         2859e7cb1f009b3d141dfeaf9af9aa09285a998823009b3d141dfeaf9af9aa09285b493
         e28009b3d141dfeaf9af9aa09285bf6f344009b3d141dfeaf9af9aa09285ca2ad79009b
         3d141dfeaf9af9aa09285d4c72b7009b3d141dfeaf9af9aa09285df448db009b3d141df
         eaf9af9aa09285e9a35b0009b3d141dfeaf9af9aa09285f3e3ef0009b3d141dfeaf9af9
         aa09285fe06a42009b3d141dfeaf9af9aa09286080bd3e009b3d141dfeaf9af9aa09286
         11f3d68009b3d141dfeaf9af9aa092861bbf036009b3d141dfeaf9af9aa09286256db09
         009b3d141dfeaf9af9aa092862f00336009b3d141dfeaf9af9aa092863876e00009b3d1
         41dfeaf9af9aa0928641d2098009b3d141dfeaf9af9aa092864b12022009b3d141dfeaf
         9af9aa0928654371b0009b3d141dfeaf9af9aa092865d41a46009b3d141dfeaf9af9aa0
         92866631ed7009b3d141dfeaf9af9aa092866f08448009b3d141dfeaf9af9aa0928677c
         4f70009b3d141dfeaf9af9aa092868068515009b3d141dfeaf9af9aa0928688f29f0009
         b3d141dfeaf9af9aa0928691642aa009b3d141dfeaf9af9aa0928699bd3df009b3d141d
         feaf9af9aa09286a1fe21d009b3d141dfeaf9af9aa09286aa271e3009b3d141dfeaf9af
         9aa09286b2387a3009b3d141dfeaf9af9aa09286ba327c2009b3d141dfeaf9af9aa0928
         6c215696009b3d141dfeaf9af9aa09286c9e1869009b3d141dfeaf9af9aa09286d19717
         8009b3d141dfeaf9af9aa09286d9365f2009b3d141dfeaf9af9aa09286e0bf9fb009b3d
         141dfeaf9af9aa09286e8331a7009b3d141dfeaf9af9aa09286ef91102009b3d141dfea
         f9af9aa09286f6d9c09009b3d141dfeaf9af9aa09286fe0d6ad009b3d141dfeaf9af9aa
         09287052c4d3009b3d141dfeaf9af9aa092870c36a56009b3d141dfeaf9af9aa0928713
         2cb01009b3d141dfeaf9af9aa092871a0ea99009b3d141dfeaf9af9aa0928720dccd300
         9b3d141dfeaf9af9aa09287279755c009b3d141dfeaf9af9aa092872e3e7d3009b3d141
         dfeaf9af9aa0928734d27cd009b3d141dfeaf9af9aa092873b538d5009b3d141dfeaf9a
         f9aa0928741c1e6c009b3d141dfeaf9af9aa09287481dc05009b3d141dfeaf9af9aa092
         874e6750b009b3d141dfeaf9af9aa09287549ecdf009b3d141dfeaf9af9aa092875ac46
         d6009b3d141dfeaf9af9aa0928760d863d009b3d141dfeaf9af9aa0928766dae54009b3
         d141dfeaf9af9aa092876ccc255009b3d141dfeaf9af9aa0928772ac56d009b3d141dfe
         af9af9aa09287787bac1009b3d141dfeaf9af9aa092877e3a56c009b3d141dfeaf9af9a
         a0928783e887f009b3d141dfeaf9af9aa092878986704009b3d141dfeaf9af9aa092878
         f143f9009b3d141dfeaf9af9aa092879492254009b3d141dfeaf9af9aa092879a005030
         09b3d141dfeaf9af9aa092879f5eeea009b3d141dfeaf9af9aa09287a4ae2e4009b3d14
         1dfeaf9af9aa09287a9ee3c5009b3d141dfeaf9af9aa09287af1f458009b3d141dfeaf9
         af9aa09287b44175d009b3d141dfeaf9af9aa09287b954f90009b3d141dfeaf9af9aa09
         287be59fa1009b3d141dfeaf9af9aa09287c350a39009b3d141dfeaf9af9aa09287c839
         1fb009b3d141dfeaf9af9aa09287cd13980009b3d141dfeaf9af9aa09287d1e0359009b
         3d141dfeaf9af9aa09287d69f210009b3d141dfeaf9af9aa09287db50828009b3d141df
         eaf9af9aa09287dff481a009b3d141dfeaf9af9aa09287e48b45c009b3d141dfeaf9af9
         aa09287e914f57009b3d141dfeaf9af9aa09287ed91b71009b3d141dfeaf9af9aa09287
         f201b08009b3d141dfeaf9af9aa09287f665071009b3d141dfeaf9af9aa09287fabbdfc
         009b3d141dfeaf9af9aa09287ff065f1009b3d141dfeaf9af9aa092880344a91009b3d1
         41dfeaf9af9aa092880776e19009b3d141dfeaf9af9aa092880b9d2ba009b3d141dfeaf
         9af9aa092880fb7aa4009b3d141dfeaf9af9aa0928813c67fc009b3d141dfeaf9af9aa0
         928817c9ce3009b3d141dfeaf9af9aa092881bc1b74009b3d141dfeaf9af9aa092881fa
         e5c2009b3d141dfeaf9af9aa09288238fdda009b3d141dfeaf9af9aa0928827665c5009
         b3d141dfeaf9af9aa092882b31f83009b3d141dfeaf9af9aa092882ef2d0f009b3d141d
         feaf9af9aa0928832a9060009b3d141dfeaf9af9aa092883654b65009b3d141dfeaf9af
         9aa0928839f6007009b3d141dfeaf9af9aa092883d8d02b009b3d141dfeaf9af9aa0928
         84119daf009b3d141dfeaf9af9aa09288449ca6c009b3d141dfeaf9af9aa09288481583
         6009b3d141dfeaf9af9aa092884b848d9009b3d141dfeaf9af9aa092884ee9e1f009b3d
         141dfeaf9af9aa0928852459ca009b3d141dfeaf9af9aa092885597d9a009b3d141dfea
         f9af9aa0928858e0b46009b3d141dfeaf9af9aa092885c20482009b3d141dfeaf9af9aa
         092885f56afc009b3d141dfeaf9af9aa09288628405f009b3d141dfeaf9af9aa0928865
         a864f009b3d141dfeaf9af9aa0928868c3e6a009b3d141dfeaf9af9aa092886bd6a4e00
         9b3d141dfeaf9af9aa092886ee0b8e009b3d141dfeaf9af9aa0928871e23be009b3d141
         dfeaf9af9aa0928874db469009b3d141dfeaf9af9aa0928877cbf17009b3d141dfeaf9a
         f9aa092887ab454d009b3d141dfeaf9af9aa092887d94889009b3d141dfeaf9af9aa092
         88806ca45009b3d141dfeaf9af9aa09288833cbf9009b3d141dfeaf9af9aa092888604f
         16009b3d141dfeaf9af9aa0928888c550a009b3d141dfeaf9af9aa092888b7df3d009b3
         d141dfeaf9af9aa092888e2ef16009b3d141dfeaf9af9aa0928890d85f5009b3d141dfe
         af9af9aa09288937a537009b3d141dfeaf9af9aa092889614e36009b3d141dfeaf9af9a
         a0928898a8245009b3d141dfeaf9af9aa092889b342b7009b3d141dfeaf9af9aa092889
         db90d8009b3d141dfeaf9af9aa09288a036df2009b3d141dfeaf9af9aa09288a2adb4a0
         09b3d141dfeaf9af9aa09288a51da21009b3d141dfeaf9af9aa09288a786bb6009b3d14
         1dfeaf9af9aa09288a9e9143009b3d141dfeaf9af9aa09288ac44c00009b3d141dfeaf9
         af9aa09288ae99d1d009b3d141dfeaf9af9aa09288b0e85cd009b3d141dfeaf9af9aa09
         288b33073a009b3d141dfeaf9af9aa09288b57228d009b3d141dfeaf9af9aa09288b7ad
         8eb009b3d141dfeaf9af9aa09288b9e2b77009b3d141dfeaf9af9aa09288bc11b4e009b
         3d141dfeaf9af9aa09288be3a98d009b3d141dfeaf9af9aa09288c05d74a009b3d141df
         eaf9af9aa09288c27a59b009b3d141dfeaf9af9aa09288c491591009b3d141dfeaf9af9
         aa09288c6a283a009b3d141dfeaf9af9aa09288c8adea2009b3d141dfeaf9af9aa09288
         cab39d1009b3d141dfeaf9af9aa09288ccb3acd009b3d141dfeaf9af9aa09288ceae296
         009b3d141dfeaf9af9aa09288d0a322e009b3d141dfeaf9af9aa09288d292a8f009b3d1
         41dfeaf9af9aa09288d47ccb4009b3d141dfeaf9af9aa09288d661992009b3d141dfeaf
         9af9aa09288d84121e009b3d141dfeaf9af9aa09288da1b749009b3d141dfeaf9af9aa0
         9288dbf0a00009b3d141dfeaf9af9aa09288ddc0b2f009b3d141dfeaf9af9aa09288df8
         bbbf009b3d141dfeaf9af9aa09288e151c96009b3d141dfeaf9af9aa09288e312e98009
         b3d141dfeaf9af9aa09288e4cf2a4009b3d141dfeaf9af9aa09288e68699b009b3d141d
         feaf9af9aa09288e839456009b3d141dfeaf9af9aa09288e9e73b0009b3d141dfeaf9af
         9aa09288eb9087f009b3d141dfeaf9af9aa09288ed35397009b3d141dfeaf9af9aa0928
         8eed55cb009b3d141dfeaf9af9aa09288f070fea009b3d141dfeaf9af9aa09288f2082c
         0009b3d141dfeaf9af9aa09288f39af1a009b3d141dfeaf9af9aa09288f5295be009b3d
         141dfeaf9af9aa09288f6b3774009b3d141dfeaf9af9aa09288f8394fe009b3d141dfea
         f9af9aa09288f9baf20009b3d141dfeaf9af9aa09288fb38698009b3d141dfeaf9af9aa
         09288fcb1c24009b3d141dfeaf9af9aa09288fe2707e009b3d141dfeaf9af9aa09288ff
         98461009b3d141dfeaf9af9aa092890105882009b3d141dfeaf9af9aa09289026ed9600
         9b3d141dfeaf9af9aa0928903d4451009b3d141dfeaf9af9aa092890535d62009b3d141
         dfeaf9af9aa09289069397a009b3d141dfeaf9af9aa0928907ed943009b3d141dfeaf9a
         f9aa092890943d6a009b3d141dfeaf9af9aa092890a96697009b3d141dfeaf9af9aa092
         890be5572009b3d141dfeaf9af9aa092890d30a9e009b3d141dfeaf9af9aa092890e786
         bf009b3d141dfeaf9af9aa092890fbca77009b3d141dfeaf9af9aa0928910fd664009b3
         d141dfeaf9af9aa09289123ab26009b3d141dfeaf9af9aa092891374956009b3d141dfe
         af9af9aa0928914ab191009b3d141dfeaf9af9aa0928915de46d009b3d141dfeaf9af9a
         a09289170e283009b3d141dfeaf9af9aa09289183ac65009b3d141dfeaf9af9aa092891
         9642a9009b3d141dfeaf9af9aa092891a8a5df009b3d141dfeaf9af9aa092891bad6970
         09b3d141dfeaf9af9aa092891ccd561009b3d141dfeaf9af9aa092891dea2c7009b3d14
         1dfeaf9af9aa092891f03f56009b3d141dfeaf9af9aa09289201ab98009b3d141dfeaf9
         af9aa09289212e813009b3d141dfeaf9af9aa09289223f54f009b3d141dfeaf9af9aa09
         289234d3d1009b3d141dfeaf9af9aa09289245841b009b3d141dfeaf9af9aa092892560
         6b1009b3d141dfeaf9af9aa092892665c12009b3d141dfeaf9af9aa0928927684bd009b
         3d141dfeaf9af9aa092892868131009b3d141dfeaf9af9aa0928929651e8009b3d141df
         eaf9af9aa092892a5f75f009b3d141dfeaf9af9aa092892b5720f009b3d141dfeaf9af9
         aa092892c4c26f009b3d141dfeaf9af9aa092892d3e8f7009b3d141dfeaf9af9aa09289
         2e2e61b009b3d141dfeaf9af9aa092892f1ba50009b3d141dfeaf9af9aa092893006608
         009b3d141dfeaf9af9aa0928930ee9b6009b3d141dfeaf9af9aa0928931d45c9009b3d1
         41dfeaf9af9aa0928932b7aaf009b3d141dfeaf9af9aa0928933988d8009b3d141dfeaf
         9af9aa0928934770af009b3d141dfeaf9af9aa09289355329f009b3d141dfeaf9af9aa0
         9289362cf12009b3d141dfeaf9af9aa092893704672009b3d141dfeaf9af9aa0928937d
         9926009b3d141dfeaf9af9aa0928938ac795009b3d141dfeaf9af9aa09289397d223009
         b3d141dfeaf9af9aa092893a4b936009b3d141dfeaf9af9aa092893b17d2f009b3d141d
         feaf9af9aa092893be1e72009b3d141dfeaf9af9aa092893ca9d5f009b3d141dfeaf9af
         9aa092893d6fa56009b3d141dfeaf9af9aa092893e335b5009b3d141dfeaf9af9aa0928
         93ef4fda009b3d141dfeaf9af9aa092893fb4923009b3d141dfeaf9af9aa0928940721e
         a009b3d141dfeaf9af9aa09289412da8a009b3d141dfeaf9af9aa0928941e735d009b3d
         141dfeaf9af9aa09289429ecbb009b3d141dfeaf9af9aa0928943546fc009b3d141dfea
         f9af9aa092894408276009b3d141dfeaf9af9aa0928944b9f7f009b3d141dfeaf9af9aa
         092894569e6c009b3d141dfeaf9af9aa092894617f90009b3d141dfeaf9af9aa0928946
         c433f009b3d141dfeaf9af9aa09289476e9c9009b3d141dfeaf9af9aa09289481738100
         9b3d141dfeaf9af9aa0928948be0b6009b3d141dfeaf9af9aa0928949631b7009b3d141
         dfeaf9af9aa092894a066d3009b3d141dfeaf9af9aa092894aa8056009b3d141dfeaf9a
         f9aa092894b47e8f009b3d141dfeaf9af9aa092894be61c7009b3d141dfeaf9af9aa092
         894c82a4b009b3d141dfeaf9af9aa092894d1d864009b3d141dfeaf9af9aa092894db6c
         5b009b3d141dfeaf9af9aa092894e4e679009b3d141dfeaf9af9aa092894ee4705009b3
         d141dfeaf9af9aa092894f78e47009b3d141dfeaf9af9aa09289500bc83009b3d141dfe
         af9af9aa09289509d200009b3d141dfeaf9af9aa09289512cf02009b3d141dfeaf9af9a
         a0928951bb3cd009b3d141dfeaf9af9aa0928952480a3009b3d141dfeaf9af9aa092895
         2d35c7009b3d141dfeaf9af9aa09289535d37a009b3d141dfeaf9af9aa0928953e59fe0
         09b3d141dfeaf9af9aa09289546c991009b3d141dfeaf9af9aa0928954f2273009b3d14
         1dfeaf9af9aa0928955764e4009b3d141dfeaf9af9aa0928955f9121009b3d141dfeaf9
         af9aa09289567a767009b3d141dfeaf9af9aa0928956fa7f2009b3d141dfeaf9af9aa09
         2895779300009b3d141dfeaf9af9aa0928957f68ca009b3d141dfeaf9af9aa092895872
         98c009b3d141dfeaf9af9aa0928958ed57f009b3d141dfeaf9af9aa092895966cdd009b
         3d141dfeaf9af9aa0928959defdf009b3d141dfeaf9af9aa092895a55ebc009b3d141df
         eaf9af9aa092895acb9ac009b3d141dfeaf9af9aa092895b400e6009b3d141dfeaf9af9
         aa092895bb349f009b3d141dfeaf9af9aa092895c2550e009b3d141dfeaf9af9aa09289
         5c96268009b3d141dfeaf9af9aa092895d05ce1009b3d141dfeaf9af9aa092895d744ad
         009b3d141dfeaf9af9aa092895de19ff009b3d141dfeaf9af9aa092895e4dd0a009b3d1
         41dfeaf9af9aa092895eb8e00009b3d141dfeaf9af9aa092895f22d13009b3d141dfeaf
         9af9aa092895f8ba73009b3d141dfeaf9af9aa092895ff3652009b3d141dfeaf9af9aa0
         9289605a0df009b3d141dfeaf9af9aa0928960bfa4a009b3d141dfeaf9af9aa09289612
         42c2009b3d141dfeaf9af9aa092896187a75009b3d141dfeaf9af9aa0928961ea191009
         b3d141dfeaf9af9aa09289624b843009b3d141dfeaf9af9aa0928962abeb9009b3d141d
         feaf9af9aa09289630b51f009b3d141dfeaf9af9aa092896369ba1009b3d141dfeaf9af
         9aa0928963c726a009b3d141dfeaf9af9aa0928964239a5009b3d141dfeaf9af9aa0928
         9647f17d009b3d141dfeaf9af9aa0928964d9a1b009b3d141dfeaf9af9aa0928965333a
         b009b3d141dfeaf9af9aa09289658be53009b3d141dfeaf9af9aa0928965e3a3e009b3d
         141dfeaf9af9aa09289663a794009b3d141dfeaf9af9aa09289669067b009b3d141dfea
         f9af9aa0928966e571d009b3d141dfeaf9af9aa09289673999e009b3d141dfeaf9af9aa
         09289678ce27009b3d141dfeaf9af9aa0928967df4dd009b3d141dfeaf9af9aa0928968
         30de6009b3d141dfeaf9af9aa092896881967009b3d141dfeaf9af9aa0928968d178500
         9b3d141dfeaf9af9aa092896920865009b3d141dfeaf9af9aa09289696ec29009b3d141
         dfeaf9af9aa0928969bc2f7009b3d141dfeaf9af9aa092896a08cf1009b3d141dfeaf9a
         f9aa092896a54a3b009b3d141dfeaf9af9aa092896a9faf6009b3d141dfeaf9af9aa092
         896ae9f45009b3d141dfeaf9af9aa092896b3374a009b3d141dfeaf9af9aa092896b7c3
         25009b3d141dfeaf9af9aa092896bc42f9009b3d141dfeaf9af9aa092896c0b6e6009b3
         d141dfeaf9af9aa092896c51f0b009b3d141dfeaf9af9aa092896c97b8a009b3d141dfe
         af9af9aa092896cdcc81009b3d141dfeaf9af9aa092896d21210009b3d141dfeaf9af9a
         a092896d64c56009b3d141dfeaf9af9aa092896da7b71009b3d141dfeaf9af9aa092896
         de9f80009b3d141dfeaf9af9aa092896e2b8a1009b3d141dfeaf9af9aa092896e6c6f10
         09b3d141dfeaf9af9aa092896eaca8d009b3d141dfeaf9af9aa092896eec393009b3d14
         1dfeaf9af9aa092896f2b21e009b3d141dfeaf9af9aa092896f6964d009b3d141dfeaf9
         af9aa092896fa7039009b3d141dfeaf9af9aa092896fe4000009b3d141dfeaf9af9aa09
         28970205bd009b3d141dfeaf9af9aa09289705c18b009b3d141dfeaf9af9aa092897097
         384009b3d141dfeaf9af9aa0928970d1bc3009b3d141dfeaf9af9aa09289710ba63009b
         3d141dfeaf9af9aa092897144f7d009b3d141dfeaf9af9aa09289717db2b009b3d141df
         eaf9af9aa0928971b5d87009b3d141dfeaf9af9aa0928971ed6aa009b3d141dfeaf9af9
         aa0928972246ac009b3d141dfeaf9af9aa09289725ada6009b3d141dfeaf9af9aa09289
         7290bb1009b3d141dfeaf9af9aa0928972c60e5009b3d141dfeaf9af9aa0928972fad59
         009b3d141dfeaf9af9aa09289732f125009b3d141dfeaf9af9aa092897362c60009b3d1
         41dfeaf9af9aa092897395f21009b3d141dfeaf9af9aa0928973c8980009b3d141dfeaf
         9af9aa0928973fab92009b3d141dfeaf9af9aa09289742c56e009b3d141dfeaf9af9aa0
         9289745d72b009b3d141dfeaf9af9aa09289748e0dd009b3d141dfeaf9af9aa0928974b
         e29b009b3d141dfeaf9af9aa0928974edc7a009b3d141dfeaf9af9aa09289751ce8f009
         b3d141dfeaf9af9aa09289754b8ee009b3d141dfeaf9af9aa092897579bae009b3d141d
         feaf9af9aa0928975a76e1009b3d141dfeaf9af9aa0928975d4a9d009b3d141dfeaf9af
         9aa0928976016f5009b3d141dfeaf9af9aa09289762dbfe009b3d141dfeaf9af9aa0928
         976599ca009b3d141dfeaf9af9aa09289768506e009b3d141dfeaf9af9aa0928976afff
         b009b3d141dfeaf9af9aa0928976da887009b3d141dfeaf9af9aa092897704a22009b3d
         141dfeaf9af9aa09289772e4e0009b3d141dfeaf9af9aa0928977578d3009b3d141dfea
         f9af9aa09289778060d009b3d141dfeaf9af9aa0928977a8ca1009b3d141dfeaf9af9aa
         0928977d0c9f009b3d141dfeaf9af9aa0928977f861a009b3d141dfeaf9af9aa0928978
         1f923009b3d141dfeaf9af9aa0928978465cb009b3d141dfeaf9af9aa09289786cc2400
         9b3d141dfeaf9af9aa092897892c3e009b3d141dfeaf9af9aa0928978b8629009b3d141
         dfeaf9af9aa0928978dd9f7009b3d141dfeaf9af9aa0928979027b7009b3d141dfeaf9a
         f9aa092897926f7b009b3d141dfeaf9af9aa09289794b150009b3d141dfeaf9af9aa092
         89796ed49009b3d141dfeaf9af9aa092897992373009b3d141dfeaf9af9aa0928979b53
         e0009b3d141dfeaf9af9aa0928979d7e9d009b3d141dfeaf9af9aa0928979fa3ba009b3
         d141dfeaf9af9aa092897a1c346009b3d141dfeaf9af9aa092897a3dd50009b3d141dfe
         af9af9aa092897a5f1e7009b3d141dfeaf9af9aa092897a80119009b3d141dfeaf9af9a
         a092897aa0af4009b3d141dfeaf9af9aa092897ac0f86009b3d141dfeaf9af9aa092897
         ae0edf009b3d141dfeaf9af9aa092897b0090a009b3d141dfeaf9af9aa092897b1fe170
         09b3d141dfeaf9af9aa092897b3ee13009b3d141dfeaf9af9aa092897b5d90c009b3d14
         1dfeaf9af9aa092897b7bf0d009b3d141dfeaf9af9aa092897b9a026009b3d141dfeaf9
         af9aa092897bb7c62009b3d141dfeaf9af9aa092897bd53d0009b3d141dfeaf9af9aa09
         2897bf267a009b3d141dfeaf9af9aa092897c0f46f009b3d141dfeaf9af9aa092897c2b
         dba009b3d141dfeaf9af9aa092897c48268009b3d141dfeaf9af9aa092897c64286009b
         3d141dfeaf9af9aa092897c7fe1f009b3d141dfeaf9af9aa092897c9b53e009b3d141df
         eaf9af9aa092897cb67f1009b3d141dfeaf9af9aa092897cd1643009b3d141dfeaf9af9
         aa092897cec03f009b3d141dfeaf9af9aa092897d065f1009b3d141dfeaf9af9aa09289
         7d20764009b3d141dfeaf9af9aa092897d3a4a3009b3d141dfeaf9af9aa092897d53dba
         009b3d141dfeaf9af9aa092897d6d2b4009b3d141dfeaf9af9aa092897d8639a009b3d1
         41dfeaf9af9aa092897d9f079009b3d141dfeaf9af9aa092897db795b009b3d141dfeaf
         9af9aa092897dcfe49009b3d141dfeaf9af9aa092897de7f50009b3d141dfeaf9af9aa0
         92897dffc79009b3d141dfeaf9af9aa092897e175cd009b3d141dfeaf9af9aa092897e2
         eb58009b3d141dfeaf9af9aa092897e45d24009b3d141dfeaf9af9aa092897e5cb39009
         b3d141dfeaf9af9aa092897e735a2009b3d141dfeaf9af9aa092897e89c69009b3d141d
         feaf9af9aa092897e9ff97009b3d141dfeaf9af9aa092897eb5f36009b3d141dfeaf9af
         9aa092897ecbb4f009b3d141dfeaf9af9aa092897ee13eb009b3d141dfeaf9af9aa0928
         97ef6913009b3d141dfeaf9af9aa092897f0bad1009b3d141dfeaf9af9aa092897f2092
         e009b3d141dfeaf9af9aa092897f35432009b3d141dfeaf9af9aa092897f49be6009b3d
         141dfeaf9af9aa092897f5e053009b3d141dfeaf9af9aa092897f72181009b3d141dfea
         f9af9aa092897f85f7a009b3d141dfeaf9af9aa092897f99a45009b3d141dfeaf9af9aa
         092897fad1eb009b3d141dfeaf9af9aa092897fc0673009b3d141dfeaf9af9aa092897f
         d37e7009b3d141dfeaf9af9aa092897fe664f009b3d141dfeaf9af9aa092897ff91b100
         9b3d141dfeaf9af9aa09289800ba17009b3d141dfeaf9af9aa09289801df87009b3d141
         dfeaf9af9aa09289803020b009b3d141dfeaf9af9aa0928980421a9009b3d141dfeaf9a
         f9aa092898053e68009b3d141dfeaf9af9aa092898065852009b3d141dfeaf9af9aa092
         898076f6c009b3d141dfeaf9af9aa0928980883bf009b3d141dfeaf9af9aa0928980995
         51009b3d141dfeaf9af9aa0928980aa42a009b3d141dfeaf9af9aa0928980bb050009b3
         d141dfeaf9af9aa0928980cb9cc009b3d141dfeaf9af9aa0928980dc0a3009b3d141dfe
         af9af9aa0928980ec4de009b3d141dfeaf9af9aa0928980fc682009b3d141dfeaf9af9a
         a09289810c596009b3d141dfeaf9af9aa09289811c221009b3d141dfeaf9af9aa092898
         12bc2a009b3d141dfeaf9af9aa09289813b3b7009b3d141dfeaf9af9aa09289814a8cf0
         09b3d141dfeaf9af9aa092898159b78009b3d141dfeaf9af9aa092898168bb8009b3d14
         1dfeaf9af9aa092898177996009b3d141dfeaf9af9aa092898186518009b3d141dfeaf9
         af9aa092898194e45009b3d141dfeaf9af9aa0928981a3521009b3d141dfeaf9af9aa09
         28981b19b3009b3d141dfeaf9af9aa0928981bfc02009b3d141dfeaf9af9aa0928981cd
         c12009b3d141dfeaf9af9aa0928981db9ea009b3d141dfeaf9af9aa0928981e9590009b
         3d141dfeaf9af9aa0928981f6f0a009b3d141dfeaf9af9aa09289820465c009b3d141df
         eaf9af9aa092898211b8d009b3d141dfeaf9af9aa09289821eea1009b3d141dfeaf9af9
         aa09289822bfa0009b3d141dfeaf9af9aa092898238e8d009b3d141dfeaf9af9aa09289
         8245b6f009b3d141dfeaf9af9aa09289825264b009b3d141dfeaf9af9aa09289825ef25
         009b3d141dfeaf9af9aa09289826b604009b3d141dfeaf9af9aa092898277aec009b3d1
         41dfeaf9af9aa092898283de2009b3d141dfeaf9af9aa09289828feec009b3d141dfeaf
         9af9aa09289829be0e009b3d141dfeaf9af9aa0928982a7b4d009b3d141dfeaf9af9aa0
         928982b36ae009b3d141dfeaf9af9aa0928982bf037009b3d141dfeaf9af9aa0928982c
         a7eb009b3d141dfeaf9af9aa0928982d5dd0009b3d141dfeaf9af9aa0928982e11ea009
         b3d141dfeaf9af9aa0928982ec43e009b3d141dfeaf9af9aa0928982f74d1009b3d141d
         feaf9af9aa0928983023a6009b3d141dfeaf9af9aa09289830d0c3009b3d141dfeaf9af
         9aa092898317c2c009b3d141dfeaf9af9aa0928983225e5009b3d141dfeaf9af9aa0928
         9832cdf3009b3d141dfeaf9af9aa09289833745a009b3d141dfeaf9af9aa09289834191
         e009b3d141dfeaf9af9aa09289834bc44009b3d141dfeaf9af9aa092898355dcf009b3d
         141dfeaf9af9aa09289835fdc4009b3d141dfeaf9af9aa092898369c27009b3d141dfea
         f9af9aa0928983738fc009b3d141dfeaf9af9aa09289837d446009b3d141dfeaf9af9aa
         092898386e0b009b3d141dfeaf9af9aa09289839064e009b3d141dfeaf9af9aa0928983
         99d12009b3d141dfeaf9af9aa0928983a325c009b3d141dfeaf9af9aa0928983ac62f00
         9b3d141dfeaf9af9aa0928983b588f009b3d141dfeaf9af9aa0928983be980009b3d141
         dfeaf9af9aa0928983c7906009b3d141dfeaf9af9aa0928983d0724009b3d141dfeaf9a
         f9aa0928983d93de009b3d141dfeaf9af9aa0928983e1f37009b3d141dfeaf9af9aa092
         8983ea933009b3d141dfeaf9af9aa0928983f31d5009b3d141dfeaf9af9aa0928983fb9
         21009b3d141dfeaf9af9aa092898403f1b009b3d141dfeaf9af9aa09289840c3c5009b3
         d141dfeaf9af9aa092898414724009b3d141dfeaf9af9aa09289841c93a009b3d141dfe
         af9af9aa092898424a0a009b3d141dfeaf9af9aa09289842c999009b3d141dfeaf9af9a
         a0928984347e8009b3d141dfeaf9af9aa09289843c4fc009b3d141dfeaf9af9aa092898
         4440d8009b3d141dfeaf9af9aa09289844bb7e009b3d141dfeaf9af9aa0928984534f20
         09b3d141dfeaf9af9aa09289845ad37009b3d141dfeaf9af9aa092898462450009b3d14
         1dfeaf9af9aa092898469a3f009b3d141dfeaf9af9aa092898470f08009b3d141dfeaf9
         af9aa0928984782af009b3d141dfeaf9af9aa09289847f534009b3d141dfeaf9af9aa09
         289848669d009b3d141dfeaf9af9aa09289848d6ea009b3d141dfeaf9af9aa092898494
         620009b3d141dfeaf9af9aa09289849b441009b3d141dfeaf9af9aa0928984a2150009b
         3d141dfeaf9af9aa0928984a8d4f009b3d141dfeaf9af9aa0928984af841009b3d141df
         eaf9af9aa0928984b6229009b3d141dfeaf9af9aa0928984bcb0a009b3d141dfeaf9af9
         aa0928984c32e6009b3d141dfeaf9af9aa0928984c99c0009b3d141dfeaf9af9aa09289
         84cff9a009b3d141dfeaf9af9aa0928984d6477009b3d141dfeaf9af9aa0928984dc859
         009b3d141dfeaf9af9aa0928984e2b43009b3d141dfeaf9af9aa0928984e8d38009b3d1
         41dfeaf9af9aa0928984eee39009b3d141dfeaf9af9aa0928984f4e4a009b3d141dfeaf
         9af9aa0928984fad6c009b3d141dfeaf9af9aa092898500ba2009b3d141dfeaf9af9aa0
         928985068ef009b3d141dfeaf9af9aa09289850c554009b3d141dfeaf9af9aa09289851
         20d4009b3d141dfeaf9af9aa092898517b71009b3d141dfeaf9af9aa09289851d52e009
         b3d141dfeaf9af9aa092898522e0d009b3d141dfeaf9af9aa09289852860f009b3d141d
         feaf9af9aa09289852dd38009b3d141dfeaf9af9aa092898533389009b3d141dfeaf9af
         9aa092898538904009b3d141dfeaf9af9aa09289853ddab009b3d141dfeaf9af9aa0928
         98543182009b3d141dfeaf9af9aa092898548489009b3d141dfeaf9af9aa09289854d6c
         2009b3d141dfeaf9af9aa092898552831009b3d141dfeaf9af9aa0928985578d6009b3d
         141dfeaf9af9aa09289855c8b4009b3d141dfeaf9af9aa0928985617cd009b3d141dfea
         f9af9aa092898566622009b3d141dfeaf9af9aa09289856b3b6009b3d141dfeaf9af9aa
         09289857008b009b3d141dfeaf9af9aa092898574ca2009b3d141dfeaf9af9aa0928985
         797fd009b3d141dfeaf9af9aa09289857e29e009b3d141dfeaf9af9aa092898582c8800
         9b3d141dfeaf9af9aa0928985875bb009b3d141dfeaf9af9aa09289858be3a009b3d141
         dfeaf9af9aa092898590606009b3d141dfeaf9af9aa092898594d21009b3d141dfeaf9a
         f9aa09289859938d009b3d141dfeaf9af9aa09289859d94c009b3d141dfeaf9af9aa092
         8985a1e5f009b3d141dfeaf9af9aa0928985a62c8009b3d141dfeaf9af9aa0928985aa6
         89009b3d141dfeaf9af9aa0928985ae9a4009b3d141dfeaf9af9aa0928985b2c19009b3
         d141dfeaf9af9aa0928985b6deb009b3d141dfeaf9af9aa0928985baf1b009b3d141dfe
         af9af9aa0928985befab009b3d141dfeaf9af9aa0928985c2f9c009b3d141dfeaf9af9a
         a0928985c6ef0009b3d141dfeaf9af9aa0928985cada9009b3d141dfeaf9af9aa092898
         5cebc7009b3d141dfeaf9af9aa0928985d294e009b3d141dfeaf9af9aa0928985d663d0
         09b3d141dfeaf9af9aa0928985da297009b3d141dfeaf9af9aa0928985dde5d009b3d14
         1dfeaf9af9aa0928985e1990009b3d141dfeaf9af9aa0928985e5432009b3d141dfeaf9
         af9aa0928985e8e45009b3d141dfeaf9af9aa0928985ec7c9009b3d141dfeaf9af9aa09
         28985f00c0009b3d141dfeaf9af9aa0928985f392c009b3d141dfeaf9af9aa0928985f7
         10e009b3d141dfeaf9af9aa0928985fa866009b3d141dfeaf9af9aa0928985fdf38009b
         3d141dfeaf9af9aa092898601583009b3d141dfeaf9af9aa092898604b4a009b3d141df
         eaf9af9aa09289860808d009b3d141dfeaf9af9aa09289860b54d009b3d141dfeaf9af9
         aa09289860e98d009b3d141dfeaf9af9aa092898611d4e009b3d141dfeaf9af9aa09289
         861508f009b3d141dfeaf9af9aa092898618354009b3d141dfeaf9af9aa09289861b59c
         009b3d141dfeaf9af9aa09289861e76a009b3d141dfeaf9af9aa0928986218bf009b3d1
         41dfeaf9af9aa09289862499b009b3d141dfeaf9af9aa0928986279ff009b3d141dfeaf
         9af9aa09289862a9ee009b3d141dfeaf9af9aa09289862d968009b3d141dfeaf9af9aa0
         9289863086e009b3d141dfeaf9af9aa092898633701009b3d141dfeaf9af9aa09289863
         6523009b3d141dfeaf9af9aa0928986392d5009b3d141dfeaf9af9aa09289863c017009
         b3d141dfeaf9af9aa09289863ecec009b3d141dfeaf9af9aa092898641953009b3d141d
         feaf9af9aa09289864454e009b3d141dfeaf9af9aa0928986470de009b3d141dfeaf9af
         9aa092898649c04009b3d141dfeaf9af9aa09289864c6c1009b3d141dfeaf9af9aa0928
         9864f116009b3d141dfeaf9af9aa092898651b04009b3d141dfeaf9af9aa09289865448
         d009b3d141dfeaf9af9aa092898656db0009b3d141dfeaf9af9aa092898659670009b3d
         141dfeaf9af9aa09289865becc009b3d141dfeaf9af9aa09289865e6c7009b3d141dfea
         f9af9aa092898660e60009b3d141dfeaf9af9aa09289866359a009b3d141dfeaf9af9aa
         092898665c74009b3d141dfeaf9af9aa0928986682f0009b3d141dfeaf9af9aa0928986
         6a90f009b3d141dfeaf9af9aa09289866ced1009b3d141dfeaf9af9aa09289866f43800
         9b3d141dfeaf9af9aa092898671944009b3d141dfeaf9af9aa092898673df7009b3d141
         dfeaf9af9aa092898676250009b3d141dfeaf9af9aa092898678652009b3d141dfeaf9a
         f9aa09289867a9fc009b3d141dfeaf9af9aa09289867cd50009b3d141dfeaf9af9aa092
         89867f04f009b3d141dfeaf9af9aa0928986812f9009b3d141dfeaf9af9aa0928986835
         4f009b3d141dfeaf9af9aa092898685752009b3d141dfeaf9af9aa092898687903009b3
         d141dfeaf9af9aa092898689a62009b3d141dfeaf9af9aa09289868bb71009b3d141dfe
         af9af9aa09289868dc30009b3d141dfeaf9af9aa09289868fca0009b3d141dfeaf9af9a
         a092898691cc2009b3d141dfeaf9af9aa092898693c96009b3d141dfeaf9af9aa092898
         695c1d009b3d141dfeaf9af9aa092898697b58009b3d141dfeaf9af9aa092898699a480
         09b3d141dfeaf9af9aa09289869b8ed009b3d141dfeaf9af9aa09289869d748009b3d14
         1dfeaf9af9aa09289869f55a009b3d141dfeaf9af9aa0928986a1324009b3d141dfeaf9
         af9aa0928986a30a5009b3d141dfeaf9af9aa0928986a4de0009b3d141dfeaf9af9aa09
         28986a6ad5009b3d141dfeaf9af9aa0928986a8783009b3d141dfeaf9af9aa0928986aa
         3ed009b3d141dfeaf9af9aa0928986ac012009b3d141dfeaf9af9aa0928986adbf4009b
         3d141dfeaf9af9aa0928986af792009b3d141dfeaf9af9aa0928986b12ee009b3d141df
         eaf9af9aa0928986b2e08009b3d141dfeaf9af9aa0928986b48e1009b3d141dfeaf9af9
         aa0928986b637a009b3d141dfeaf9af9aa0928986b7dd3009b3d141dfeaf9af9aa09289
         86b97ec009b3d141dfeaf9af9aa0928986bb1c7009b3d141dfeaf9af9aa0928986bcb64
         009b3d141dfeaf9af9aa0928986be4c3009b3d141dfeaf9af9aa0928986bfde5009b3d1
         41dfeaf9af9aa0928986c16cb009b3d141dfeaf9af9aa0928986c2f75009b3d141dfeaf
         9af9aa0928986c47e4009b3d141dfeaf9af9aa0928986c6019009b3d141dfeaf9af9aa0
         928986c7814009b3d141dfeaf9af9aa0928986c8fd5009b3d141dfeaf9af9aa0928986c
         a75d009b3d141dfeaf9af9aa0928986cbead009b3d141dfeaf9af9aa0928986cd5c5009
         b3d141dfeaf9af9aa0928986ceca5009b3d141dfeaf9af9aa0928986d034f009b3d141d
         feaf9af9aa0928986d19c3009b3d141dfeaf9af9aa0928986d3001009b3d141dfeaf9af
         9aa0928986d460a009b3d141dfeaf9af9aa0928986d5bde009b3d141dfeaf9af9aa0928
         986d717e009b3d141dfeaf9af9aa0928986d86ea009b3d141dfeaf9af9aa0928986d9c2
         3009b3d141dfeaf9af9aa0928986db129009b3d141dfeaf9af9aa0928986dc5fd009b3d
         141dfeaf9af9aa0928986ddaa0009b3d141dfeaf9af9aa0928986def11009b3d141dfea
         f9af9aa0928986e0351009b3d141dfeaf9af9aa0928986e1761009b3d141dfeaf9af9aa
         0928986e2b41009b3d141dfeaf9af9aa0928986e3ef2009b3d141dfeaf9af9aa0928986
         e5274009b3d141dfeaf9af9aa0928986e65c7009b3d141dfeaf9af9aa0928986e78ec00
         9b3d141dfeaf9af9aa0928986e8be4009b3d141dfeaf9af9aa0928986e9eae009b3d141
         dfeaf9af9aa0928986eb14c009b3d141dfeaf9af9aa0928986ec3bd009b3d141dfeaf9a
         f9aa0928986ed602009b3d141dfeaf9af9aa0928986ee81c009b3d141dfeaf9af9aa092
         8986efa0b009b3d141dfeaf9af9aa0928986f0bcf009b3d141dfeaf9af9aa0928986f1d
         69009b3d141dfeaf9af9aa0928986f2ed9009b3d141dfeaf9af9aa0928986f4020009b3
         d141dfeaf9af9aa0928986f513d009b3d141dfeaf9af9aa0928986f6232009b3d141dfe
         af9af9aa0928986f72ff009b3d141dfeaf9af9aa0928986f83a3009b3d141dfeaf9af9a
         a0928986f9420009b3d141dfeaf9af9aa0928986fa476009b3d141dfeaf9af9aa092898
         6fb4a6009b3d141dfeaf9af9aa0928986fc4ae009b3d141dfeaf9af9aa0928986fd4910
         09b3d141dfeaf9af9aa0928986fe44e009b3d141dfeaf9af9aa0928986ff3e6009b3d14
         1dfeaf9af9aa092898700359009b3d141dfeaf9af9aa0928987012a7009b3d141dfeaf9
         af9aa0928987021d1009b3d141dfeaf9af9aa0928987030d7009b3d141dfeaf9af9aa09
         2898703fb9009b3d141dfeaf9af9aa092898704e79009b3d141dfeaf9af9aa092898705
         d15009b3d141dfeaf9af9aa092898706b8e009b3d141dfeaf9af9aa0928987079e6009b
         3d141dfeaf9af9aa09289870881b009b3d141dfeaf9af9aa09289870962f009b3d141df
         eaf9af9aa09289870a422009b3d141dfeaf9af9aa09289870b1f3009b3d141dfeaf9af9
         aa09289870bfa4009b3d141dfeaf9af9aa09289870cd35009b3d141dfeaf9af9aa09289
         870daa5009b3d141dfeaf9af9aa09289870e7f6009b3d141dfeaf9af9aa09289870f527
         009b3d141dfeaf9af9aa09289871023a009b3d141dfeaf9af9aa092898710f2d009b3d1
         41dfeaf9af9aa092898711c02009b3d141dfeaf9af9aa0928987128b8009b3d141dfeaf
         9af9aa092898713551009b3d141dfeaf9af9aa0928987141cc009b3d141dfeaf9af9aa0
         92898714e29009b3d141dfeaf9af9aa092898715a69009b3d141dfeaf9af9aa09289871
         668d009b3d141dfeaf9af9aa092898717293009b3d141dfeaf9af9aa092898717e7e009
         b3d141dfeaf9af9aa092898718a4c009b3d141dfeaf9af9aa0928987195ff009b3d141d
         feaf9af9aa09289871a196009b3d141dfeaf9af9aa09289871ad11009b3d141dfeaf9af
         9aa09289871b872009b3d141dfeaf9af9aa09289871c3b8009b3d141dfeaf9af9aa0928
         9871cee4009b3d141dfeaf9af9aa09289871d9f5009b3d141dfeaf9af9aa09289871e4e
         c009b3d141dfeaf9af9aa09289871efc9009b3d141dfeaf9af9aa09289871fa8d009b3d
         141dfeaf9af9aa092898720538009b3d141dfeaf9af9aa092898720fc9009b3d141dfea
         f9af9aa092898721a42009b3d141dfeaf9af9aa0928987224a2009b3d141dfeaf9af9aa
         092898722eea009b3d141dfeaf9af9aa09289872391a009b3d141dfeaf9af9aa0928987
         24331009b3d141dfeaf9af9aa092898724d31009b3d141dfeaf9af9aa09289872571a00
         9b3d141dfeaf9af9aa0928987260ec009b3d141dfeaf9af9aa092898726aa6009b3d141
         dfeaf9af9aa09289872744a009b3d141dfeaf9af9aa092898727dd7                
WARNING  unknown deployed bytecode:                                             
         0x00009b3d141dfeaf9af9aa09289872874d009b3d141dfeaf9af9aa0928987290ae009
         b3d141dfeaf9af9aa0928987299f8009b3d141dfeaf9af9aa09289872a32d009b3d141d
         feaf9af9aa09289872ac4c009b3d141dfeaf9af9aa09289872b556009b3d141dfeaf9af
         9aa09289872be4b009b3d141dfeaf9af9aa09289872c72b009b3d141dfeaf9af9aa0928
         9872cff6009b3d141dfeaf9af9aa09289872d8ac009b3d141dfeaf9af9aa09289872e14
         e009b3d141dfeaf9af9aa09289872e9dc009b3d141dfeaf9af9aa09289872f256009b3d
         141dfeaf9af9aa09289872fabd009b3d141dfeaf9af9aa09289873030f009b3d141dfea
         f9af9aa092898730b4e009b3d141dfeaf9af9aa09289873137a009b3d141dfeaf9af9aa
         092898731b93009b3d141dfeaf9af9aa092898732399009b3d141dfeaf9af9aa0928987
         32b8c009b3d141dfeaf9af9aa09289873336d009b3d141dfeaf9af9aa092898733b3b00
         9b3d141dfeaf9af9aa0928987342f7009b3d141dfeaf9af9aa092898734aa2009b3d141
         dfeaf9af9aa09289873523a009b3d141dfeaf9af9aa0928987359c0009b3d141dfeaf9a
         f9aa092898736135009b3d141dfeaf9af9aa092898736899009b3d141dfeaf9af9aa092
         898736fec009b3d141dfeaf9af9aa09289873772d009b3d141dfeaf9af9aa092898737e
         5e009b3d141dfeaf9af9aa09289873857e009b3d141dfeaf9af9aa092898738c8d009b3
         d141dfeaf9af9aa09289873938c009b3d141dfeaf9af9aa092898739a7a009b3d141dfe
         af9af9aa09289873a159009b3d141dfeaf9af9aa09289873a827009b3d141dfeaf9af9a
         a09289873aee6009b3d141dfeaf9af9aa09289873b595009b3d141dfeaf9af9aa092898
         73bc35009b3d141dfeaf9af9aa09289873c2c5009b3d141dfeaf9af9aa09289873c9460
         09b3d141dfeaf9af9aa09289873cfb8009b3d141dfeaf9af9aa09289873d61b009b3d14
         1dfeaf9af9aa09289873dc6f009b3d141dfeaf9af9aa09289873e2b4009b3d141dfeaf9
         af9aa09289873e8eb009b3d141dfeaf9af9aa09289873ef13009b3d141dfeaf9af9aa09
         289873f52e009b3d141dfeaf9af9aa09289873fb3a009b3d141dfeaf9af9aa092898740
         138009b3d141dfeaf9af9aa092898740728009b3d141dfeaf9af9aa092898740d0a009b
         3d141dfeaf9af9aa0928987412df009b3d141dfeaf9af9aa0928987418a6009b3d141df
         eaf9af9aa092898741e60009b3d141dfeaf9af9aa09289874240d009b3d141dfeaf9af9
         aa0928987429ad009b3d141dfeaf9af9aa092898742f3f009b3d141dfeaf9af9aa09289
         87434c5009b3d141dfeaf9af9aa092898743a3e009b3d141dfeaf9af9aa092898743faa
         009b3d141dfeaf9af9aa09289874450a009b3d141dfeaf9af9aa092898744a5d009b3d1
         41dfeaf9af9aa092898744fa4009b3d141dfeaf9af9aa0928987454df009b3d141dfeaf
         9af9aa092898745a0e009b3d141dfeaf9af9aa092898745f31009b3d141dfeaf9af9aa0
         92898746448009b3d141dfeaf9af9aa092898746953009b3d141dfeaf9af9aa09289874
         6e53009b3d141dfeaf9af9aa092898747347009b3d141dfeaf9af9aa092898747830009
         b3d141dfeaf9af9aa092898747d0d009b3d141dfeaf9af9aa0928987481df009b3d141d
         feaf9af9aa0928987486a6009b3d141dfeaf9af9aa092898748b62009b3d141dfeaf9af
         9aa092898749014009b3d141dfeaf9af9aa0928987494ba009b3d141dfeaf9af9aa0928
         98749956009b3d141dfeaf9af9aa092898749de7009b3d141dfeaf9af9aa09289874a26
         d009b3d141dfeaf9af9aa09289874a6e9009b3d141dfeaf9af9aa09289874ab5b009b3d
         141dfeaf9af9aa09289874afc3009b3d141dfeaf9af9aa09289874b420009b3d141dfea
         f9af9aa09289874b874009b3d141dfeaf9af9aa09289874bcbd009b3d141dfeaf9af9aa
         09289874c0fd009b3d141dfeaf9af9aa09289874c533009b3d141dfeaf9af9aa0928987
         4c95f009b3d141dfeaf9af9aa09289874cd82009b3d141dfeaf9af9aa09289874d19b00
         9b3d141dfeaf9af9aa09289874d5ab009b3d141dfeaf9af9aa09289874d9b1009b3d141
         dfeaf9af9aa09289874ddaf009b3d141dfeaf9af9aa09289874e1a3009b3d141dfeaf9a
         f9aa09289874e58e009b3d141dfeaf9af9aa09289874e970009b3d141dfeaf9af9aa092
         89874ed49009b3d141dfeaf9af9aa09289874f119009b3d141dfeaf9af9aa09289874f4
         e1009b3d141dfeaf9af9aa09289874f8a0009b3d141dfeaf9af9aa09289874fc56009b3
         d141dfeaf9af9aa092898750004009b3d141dfeaf9af9aa0928987503aa009b3d141dfe
         af9af9aa092898750747009b3d141dfeaf9af9aa092898750adc009b3d141dfeaf9af9a
         a092898750e68009b3d141dfeaf9af9aa0928987511ed009b3d141dfeaf9af9aa092898
         751569009b3d141dfeaf9af9aa0928987518de009b3d141dfeaf9af9aa092898751c4b0
         09b3d141dfeaf9af9aa092898751fb0009b3d141dfeaf9af9aa09289875230d009b3d14
         1dfeaf9af9aa092898752662009b3d141dfeaf9af9aa0928987529b0009b3d141dfeaf9
         af9aa092898752cf6009b3d141dfeaf9af9aa092898753035009b3d141dfeaf9af9aa09
         289875336c009b3d141dfeaf9af9aa09289875369c009b3d141dfeaf9af9aa092898753
         9c5009b3d141dfeaf9af9aa092898753ce7009b3d141dfeaf9af9aa092898754001009b
         3d141dfeaf9af9aa092898754314009b3d141dfeaf9af9aa092898754621009b3d141df
         eaf9af9aa092898754926009b3d141dfeaf9af9aa092898754c25009b3d141dfeaf9af9
         aa092898754f1c009b3d141dfeaf9af9aa09289875520d009b3d141dfeaf9af9aa09289
         87554f8009b3d141dfeaf9af9aa0928987557db009b3d141dfeaf9af9aa092898755ab8
         009b3d141dfeaf9af9aa092898755d8f009b3d141dfeaf9af9aa09289875605f009b3d1
         41dfeaf9af9aa092898756329009b3d141dfeaf9af9aa0928987565ec009b3d141dfeaf
         9af9aa0928987568a9009b3d141dfeaf9af9aa092898756b60009b3d141dfeaf9af9aa0
         92898756e11009b3d141dfeaf9af9aa0928987570bb009b3d141dfeaf9af9aa09289875
         7360009b3d141dfeaf9af9aa0928987575ff009b3d141dfeaf9af9aa092898757897009
         b3d141dfeaf9af9aa092898757b2a009b3d141dfeaf9af9aa092898757db7009b3d141d
         feaf9af9aa09289875803e009b3d141dfeaf9af9aa0928987582bf009b3d141dfeaf9af
         9aa09289875853b009b3d141dfeaf9af9aa0928987587b1009b3d141dfeaf9af9aa0928
         98758a21009b3d141dfeaf9af9aa092898758c8c009b3d141dfeaf9af9aa092898758ef
         2009b3d141dfeaf9af9aa092898759152009b3d141dfeaf9af9aa0928987593ac009b3d
         141dfeaf9af9aa092898759602009b3d141dfeaf9af9aa092898759852009b3d141dfea
         f9af9aa092898759a9d009b3d141dfeaf9af9aa092898759ce2009b3d141dfeaf9af9aa
         092898759f23009b3d141dfeaf9af9aa09289875a15e009b3d141dfeaf9af9aa0928987
         5a395009b3d141dfeaf9af9aa09289875a5c6009b3d141dfeaf9af9aa09289875a7f200
         9b3d141dfeaf9af9aa09289875aa1a009b3d141dfeaf9af9aa09289875ac3d009b3d141
         dfeaf9af9aa09289875ae5a009b3d141dfeaf9af9aa09289875b073009b3d141dfeaf9a
         f9aa09289875b288009b3d141dfeaf9af9aa09289875b497009b3d141dfeaf9af9aa092
         89875b6a2009b3d141dfeaf9af9aa09289875b8a9009b3d141dfeaf9af9aa09289875ba
         aa009b3d141dfeaf9af9aa09289875bca8009b3d141dfeaf9af9aa09289875bea0009b3
         d141dfeaf9af9aa09289875c095009b3d141dfeaf9af9aa09289875c285009b3d141dfe
         af9af9aa09289875c470009b3d141dfeaf9af9aa09289875c658009b3d141dfeaf9af9a
         a09289875c83a009b3d141dfeaf9af9aa09289875ca19009b3d141dfeaf9af9aa092898
         75cbf4009b3d141dfeaf9af9aa09289875cdca009b3d141dfeaf9af9aa09289875cf9c0
         09b3d141dfeaf9af9aa09289875d16a009b3d141dfeaf9af9aa09289875d334009b3d14
         1dfeaf9af9aa09289875d4fa009b3d141dfeaf9af9aa09289875d6bc009b3d141dfeaf9
         af9aa09289875d87a009b3d141dfeaf9af9aa09289875da35009b3d141dfeaf9af9aa09
         289875dbeb009b3d141dfeaf9af9aa09289875dd9d009b3d141dfeaf9af9aa09289875d
         f4c009b3d141dfeaf9af9aa09289875e0f7009b3d141dfeaf9af9aa09289875e29e009b
         3d141dfeaf9af9aa09289875e441009b3d141dfeaf9af9aa09289875e5e1009b3d141df
         eaf9af9aa09289875e77d009b3d141dfeaf9af9aa09289875e916009b3d141dfeaf9af9
         aa09289875eaaa009b3d141dfeaf9af9aa09289875ec3c009b3d141dfeaf9af9aa09289
         875edca009b3d141dfeaf9af9aa09289875ef54009b3d141dfeaf9af9aa09289875f0db
         009b3d141dfeaf9af9aa09289875f25e009b3d141dfeaf9af9aa09289875f3de009b3d1
         41dfeaf9af9aa09289875f55b009b3d141dfeaf9af9aa09289875f6d5009b3d141dfeaf
         9af9aa09289875f84b009b3d141dfeaf9af9aa09289875f9bd009b3d141dfeaf9af9aa0
         9289875fb2d009b3d141dfeaf9af9aa09289875fc99009b3d141dfeaf9af9aa09289875
         fe03009b3d141dfeaf9af9aa09289875ff69009b3d141dfeaf9af9aa0928987600cc009
         b3d141dfeaf9af9aa09289876022b009b3d141dfeaf9af9aa092898760388009b3d141d
         feaf9af9aa0928987604e2009b3d141dfeaf9af9aa092898760639009b3d141dfeaf9af
         9aa09289876078c009b3d141dfeaf9af9aa0928987608dd009b3d141dfeaf9af9aa0928
         98760a2b009b3d141dfeaf9af9aa092898760b76009b3d141dfeaf9af9aa092898760cb
         e009b3d141dfeaf9af9aa092898760e03009b3d141dfeaf9af9aa092898760f45009b3d
         141dfeaf9af9aa092898761085009b3d141dfeaf9af9aa0928987611c1009b3d141dfea
         f9af9aa0928987612fb009b3d141dfeaf9af9aa092898761433009b3d141dfeaf9af9aa
         092898761567009b3d141dfeaf9af9aa092898761699009b3d141dfeaf9af9aa0928987
         617c8009b3d141dfeaf9af9aa0928987618f5009b3d141dfeaf9af9aa092898761a1f00
         9b3d141dfeaf9af9aa092898761b46009b3d141dfeaf9af9aa092898761c6b009b3d141
         dfeaf9af9aa092898761d8d009b3d141dfeaf9af9aa092898761ead009b3d141dfeaf9a
         f9aa092898761fca009b3d141dfeaf9af9aa0928987620e5009b3d141dfeaf9af9aa092
         8987621fd009b3d141dfeaf9af9aa092898762313009b3d141dfeaf9af9aa0928987624
         26009b3d141dfeaf9af9aa092898762537009b3d141dfeaf9af9aa092898762646009b3
         d141dfeaf9af9aa092898762752009b3d141dfeaf9af9aa09289876285c009b3d141dfe
         af9af9aa092898762964009b3d141dfeaf9af9aa092898762a69009b3d141dfeaf9af9a
         a092898762b6d009b3d141dfeaf9af9aa092898762c6d009b3d141dfeaf9af9aa092898
         762d6c009b3d141dfeaf9af9aa092898762e69009b3d141dfeaf9af9aa092898762f630
         09b3d141dfeaf9af9aa09289876305b009b3d141dfeaf9af9aa092898763151009b3d14
         1dfeaf9af9aa092898763245009b3d141dfeaf9af9aa092898763337009b3d141dfeaf9
         af9aa092898763426009b3d141dfeaf9af9aa092898763514009b3d141dfeaf9af9aa09
         28987635ff009b3d141dfeaf9af9aa0928987636e9009b3d141dfeaf9af9aa092898763
         7d0009b3d141dfeaf9af9aa0928987638b6009b3d141dfeaf9af9aa092898763999009b
         3d141dfeaf9af9aa092898763a7b009b3d141dfeaf9af9aa092898763b5a009b3d141df
         eaf9af9aa092898763c38009b3d141dfeaf9af9aa092898763d14009b3d141dfeaf9af9
         aa092898763dee009b3d141dfeaf9af9aa092898763ec5009b3d141dfeaf9af9aa09289
         8763f9c009b3d141dfeaf9af9aa092898764070009b3d141dfeaf9af9aa092898764142
         009b3d141dfeaf9af9aa092898764213009b3d141dfeaf9af9aa0928987642e2009b3d1
         41dfeaf9af9aa0928987643af009b3d141dfeaf9af9aa09289876447a009b3d141dfeaf
         9af9aa092898764543009b3d141dfeaf9af9aa09289876460b009b3d141dfeaf9af9aa0
         928987646d1009b3d141dfeaf9af9aa092898764796009b3d141dfeaf9af9aa09289876
         4858009b3d141dfeaf9af9aa092898764919009b3d141dfeaf9af9aa0928987649d9009
         b3d141dfeaf9af9aa092898764a96009b3d141dfeaf9af9aa092898764b52009b3d141d
         feaf9af9aa092898764c0d009b3d141dfeaf9af9aa092898764cc6009b3d141dfeaf9af
         9aa092898764d7d009b3d141dfeaf9af9aa092898764e32009b3d141dfeaf9af9aa0928
         98764ee7009b3d141dfeaf9af9aa092898764f99009b3d141dfeaf9af9aa09289876504
         a009b3d141dfeaf9af9aa0928987650fa009b3d141dfeaf9af9aa0928987651a8009b3d
         141dfeaf9af9aa092898765254009b3d141dfeaf9af9aa0928987652ff009b3d141dfea
         f9af9aa0928987653a9009b3d141dfeaf9af9aa092898765451009b3d141dfeaf9af9aa
         0928987654f7009b3d141dfeaf9af9aa09289876559d009b3d141dfeaf9af9aa0928987
         65640009b3d141dfeaf9af9aa0928987656e3009b3d141dfeaf9af9aa09289876578400
         9b3d141dfeaf9af9aa092898765824009b3d141dfeaf9af9aa0928987658c2009b3d141
         dfeaf9af9aa09289876595f009b3d141dfeaf9af9aa0928987659fa009b3d141dfeaf9a
         f9aa092898765a95009b3d141dfeaf9af9aa092898765b2d009b3d141dfeaf9af9aa092
         898765bc5009b3d141dfeaf9af9aa092898765c5b009b3d141dfeaf9af9aa092898765c
         f0009b3d141dfeaf9af9aa092898765d84009b3d141dfeaf9af9aa092898765e17009b3
         d141dfeaf9af9aa092898765ea8009b3d141dfeaf9af9aa092898765f38009b3d141dfe
         af9af9aa092898765fc7009b3d141dfeaf9af9aa092898766054009b3d141dfeaf9af9a
         a0928987660e1009b3d141dfeaf9af9aa09289876616c009b3d141dfeaf9af9aa092898
         7661f6009b3d141dfeaf9af9aa09289876627e009b3d141dfeaf9af9aa0928987663060
         09b3d141dfeaf9af9aa09289876638d009b3d141dfeaf9af9aa092898766412009b3d14
         1dfeaf9af9aa092898766496009b3d141dfeaf9af9aa092898766519009b3d141dfeaf9
         af9aa09289876659b009b3d141dfeaf9af9aa09289876661c009b3d141dfeaf9af9aa09
         289876669c009b3d141dfeaf9af9aa09289876671a009b3d141dfeaf9af9aa092898766
         798009b3d141dfeaf9af9aa092898766814009b3d141dfeaf9af9aa092898766890009b
         3d141dfeaf9af9aa09289876690a009b3d141dfeaf9af9aa092898766983009b3d141df
         eaf9af9aa0928987669fc009b3d141dfeaf9af9aa092898766a73009b3d141dfeaf9af9
         aa092898766ae9009b3d141dfeaf9af9aa092898766b5f009b3d141dfeaf9af9aa09289
         8766bd3009b3d141dfeaf9af9aa092898766c46009b3d141dfeaf9af9aa092898766cb8
         009b3d141dfeaf9af9aa092898766d2a009b3d141dfeaf9af9aa092898766d9a009b3d1
         41dfeaf9af9aa092898766e09009b3d141dfeaf9af9aa092898766e78009b3d141dfeaf
         9af9aa092898766ee5009b3d141dfeaf9af9aa092898766f52009b3d141dfeaf9af9aa0
         92898766fbe009b3d141dfeaf9af9aa092898767028009b3d141dfeaf9af9aa09289876
         7092009b3d141dfeaf9af9aa0928987670fb009b3d141dfeaf9af9aa092898767163009
         b3d141dfeaf9af9aa0928987671cb009b3d141dfeaf9af9aa092898767231009b3d141d
         feaf9af9aa092898767296009b3d141dfeaf9af9aa0928987672fb009b3d141dfeaf9af
         9aa09289876735f009b3d141dfeaf9af9aa0928987673c2009b3d141dfeaf9af9aa0928
         98767424009b3d141dfeaf9af9aa092898767485009b3d141dfeaf9af9aa0928987674e
         5009b3d141dfeaf9af9aa092898767545009b3d141dfeaf9af9aa0928987675a4009b3d
         141dfeaf9af9aa092898767602009b3d141dfeaf9af9aa09289876765f009b3d141dfea
         f9af9aa0928987676bb009b3d141dfeaf9af9aa092898767717009b3d141dfeaf9af9aa
         092898767772009b3d141dfeaf9af9aa0928987677cc009b3d141dfeaf9af9aa0928987
         67825009b3d141dfeaf9af9aa09289876787d009b3d141dfeaf9af9aa0928987678d500
         9b3d141dfeaf9af9aa09289876792c009b3d141dfeaf9af9aa092898767983009b3d141
         dfeaf9af9aa0928987679d8009b3d141dfeaf9af9aa092898767a2d009b3d141dfeaf9a
         f9aa092898767a81009b3d141dfeaf9af9aa092898767ad5009b3d141dfeaf9af9aa092
         898767b27009b3d141dfeaf9af9aa092898767b7a009b3d141dfeaf9af9aa092898767b
         cb009b3d141dfeaf9af9aa092898767c1c009b3d141dfeaf9af9aa092898767c6c009b3
         d141dfeaf9af9aa092898767cbb009b3d141dfeaf9af9aa092898767d0a009b3d141dfe
         af9af9aa092898767d58009b3d141dfeaf9af9aa092898767da5009b3d141dfeaf9af9a
         a092898767df2009b3d141dfeaf9af9aa092898767e3e009b3d141dfeaf9af9aa092898
         767e89009b3d141dfeaf9af9aa092898767ed4009b3d141dfeaf9af9aa092898767f1e0
         09b3d141dfeaf9af9aa092898767f67009b3d141dfeaf9af9aa092898767fb0009b3d14
         1dfeaf9af9aa092898767ff9009b3d141dfeaf9af9aa092898768040009b3d141dfeaf9
         af9aa092898768087009b3d141dfeaf9af9aa0928987680ce009b3d141dfeaf9af9aa09
         2898768114009b3d141dfeaf9af9aa092898768159009b3d141dfeaf9af9aa092898768
         19e009b3d141dfeaf9af9aa0928987681e2009b3d141dfeaf9af9aa092898768225009b
         3d141dfeaf9af9aa092898768268009b3d141dfeaf9af9aa0928987682ab009b3d141df
         eaf9af9aa0928987682ed009b3d141dfeaf9af9aa09289876832e009b3d141dfeaf9af9
         aa09289876836f009b3d141dfeaf9af9aa0928987683af009b3d141dfeaf9af9aa09289
         87683ef009b3d141dfeaf9af9aa09289876842e009b3d141dfeaf9af9aa09289876846c
         009b3d141dfeaf9af9aa0928987684ab009b3d141dfeaf9af9aa0928987684e8009b3d1
         41dfeaf9af9aa092898768525009b3d141dfeaf9af9aa092898768562009b3d141dfeaf
         9af9aa09289876859e009b3d141dfeaf9af9aa0928987685d9009b3d141dfeaf9af9aa0
         92898768614009b3d141dfeaf9af9aa09289876864f009b3d141dfeaf9af9aa09289876
         8689009b3d141dfeaf9af9aa0928987686c3009b3d141dfeaf9af9aa0928987686fc009
         b3d141dfeaf9af9aa092898768734009b3d141dfeaf9af9aa09289876876d009b3d141d
         feaf9af9aa0928987687a4009b3d141dfeaf9af9aa0928987687db009b3d141dfeaf9af
         9aa092898768812009b3d141dfeaf9af9aa092898768849009b3d141dfeaf9af9aa0928
         9876887e009b3d141dfeaf9af9aa0928987688b4009b3d141dfeaf9af9aa0928987688e
         9009b3d141dfeaf9af9aa09289876891d009b3d141dfeaf9af9aa092898768951009b3d
         141dfeaf9af9aa092898768985009b3d141dfeaf9af9aa0928987689b8009b3d141dfea
         f9af9aa0928987689eb009b3d141dfeaf9af9aa092898768a1d009b3d141dfeaf9af9aa
         092898768a4f009b3d141dfeaf9af9aa092898768a81009b3d141dfeaf9af9aa0928987
         68ab2009b3d141dfeaf9af9aa092898768ae3009b3d141dfeaf9af9aa092898768b1300
         9b3d141dfeaf9af9aa092898768b43009b3d141dfeaf9af9aa092898768b72009b3d141
         dfeaf9af9aa092898768ba1009b3d141dfeaf9af9aa092898768bd0009b3d141dfeaf9a
         f9aa092898768bfe009b3d141dfeaf9af9aa092898768c2c009b3d141dfeaf9af9aa092
         898768c5a009b3d141dfeaf9af9aa092898768c87009b3d141dfeaf9af9aa092898768c
         b4009b3d141dfeaf9af9aa092898768ce0009b3d141dfeaf9af9aa092898768d0c009b3
         d141dfeaf9af9aa092898768d38009b3d141dfeaf9af9aa092898768d63009b3d141dfe
         af9af9aa092898768d8e009b3d141dfeaf9af9aa092898768db9009b3d141dfeaf9af9a
         a092898768de3009b3d141dfeaf9af9aa092898768e0d009b3d141dfeaf9af9aa092898
         768e37009b3d141dfeaf9af9aa092898768e60009b3d141dfeaf9af9aa092898768e890
         09b3d141dfeaf9af9aa092898768eb1009b3d141dfeaf9af9aa092898768ed9009b3d14
         1dfeaf9af9aa092898768f01009b3d141dfeaf9af9aa092898768f29009b3d141dfeaf9
         af9aa092898768f50009b3d141dfeaf9af9aa092898768f77009b3d141dfeaf9af9aa09
         2898768f9d009b3d141dfeaf9af9aa092898768fc4009b3d141dfeaf9af9aa092898768
         fea009b3d141dfeaf9af9aa09289876900f009b3d141dfeaf9af9aa092898769035009b
         3d141dfeaf9af9aa09289876905a009b3d141dfeaf9af9aa09289876907e009b3d141df
         eaf9af9aa0928987690a3009b3d141dfeaf9af9aa0928987690c7009b3d141dfeaf9af9
         aa0928987690ea009b3d141dfeaf9af9aa09289876910e009b3d141dfeaf9af9aa09289
         8769131009b3d141dfeaf9af9aa092898769154009b3d141dfeaf9af9aa092898769177
         009b3d141dfeaf9af9aa092898769199009b3d141dfeaf9af9aa0928987691bb009b3d1
         41dfeaf9af9aa0928987691dd009b3d141dfeaf9af9aa0928987691fe009b3d141dfeaf
         9af9aa092898769220009b3d141dfeaf9af9aa092898769240009b3d141dfeaf9af9aa0
         92898769261009b3d141dfeaf9af9aa092898769281009b3d141dfeaf9af9aa09289876
         92a2009b3d141dfeaf9af9aa0928987692c1009b3d141dfeaf9af9aa0928987692e1009
         b3d141dfeaf9af9aa092898769300009b3d141dfeaf9af9aa09289876931f009b3d141d
         feaf9af9aa09289876933e009b3d141dfeaf9af9aa09289876935d009b3d141dfeaf9af
         9aa09289876937b009b3d141dfeaf9af9aa092898769399009b3d141dfeaf9af9aa0928
         987693b7009b3d141dfeaf9af9aa0928987693d5009b3d141dfeaf9af9aa0928987693f
         2009b3d141dfeaf9af9aa09289876940f009b3d141dfeaf9af9aa09289876942c009b3d
         141dfeaf9af9aa092898769449009b3d141dfeaf9af9aa092898769465009b3d141dfea
         f9af9aa092898769481009b3d141dfeaf9af9aa09289876949d009b3d141dfeaf9af9aa
         0928987694b9009b3d141dfeaf9af9aa0928987694d4009b3d141dfeaf9af9aa0928987
         694ef009b3d141dfeaf9af9aa09289876950a009b3d141dfeaf9af9aa09289876952500
         9b3d141dfeaf9af9aa092898769540009b3d141dfeaf9af9aa09289876955a009b3d141
         dfeaf9af9aa092898769574009b3d141dfeaf9af9aa09289876958e009b3d141dfeaf9a
         f9aa0928987695a8009b3d141dfeaf9af9aa0928987695c1009b3d141dfeaf9af9aa092
         8987695db009b3d141dfeaf9af9aa0928987695f4009b3d141dfeaf9af9aa0928987696
         0d009b3d141dfeaf9af9aa092898769625009b3d141dfeaf9af9aa09289876963e009b3
         d141dfeaf9af9aa092898769656009b3d141dfeaf9af9aa09289876966e009b3d141dfe
         af9af9aa092898769686009b3d141dfeaf9af9aa09289876969e009b3d141dfeaf9af9a
         a0928987696b5009b3d141dfeaf9af9aa0928987696cc009b3d141dfeaf9af9aa092898
         7696e3009b3d141dfeaf9af9aa0928987696fa009b3d141dfeaf9af9aa0928987697110
         09b3d141dfeaf9af9aa092898769728009b3d141dfeaf9af9aa09289876973e009b3d14
         1dfeaf9af9aa092898769754009b3d141dfeaf9af9aa09289876976a009b3d141dfeaf9
         af9aa092898769780009b3d141dfeaf9af9aa092898769796009b3d141dfeaf9af9aa09
         28987697ab009b3d141dfeaf9af9aa0928987697c0009b3d141dfeaf9af9aa092898769
         7d5009b3d141dfeaf9af9aa0928987697ea009b3d141dfeaf9af9aa0928987697ff009b
         3d141dfeaf9af9aa092898769814009b3d141dfeaf9af9aa092898769828009b3d141df
         eaf9af9aa09289876983c009b3d141dfeaf9af9aa092898769850009b3d141dfeaf9af9
         aa092898769864009b3d141dfeaf9af9aa092898769878009b3d141dfeaf9af9aa09289
         876988c009b3d141dfeaf9af9aa09289876989f009b3d141dfeaf9af9aa0928987698b2
         009b3d141dfeaf9af9aa0928987698c6009b3d141dfeaf9af9aa0928987698d9009b3d1
         41dfeaf9af9aa0928987698eb009b3d141dfeaf9af9aa0928987698fe009b3d141dfeaf
         9af9aa092898769911009b3d141dfeaf9af9aa092898769923009b3d141dfeaf9af9aa0
         92898769935009b3d141dfeaf9af9aa092898769947009b3d141dfeaf9af9aa09289876
         9959009b3d141dfeaf9af9aa09289876996b009b3d141dfeaf9af9aa09289876997c009
         b3d141dfeaf9af9aa09289876998e009b3d141dfeaf9af9aa09289876999f009b3d141d
         feaf9af9aa0928987699b1009b3d141dfeaf9af9aa0928987699c2009b3d141dfeaf9af
         9aa0928987699d2009b3d141dfeaf9af9aa0928987699e3009b3d141dfeaf9af9aa0928
         987699f4009b3d141dfeaf9af9aa092898769a04009b3d141dfeaf9af9aa092898769a1
         5009b3d141dfeaf9af9aa092898769a25009b3d141dfeaf9af9aa092898769a35009b3d
         141dfeaf9af9aa092898769a45009b3d141dfeaf9af9aa092898769a55009b3d141dfea
         f9af9aa092898769a65009b3d141dfeaf9af9aa092898769a74009b3d141dfeaf9af9aa
         092898769a84009b3d141dfeaf9af9aa092898769a93009b3d141dfeaf9af9aa0928987
         69aa2009b3d141dfeaf9af9aa092898769ab1009b3d141dfeaf9af9aa092898769ac000
         9b3d141dfeaf9af9aa092898769acf009b3d141dfeaf9af9aa092898769ade009b3d141
         dfeaf9af9aa092898769aed009b3d141dfeaf9af9aa092898769afb009b3d141dfeaf9a
         f9aa092898769b0a009b3d141dfeaf9af9aa092898769b18009b3d141dfeaf9af9aa092
         898769b26009b3d141dfeaf9af9aa092898769b34009b3d141dfeaf9af9aa092898769b
         42009b3d141dfeaf9af9aa092898769b50009b3d141dfeaf9af9aa092898769b5d009b3
         d141dfeaf9af9aa092898769b6b009b3d141dfeaf9af9aa092898769b78009b3d141dfe
         af9af9aa092898769b86009b3d141dfeaf9af9aa092898769b93009b3d141dfeaf9af9a
         a092898769ba0009b3d141dfeaf9af9aa092898769bad009b3d141dfeaf9af9aa092898
         769bba009b3d141dfeaf9af9aa092898769bc7009b3d141dfeaf9af9aa092898769bd40
         09b3d141dfeaf9af9aa092898769be0009b3d141dfeaf9af9aa092898769bed009b3d14
         1dfeaf9af9aa092898769bf9009b3d141dfeaf9af9aa092898769c06009b3d141dfeaf9
         af9aa092898769c12009b3d141dfeaf9af9aa092898769c1e009b3d141dfeaf9af9aa09
         2898769c2a009b3d141dfeaf9af9aa092898769c36009b3d141dfeaf9af9aa092898769
         c42009b3d141dfeaf9af9aa092898769c4e009b3d141dfeaf9af9aa092898769c59009b
         3d141dfeaf9af9aa092898769c65009b3d141dfeaf9af9aa092898769c70009b3d141df
         eaf9af9aa092898769c7c009b3d141dfeaf9af9aa092898769c87009b3d141dfeaf9af9
         aa092898769c92009b3d141dfeaf9af9aa092898769c9d009b3d141dfeaf9af9aa09289
         8769ca8009b3d141dfeaf9af9aa092898769cb3009b3d141dfeaf9af9aa092898769cbe
         009b3d141dfeaf9af9aa092898769cc9009b3d141dfeaf9af9aa092898769cd3009b3d1
         41dfeaf9af9aa092898769cde009b3d141dfeaf9af9aa092898769ce8009b3d141dfeaf
         9af9aa092898769cf3009b3d141dfeaf9af9aa092898769cfd009b3d141dfeaf9af9aa0
         92898769d07009b3d141dfeaf9af9aa092898769d12009b3d141dfeaf9af9aa09289876
         9d1c009b3d141dfeaf9af9aa092898769d26009b3d141dfeaf9af9aa092898769d2f009
         b3d141dfeaf9af9aa092898769d39009b3d141dfeaf9af9aa092898769d43009b3d141d
         feaf9af9aa092898769d4d009b3d141dfeaf9af9aa092898769d56009b3d141dfeaf9af
         9aa092898769d60009b3d141dfeaf9af9aa092898769d69009b3d141dfeaf9af9aa0928
         98769d73009b3d141dfeaf9af9aa092898769d7c009b3d141dfeaf9af9aa092898769d8
         5009b3d141dfeaf9af9aa092898769d8e009b3d141dfeaf9af9aa092898769d97009b3d
         141dfeaf9af9aa092898769da0009b3d141dfeaf9af9aa092898769da9009b3d141dfea
         f9af9aa092898769db2009b3d141dfeaf9af9aa092898769dbb009b3d141dfeaf9af9aa
         092898769dc4009b3d141dfeaf9af9aa092898769dcc009b3d141dfeaf9af9aa0928987
         69dd5009b3d141dfeaf9af9aa092898769ddd009b3d141dfeaf9af9aa092898769de600
         9b3d141dfeaf9af9aa092898769dee009b3d141dfeaf9af9aa092898769df7009b3d141
         dfeaf9af9aa092898769dff009b3d141dfeaf9af9aa092898769e07009b3d141dfeaf9a
         f9aa092898769e0f009b3d141dfeaf9af9aa092898769e17009b3d141dfeaf9af9aa092
         898769e1f009b3d141dfeaf9af9aa092898769e27009b3d141dfeaf9af9aa092898769e
         2f009b3d141dfeaf9af9aa092898769e37009b3d141dfeaf9af9aa092898769e3e009b3
         d141dfeaf9af9aa092898769e46009b3d141dfeaf9af9aa092898769e4e009b3d141dfe
         af9af9aa092898769e55009b3d141dfeaf9af9aa092898769e5d009b3d141dfeaf9af9a
         a092898769e64009b3d141dfeaf9af9aa092898769e6b009b3d141dfeaf9af9aa092898
         769e73009b3d141dfeaf9af9aa092898769e7a009b3d141dfeaf9af9aa092898769e810
         09b3d141dfeaf9af9aa092898769e88009b3d141dfeaf9af9aa092898769e8f009b3d14
         1dfeaf9af9aa092898769e96009b3d141dfeaf9af9aa092898769e9d009b3d141dfeaf9
         af9aa092898769ea4009b3d141dfeaf9af9aa092898769eab009b3d141dfeaf9af9aa09
         2898769eb2009b3d141dfeaf9af9aa092898769eb9009b3d141dfeaf9af9aa092898769
         ebf009b3d141dfeaf9af9aa092898769ec6009b3d141dfeaf9af9aa092898769ecd009b
         3d141dfeaf9af9aa092898769ed3009b3d141dfeaf9af9aa092898769eda009b3d141df
         eaf9af9aa092898769ee0009b3d141dfeaf9af9aa092898769ee6009b3d141dfeaf9af9
         aa092898769eed009b3d141dfeaf9af9aa092898769ef3009b3d141dfeaf9af9aa09289
         8769ef9009b3d141dfeaf9af9aa092898769eff009b3d141dfeaf9af9aa092898769f05
         009b3d141dfeaf9af9aa092898769f0c009b3d141dfeaf9af9aa092898769f12009b3d1
         41dfeaf9af9aa092898769f18009b3d141dfeaf9af9aa092898769f1e009b3d141dfeaf
         9af9aa092898769f23009b3d141dfeaf9af9aa092898769f29009b3d141dfeaf9af9aa0
         92898769f2f009b3d141dfeaf9af9aa092898769f35009b3d141dfeaf9af9aa09289876
         9f3b009b3d141dfeaf9af9aa092898769f40009b3d141dfeaf9af9aa092898769f46009
         b3d141dfeaf9af9aa092898769f4b009b3d141dfeaf9af9aa092898769f51009b3d141d
         feaf9af9aa092898769f56009b3d141dfeaf9af9aa092898769f5c009b3d141dfeaf9af
         9aa092898769f61009b3d141dfeaf9af9aa092898769f67009b3d141dfeaf9af9aa0928
         98769f6c009b3d141dfeaf9af9aa092898769f71009b3d141dfeaf9af9aa092898769f7
         6009b3d141dfeaf9af9aa092898769f7c009b3d141dfeaf9af9aa092898769f81009b3d
         141dfeaf9af9aa092898769f86009b3d141dfeaf9af9aa092898769f8b009b3d141dfea
         f9af9aa092898769f90009b3d141dfeaf9af9aa092898769f95009b3d141dfeaf9af9aa
         092898769f9a009b3d141dfeaf9af9aa092898769f9f009b3d141dfeaf9af9aa0928987
         69fa4009b3d141dfeaf9af9aa092898769fa8009b3d141dfeaf9af9aa092898769fad00
         9b3d141dfeaf9af9aa092898769fb2009b3d141dfeaf9af9aa092898769fb7009b3d141
         dfeaf9af9aa092898769fbb009b3d141dfeaf9af9aa092898769fc0009b3d141dfeaf9a
         f9aa092898769fc5009b3d141dfeaf9af9aa092898769fc9009b3d141dfeaf9af9aa092
         898769fce009b3d141dfeaf9af9aa092898769fd2009b3d141dfeaf9af9aa092898769f
         d7009b3d141dfeaf9af9aa092898769fdb009b3d141dfeaf9af9aa092898769fdf009b3
         d141dfeaf9af9aa092898769fe4009b3d141dfeaf9af9aa092898769fe8009b3d141dfe
         af9af9aa092898769fec009b3d141dfeaf9af9aa092898769ff1009b3d141dfeaf9af9a
         a092898769ff5009b3d141dfeaf9af9aa092898769ff9009b3d141dfeaf9af9aa092898
         769ffd009b3d141dfeaf9af9aa09289876a001009b3d141dfeaf9af9aa09289876a0050
         09b3d141dfeaf9af9aa09289876a00a009b3d141dfeaf9af9aa09289876a00e009b3d14
         1dfeaf9af9aa09289876a012009b3d141dfeaf9af9aa09289876a016009b3d141dfeaf9
         af9aa09289876a019009b3d141dfeaf9af9aa09289876a01d009b3d141dfeaf9af9aa09
         289876a021009b3d141dfeaf9af9aa09289876a025009b3d141dfeaf9af9aa09289876a
         029009b3d141dfeaf9af9aa09289876a02d009b3d141dfeaf9af9aa09289876a030009b
         3d141dfeaf9af9aa09289876a034009b3d141dfeaf9af9aa09289876a038009b3d141df
         eaf9af9aa09289876a03b009b3d141dfeaf9af9aa09289876a03f009b3d141dfeaf9af9
         aa09289876a043009b3d141dfeaf9af9aa09289876a046009b3d141dfeaf9af9aa09289
         876a04a009b3d141dfeaf9af9aa09289876a04d009b3d141dfeaf9af9aa09289876a051
         009b3d141dfeaf9af9aa09289876a054009b3d141dfeaf9af9aa09289876a058009b3d1
         41dfeaf9af9aa09289876a05b009b3d141dfeaf9af9aa09289876a05f009b3d141dfeaf
         9af9aa09289876a062009b3d141dfeaf9af9aa09289876a065009b3d141dfeaf9af9aa0
         9289876a069009b3d141dfeaf9af9aa09289876a06c009b3d141dfeaf9af9aa09289876
         a06f009b3d141dfeaf9af9aa09289876a072009b3d141dfeaf9af9aa09289876a076009
         b3d141dfeaf9af9aa09289876a079009b3d141dfeaf9af9aa09289876a07c009b3d141d
         feaf9af9aa09289876a07f009b3d141dfeaf9af9aa09289876a082009b3d141dfeaf9af
         9aa09289876a085009b3d141dfeaf9af9aa09289876a088009b3d141dfeaf9af9aa0928
         9876a08b009b3d141dfeaf9af9aa09289876a08e009b3d141dfeaf9af9aa09289876a09
         1009b3d141dfeaf9af9aa09289876a094009b3d141dfeaf9af9aa09289876a097009b3d
         141dfeaf9af9aa09289876a09a009b3d141dfeaf9af9aa09289876a09d009b3d141dfea
         f9af9aa09289876a0a0009b3d141dfeaf9af9aa09289876a0a3009b3d141dfeaf9af9aa
         09289876a0a6009b3d141dfeaf9af9aa09289876a0a8009b3d141dfeaf9af9aa0928987
         6a0ab009b3d141dfeaf9af9aa09289876a0ae009b3d141dfeaf9af9aa09289876a0b100
         9b3d141dfeaf9af9aa09289876a0b3009b3d141dfeaf9af9aa09289876a0b6009b3d141
         dfeaf9af9aa09289876a0b9009b3d141dfeaf9af9aa09289876a0bb009b3d141dfeaf9a
         f9aa09289876a0be009b3d141dfeaf9af9aa09289876a0c1009b3d141dfeaf9af9aa092
         89876a0c3009b3d141dfeaf9af9aa09289876a0c6009b3d141dfeaf9af9aa09289876a0
         c8009b3d141dfeaf9af9aa09289876a0cb009b3d141dfeaf9af9aa09289876a0cd009b3
         d141dfeaf9af9aa09289876a0d0009b3d141dfeaf9af9aa09289876a0d2009b3d141dfe
         af9af9aa09289876a0d5009b3d141dfeaf9af9aa09289876a0d7009b3d141dfeaf9af9a
         a09289876a0da009b3d141dfeaf9af9aa09289876a0dc009b3d141dfeaf9af9aa092898
         76a0de009b3d141dfeaf9af9aa09289876a0e1009b3d141dfeaf9af9aa09289876a0e30
         09b3d141dfeaf9af9aa09289876a0e5009b3d141dfeaf9af9aa09289876a0e8009b3d14
         1dfeaf9af9aa09289876a0ea009b3d141dfeaf9af9aa09289876a0ec009b3d141dfeaf9
         af9aa09289876a0ef009b3d141dfeaf9af9aa09289876a0f1009b3d141dfeaf9af9aa09
         289876a0f3009b3d141dfeaf9af9aa09289876a0f5009b3d141dfeaf9af9aa09289876a
         0f7009b3d141dfeaf9af9aa09289876a0fa009b3d141dfeaf9af9aa09289876a0fc009b
         3d141dfeaf9af9aa09289876a0fe009b3d141dfeaf9af9aa09289876a100009b3d141df
         eaf9af9aa09289876a102009b3d141dfeaf9af9aa09289876a104009b3d141dfeaf9af9
         aa09289876a106009b3d141dfeaf9af9aa09289876a108009b3d141dfeaf9af9aa09289
         876a10a009b3d141dfeaf9af9aa09289876a10c009b3d141dfeaf9af9aa09289876a10e
         009b3d141dfeaf9af9aa09289876a110009b3d141dfeaf9af9aa09289876a112009b3d1
         41dfeaf9af9aa09289876a114009b3d141dfeaf9af9aa09289876a116009b3d141dfeaf
         9af9aa09289876a118009b3d141dfeaf9af9aa09289876a11a009b3d141dfeaf9af9aa0
         9289876a11c009b3d141dfeaf9af9aa09289876a11e009b3d141dfeaf9af9aa09289876
         a120009b3d141dfeaf9af9aa09289876a122009b3d141dfeaf9af9aa09289876a123009
         b3d141dfeaf9af9aa09289876a125009b3d141dfeaf9af9aa09289876a127009b3d141d
         feaf9af9aa09289876a129009b3d141dfeaf9af9aa09289876a12b009b3d141dfeaf9af
         9aa09289876a12c009b3d141dfeaf9af9aa09289876a12e009b3d141dfeaf9af9aa0928
         9876a130009b3d141dfeaf9af9aa09289876a132009b3d141dfeaf9af9aa09289876a13
         3009b3d141dfeaf9af9aa09289876a135009b3d141dfeaf9af9aa09289876a137009b3d
         141dfeaf9af9aa09289876a138009b3d141dfeaf9af9aa09289876a13a009b3d141dfea
         f9af9aa09289876a13c009b3d141dfeaf9af9aa09289876a13d009b3d141dfeaf9af9aa
         09289876a13f009b3d141dfeaf9af9aa09289876a141009b3d141dfeaf9af9aa0928987
         6a142009b3d141dfeaf9af9aa09289876a144009b3d141dfeaf9af9aa09289876a14500
         9b3d141dfeaf9af9aa09289876a147009b3d141dfeaf9af9aa09289876a149009b3d141
         dfeaf9af9aa09289876a14a009b3d141dfeaf9af9aa09289876a14c009b3d141dfeaf9a
         f9aa09289876a14d009b3d141dfeaf9af9aa09289876a14f009b3d141dfeaf9af9aa092
         89876a150009b3d141dfeaf9af9aa09289876a152009b3d141dfeaf9af9aa09289876a1
         53009b3d141dfeaf9af9aa09289876a155009b3d141dfeaf9af9aa09289876a156009b3
         d141dfeaf9af9aa09289876a157009b3d141dfeaf9af9aa09289876a159009b3d141dfe
         af9af9aa09289876a15a009b3d141dfeaf9af9aa09289876a15c009b3d141dfeaf9af9a
         a09289876a15d009b3d141dfeaf9af9aa09289876a15e009b3d141dfeaf9af9aa092898
         76a160009b3d141dfeaf9af9aa09289876a161009b3d141dfeaf9af9aa09289876a1630
         09b3d141dfeaf9af9aa09289876a164009b3d141dfeaf9af9aa09289876a165009b3d14
         1dfeaf9af9aa09289876a167009b3d141dfeaf9af9aa09289876a168009b3d141dfeaf9
         af9aa09289876a169009b3d141dfeaf9af9aa09289876a16a009b3d141dfeaf9af9aa09
         289876a16c009b3d141dfeaf9af9aa09289876a16d009b3d141dfeaf9af9aa09289876a
         16e009b3d141dfeaf9af9aa09289876a170009b3d141dfeaf9af9aa09289876a171009b
         3d141dfeaf9af9aa09289876a172009b3d141dfeaf9af9aa09289876a173009b3d141df
         eaf9af9aa09289876a174009b3d141dfeaf9af9aa09289876a176009b3d141dfeaf9af9
         aa09289876a177009b3d141dfeaf9af9aa09289876a178009b3d141dfeaf9af9aa09289
         876a179009b3d141dfeaf9af9aa09289876a17a009b3d141dfeaf9af9aa09289876a17c
         009b3d141dfeaf9af9aa09289876a17d009b3d141dfeaf9af9aa09289876a17e009b3d1
         41dfeaf9af9aa09289876a17f009b3d141dfeaf9af9aa09289876a180009b3d141dfeaf
         9af9aa09289876a181009b3d141dfeaf9af9aa09289876a182009b3d141dfeaf9af9aa0
         9289876a183009b3d141dfeaf9af9aa09289876a185009b3d141dfeaf9af9aa09289876
         a186009b3d141dfeaf9af9aa09289876a187009b3d141dfeaf9af9aa09289876a188009
         b3d141dfeaf9af9aa09289876a189009b3d141dfeaf9af9aa09289876a18a009b3d141d
         feaf9af9aa09289876a18b009b3d141dfeaf9af9aa09289876a18c009b3d141dfeaf9af
         9aa09289876a18d009b3d141dfeaf9af9aa09289876a18e009b3d141dfeaf9af9aa0928
         9876a18f009b3d141dfeaf9af9aa09289876a190009b3d141dfeaf9af9aa09289876a19
         1009b3d141dfeaf9af9aa09289876a192009b3d141dfeaf9af9aa09289876a193009b3d
         141dfeaf9af9aa09289876a194009b3d141dfeaf9af9aa09289876a195009b3d141dfea
         f9af9aa09289876a196009b3d141dfeaf9af9aa09289876a197009b3d141dfeaf9af9aa
         09289876a198009b3d141dfeaf9af9aa09289876a199009b3d141dfeaf9af9aa0928987
         6a19a009b3d141dfeaf9af9aa09289876a19b009b3d141dfeaf9af9aa09289876a19b00
         9b3d141dfeaf9af9aa09289876a19c009b3d141dfeaf9af9aa09289876a19d009b3d141
         dfeaf9af9aa09289876a19e009b3d141dfeaf9af9aa09289876a19f009b3d141dfeaf9a
         f9aa09289876a1a0009b3d141dfeaf9af9aa09289876a1a1009b3d141dfeaf9af9aa092
         89876a1a2009b3d141dfeaf9af9aa09289876a1a2009b3d141dfeaf9af9aa09289876a1
         a3009b3d141dfeaf9af9aa09289876a1a4009b3d141dfeaf9af9aa09289876a1a5009b3
         d141dfeaf9af9aa09289876a1a6009b3d141dfeaf9af9aa09289876a1a7009b3d141dfe
         af9af9aa09289876a1a8009b3d141dfeaf9af9aa09289876a1a8009b3d141dfeaf9af9a
         a09289876a1a9009b3d141dfeaf9af9aa09289876a1aa009b3d141dfeaf9af9aa092898
         76a1ab009b3d141dfeaf9af9aa09289876a1ac009b3d141dfeaf9af9aa09289876a1ac0
         09b3d141dfeaf9af9aa09289876a1ad009b3d141dfeaf9af9aa09289876a1ae009b3d14
         1dfeaf9af9aa09289876a1af009b3d141dfeaf9af9aa09289876a1af009b3d141dfeaf9
         af9aa09289876a1b0009b3d141dfeaf9af9aa09289876a1b1009b3d141dfeaf9af9aa09
         289876a1b2009b3d141dfeaf9af9aa09289876a1b2009b3d141dfeaf9af9aa09289876a
         1b3009b3d141dfeaf9af9aa09289876a1b4009b3d141dfeaf9af9aa09289876a1b5009b
         3d141dfeaf9af9aa09289876a1b5009b3d141dfeaf9af9aa09289876a1b6009b3d141df
         eaf9af9aa09289876a1b7009b3d141dfeaf9af9aa09289876a1b7009b3d141dfeaf9af9
         aa09289876a1b8009b3d141dfeaf9af9aa09289876a1b9009b3d141dfeaf9af9aa09289
         876a1b9009b3d141dfeaf9af9aa09289876a1ba009b3d141dfeaf9af9aa09289876a1bb
         009b3d141dfeaf9af9aa09289876a1bc009b3d141dfeaf9af9aa09289876a1bc009b3d1
         41dfeaf9af9aa09289876a1bd009b3d141dfeaf9af9aa09289876a1be009b3d141dfeaf
         9af9aa09289876a1be009b3d141dfeaf9af9aa09289876a1bf009b3d141dfeaf9af9aa0
         9289876a1bf009b3d141dfeaf9af9aa09289876a1c0009b3d141dfeaf9af9aa09289876
         a1c1009b3d141dfeaf9af9aa09289876a1c1009b3d141dfeaf9af9aa09289876a1c2009
         b3d141dfeaf9af9aa09289876a1c3009b3d141dfeaf9af9aa09289876a1c3009b3d141d
         feaf9af9aa09289876a1c4009b3d141dfeaf9af9aa09289876a1c4009b3d141dfeaf9af
         9aa09289876a1c5009b3d141dfeaf9af9aa09289876a1c6009b3d141dfeaf9af9aa0928
         9876a1c6009b3d141dfeaf9af9aa09289876a1c7009b3d141dfeaf9af9aa09289876a1c
         7009b3d141dfeaf9af9aa09289876a1c8009b3d141dfeaf9af9aa09289876a1c8009b3d
         141dfeaf9af9aa09289876a1c9009b3d141dfeaf9af9aa09289876a1ca009b3d141dfea
         f9af9aa09289876a1ca009b3d141dfeaf9af9aa09289876a1cb009b3d141dfeaf9af9aa
         09289876a1cb009b3d141dfeaf9af9aa09289876a1cc009b3d141dfeaf9af9aa0928987
         6a1cc009b3d141dfeaf9af9aa09289876a1cd009b3d141dfeaf9af9aa09289876a1cd00
         9b3d141dfeaf9af9aa09289876a1ce009b3d141dfeaf9af9aa09289876a1ce009b3d141
         dfeaf9af9aa09289876a1cf009b3d141dfeaf9af9aa09289876a1d0009b3d141dfeaf9a
         f9aa09289876a1d0009b3d141dfeaf9af9aa09289876a1d1009b3d141dfeaf9af9aa092
         89876a1d1009b3d141dfeaf9af9aa09289876a1d2009b3d141dfeaf9af9aa09289876a1
         d2009b3d141dfeaf9af9aa09289876a1d3009b3d141dfeaf9af9aa09289876a1d3009b3
         d141dfeaf9af9aa09289876a1d4009b3d141dfeaf9af9aa09289876a1d4009b3d141dfe
         af9af9aa09289876a1d5009b3d141dfeaf9af9aa09289876a1d5009b3d141dfeaf9af9a
         a09289876a1d5009b3d141dfeaf9af9aa09289876a1d6009b3d141dfeaf9af9aa092898
         76a1d6009b3d141dfeaf9af9aa09289876a1d7009b3d141dfeaf9af9aa09289876a1d70
         09b3d141dfeaf9af9aa09289876a1d8009b3d141dfeaf9af9aa09289876a1d8009b3d14
         1dfeaf9af9aa09289876a1d9009b3d141dfeaf9af9aa09289876a1d9009b3d141dfeaf9
         af9aa09289876a1da009b3d141dfeaf9af9aa09289876a1da009b3d141dfeaf9af9aa09
         289876a1da009b3d141dfeaf9af9aa09289876a1db009b3d141dfeaf9af9aa09289876a
         1db009b3d141dfeaf9af9aa09289876a1dc009b3d141dfeaf9af9aa09289876a1dc009b
         3d141dfeaf9af9aa09289876a1dd009b3d141dfeaf9af9aa09289876a1dd009b3d141df
         eaf9af9aa09289876a1dd009b3d141dfeaf9af9aa09289876a1de009b3d141dfeaf9af9
         aa09289876a1de009b3d141dfeaf9af9aa09289876a1df009b3d141dfeaf9af9aa09289
         876a1df009b3d141dfeaf9af9aa09289876a1df009b3d141dfeaf9af9aa09289876a1e0
         009b3d141dfeaf9af9aa09289876a1e0009b3d141dfeaf9af9aa09289876a1e1009b3d1
         41dfeaf9af9aa09289876a1e1009b3d141dfeaf9af9aa09289876a1e1009b3d141dfeaf
         9af9aa09289876a1e2009b3d141dfeaf9af9aa09289876a1e2009b3d141dfeaf9af9aa0
         9289876a1e2009b3d141dfeaf9af9aa09289876a1e3009b3d141dfeaf9af9aa09289876
         a1e3009b3d141dfeaf9af9aa09289876a1e4009b3d141dfeaf9af9aa09289876a1e4009
         b3d141dfeaf9af9aa09289876a1e4009b3d141dfeaf9af9aa09289876a1e5009b3d141d
         feaf9af9aa09289876a1e5009b3d141dfeaf9af9aa09289876a1e5009b3d141dfeaf9af
         9aa09289876a1e6009b3d141dfeaf9af9aa09289876a1e6009b3d141dfeaf9af9aa0928
         9876a1e6009b3d141dfeaf9af9aa09289876a1e7009b3d141dfeaf9af9aa09289876a1e
         7009b3d141dfeaf9af9aa09289876a1e7009b3d141dfeaf9af9aa09289876a1e8009b3d
         141dfeaf9af9aa09289876a1e8009b3d141dfeaf9af9aa09289876a1e8009b3d141dfea
         f9af9aa09289876a1e9009b3d141dfeaf9af9aa09289876a1e9009b3d141dfeaf9af9aa
         09289876a1e9009b3d141dfeaf9af9aa09289876a1ea009b3d141dfeaf9af9aa0928987
         6a1ea009b3d141dfeaf9af9aa09289876a1ea009b3d141dfeaf9af9aa09289876a1eb00
         9b3d141dfeaf9af9aa09289876a1eb009b3d141dfeaf9af9aa09289876a1eb009b3d141
         dfeaf9af9aa09289876a1ec009b3d141dfeaf9af9aa09289876a1ec009b3d141dfeaf9a
         f9aa09289876a1ec009b3d141dfeaf9af9aa09289876a1ed009b3d141dfeaf9af9aa092
         89876a1ed009b3d141dfeaf9af9aa09289876a1ed009b3d141dfeaf9af9aa09289876a1
         ed009b3d141dfeaf9af9aa09289876a1ee009b3d141dfeaf9af9aa09289876a1ee009b3
         d141dfeaf9af9aa09289876a1ee009b3d141dfeaf9af9aa09289876a1ef009b3d141dfe
         af9af9aa09289876a1ef009b3d141dfeaf9af9aa09289876a1ef009b3d141dfeaf9af9a
         a09289876a1ef009b3d141dfeaf9af9aa09289876a1f0009b3d141dfeaf9af9aa092898
         76a1f0009b3d141dfeaf9af9aa09289876a1f0009b3d141dfeaf9af9aa09289876a1f10
         09b3d141dfeaf9af9aa09289876a1f1009b3d141dfeaf9af9aa09289876a1f1009b3d14
         1dfeaf9af9aa09289876a1f1009b3d141dfeaf9af9aa09289876a1f2009b3d141dfeaf9
         af9aa09289876a1f2009b3d141dfeaf9af9aa09289876a1f2009b3d141dfeaf9af9aa09
         289876a1f2009b3d141dfeaf9af9aa09289876a1f3009b3d141dfeaf9af9aa09289876a
         1f3009b3d141dfeaf9af9aa09289876a1f3009b3d141dfeaf9af9aa09289876a1f3009b
         3d141dfeaf9af9aa09289876a1f4009b3d141dfeaf9af9aa09289876a1f4009b3d141df
         eaf9af9aa09289876a1f4009b3d141dfeaf9af9aa09289876a1f4009b3d141dfeaf9af9
         aa09289876a1f5009b3d141dfeaf9af9aa09289876a1f5009b3d141dfeaf9af9aa09289
         876a1f5009b3d141dfeaf9af9aa09289876a1f5009b3d141dfeaf9af9aa09289876a1f6
         009b3d141dfeaf9af9aa09289876a1f6009b3d141dfeaf9af9aa09289876a1f6009b3d1
         41dfeaf9af9aa09289876a1f6009b3d141dfeaf9af9aa09289876a1f6009b3d141dfeaf
         9af9aa09289876a1f7009b3d141dfeaf9af9aa09289876a1f7009b3d141dfeaf9af9aa0
         9289876a1f7009b3d141dfeaf9af9aa09289876a1f7009b3d141dfeaf9af9aa09289876
         a1f8009b3d141dfeaf9af9aa09289876a1f8009b3d141dfeaf9af9aa09289876a1f8009
         b3d141dfeaf9af9aa09289876a1f8009b3d141dfeaf9af9aa09289876a1f8009b3d141d
         feaf9af9aa09289876a1f9009b3d141dfeaf9af9aa09289876a1f9009b3d141dfeaf9af
         9aa09289876a1f9009b3d141dfeaf9af9aa09289876a1f9009b3d141dfeaf9af9aa0928
         9876a1f9009b3d141dfeaf9af9aa09289876a1fa009b3d141dfeaf9af9aa09289876a1f
         a009b3d141dfeaf9af9aa09289876a1fa009b3d141dfeaf9af9aa09289876a1fa009b3d
         141dfeaf9af9aa09289876a1fa009b3d141dfeaf9af9aa09289876a1fb009b3d141dfea
         f9af9aa09289876a1fb009b3d141dfeaf9af9aa09289876a1fb009b3d141dfeaf9af9aa
         09289876a1fb009b3d141dfeaf9af9aa09289876a1fb009b3d141dfeaf9af9aa0928987
         6a1fc009b3d141dfeaf9af9aa09289876a1fc009b3d141dfeaf9af9aa09289876a1fc00
         9b3d141dfeaf9af9aa09289876a1fc009b3d141dfeaf9af9aa09289876a1fc009b3d141
         dfeaf9af9aa09289876a1fd009b3d141dfeaf9af9aa09289876a1fd009b3d141dfeaf9a
         f9aa09289876a1fd009b3d141dfeaf9af9aa09289876a1fd009b3d141dfeaf9af9aa092
         89876a1fd009b3d141dfeaf9af9aa09289876a1fd009b3d141dfeaf9af9aa09289876a1
         fe009b3d141dfeaf9af9aa09289876a1fe009b3d141dfeaf9af9aa09289876a1fe     
[31m[ERROR][0m check_buyout_supply_monotone(uint112) (paths: 18, time: 6.28s, bounds: [])
WARNING  Encountered NotConcreteError: symbolic EXTCODECOPY offset:             
         +(0x00000000000000000000000000000000000000000000000000000000000042a9,  
         Concat(+(0x000000000000000000000000000000000000000000000000000000000000
         0102, Extract(0xfd, 0x02,                                              
         +(0xfffffffffffffffffffffffffffffffffffffffffffffffffffffffffffffe00,  
         f_evm_bvudiv_256(Concat(0x000000000000000000000000000000000000,        
         Extract(0x6f, 0x00, p_spend_uint112_ce4d0ed_00), 0x00),                
         0x000000000000000000000000000000000000000000000033c5499031720c0000)))),
         0x00))                                                                 
         (see https://github.com/a16z/halmos/wiki/warnings#internal-error)      
WARNING  Encountered NotConcreteError: symbolic EXTCODECOPY offset:             
         +(0xffffffffffffffffffffffffffffffffffffffffffffffffffffffffffffecc1,  
         Concat(+(0x000000000000000000000000000000000000000000000000000000000000
         0102, Extract(0xfd, 0x02,                                              
         +(0xfffffffffffffffffffffffffffffffffffffffffffffffffffffffffffffe00,  
         f_evm_bvudiv_256(Concat(0x000000000000000000000000000000000000,        
         Extract(0x6f, 0x00, p_spend_uint112_ce4d0ed_00), 0x00),                
         0x000000000000000000000000000000000000000000000033c5499031720c0000)))),
         0x00))                                                                 
         (see https://github.com/a16z/halmos/wiki/warnings#internal-error)      
WARNING  Encountered NotConcreteError: symbolic EXTCODECOPY offset:             
         +(0xffffffffffffffffffffffffffffffffffffffffffffffffffffffffffff96d1,  
         Concat(+(0x000000000000000000000000000000000000000000000000000000000000
         0102, Extract(0xfd, 0x02,                                              
         +(0xfffffffffffffffffffffffffffffffffffffffffffffffffffffffffffffe00,  
         f_evm_bvudiv_256(Concat(0x000000000000000000000000000000000000,        
         Extract(0x6f, 0x00, p_spend_uint112_ce4d0ed_00), 0x00),                
         0x000000000000000000000000000000000000000000000033c5499031720c0000)))),
         0x00))                                                                 
         (see https://github.com/a16z/halmos/wiki/warnings#internal-error)      
WARNING  Encountered NotConcreteError: symbolic EXTCODECOPY offset:             
         +(0xffffffffffffffffffffffffffffffffffffffffffffffffffffffffffff40e1,  
         Concat(+(0x000000000000000000000000000000000000000000000000000000000000
         0102, Extract(0xfd, 0x02,                                              
         +(0xfffffffffffffffffffffffffffffffffffffffffffffffffffffffffffffe00,  
         f_evm_bvudiv_256(Concat(0x000000000000000000000000000000000000,        
         Extract(0x6f, 0x00, p_spend_uint112_ce4d0ed_00), 0x00),                
         0x000000000000000000000000000000000000000000000033c5499031720c0000)))),
         0x00))                                                                 
         (see https://github.com/a16z/halmos/wiki/warnings#internal-error)      
WARNING  Encountered NotConcreteError: symbolic EXTCODECOPY offset:             
         +(0x00000000000000000000000000000000000000000000000000000000000042a9,  
         Concat(+(0x000000000000000000000000000000000000000000000000000000000000
         0102, Extract(0xfd, 0x02,                                              
         +(0xfffffffffffffffffffffffffffffffffffffffffffffffffffffffffffffe00,  
         f_evm_bvudiv_256(Concat(0x000000000000000000000000000000000000,        
         Extract(0x6f, 0x00, p_spend_uint112_ce4d0ed_00), 0x00),                
         0x000000000000000000000000000000000000000000000033c5499031720c0000)))),
         0x00))                                                                 
         (see https://github.com/a16z/halmos/wiki/warnings#internal-error)      
WARNING  Encountered NotConcreteError: symbolic EXTCODECOPY offset:             
         +(0xffffffffffffffffffffffffffffffffffffffffffffffffffffffffffff40e1,  
         Concat(+(0x000000000000000000000000000000000000000000000000000000000000
         0102, Extract(0xfd, 0x02,                                              
         +(0xfffffffffffffffffffffffffffffffffffffffffffffffffffffffffffffe00,  
         f_evm_bvudiv_256(Concat(0x000000000000000000000000000000000000,        
         Extract(0x6f, 0x00, p_spend_uint112_ce4d0ed_00), 0x00),                
         0x000000000000000000000000000000000000000000000033c5499031720c0000)))),
         0x00))                                                                 
         (see https://github.com/a16z/halmos/wiki/warnings#internal-error)      
WARNING  Encountered NotConcreteError: symbolic EXTCODECOPY offset:             
         +(0x00000000000000000000000000000000000000000000000000000000000042a9,  
         Concat(+(0x000000000000000000000000000000000000000000000000000000000000
         0004, Extract(0xfc, 0x01,                                              
         +(0xfffffffffffffffffffffffffffffffffffffffffffffffffffffffffffffffc,  
         f_evm_bvudiv_256(Concat(0x000000000000000000000000000000000000,        
         Extract(0x6f, 0x00, p_spend_uint112_ce4d0ed_00), 0x00),                
         0x000000000000000000000000000000000000000000000033c5499031720c0000)))),
         0x00))                                                                 
         (see https://github.com/a16z/halmos/wiki/warnings#internal-error)      
WARNING  Encountered NotConcreteError: symbolic EXTCODECOPY offset:             
         +(0x00000000000000000000000000000000000000000000000000000000000042a9,  
         Concat(+(0x000000000000000000000000000000000000000000000000000000000000
         0004, Extract(0xfc, 0x01,                                              
         +(0xfffffffffffffffffffffffffffffffffffffffffffffffffffffffffffffffc,  
         f_evm_bvudiv_256(Concat(0x000000000000000000000000000000000000,        
         Extract(0x6f, 0x00, p_spend_uint112_ce4d0ed_00), 0x00),                
         0x000000000000000000000000000000000000000000000033c5499031720c0000)))),
         0x00))                                                                 
         (see https://github.com/a16z/halmos/wiki/warnings#internal-error)      
WARNING  Encountered NotConcreteError: symbolic EXTCODECOPY offset:             
         +(0x00000000000000000000000000000000000000000000000000000000000042a9,  
         Concat(Extract(0xfb, 0x00,                                             
         f_evm_bvudiv_256(Concat(0x000000000000000000000000000000000000,        
         Extract(0x6f, 0x00, p_spend_uint112_ce4d0ed_00), 0x00),                
         0x000000000000000000000000000000000000000000000033c5499031720c0000)),  
         0x00))                                                                 
         (see https://github.com/a16z/halmos/wiki/warnings#internal-error)      
Symbolic test result: 0 passed; 1 failed; time: 8.17s
